ISO-10303-21;
HEADER;
/* Generated by software containing ST-Developer
 * from STEP Tools, Inc. (www.steptools.com) 
 */
/* OPTION: using custom schema-name function */

FILE_DESCRIPTION(
/* description */ (''),
/* implementation_level */ '2;1');

FILE_NAME(
/* name */ 'Ecolux_Hoofstation_V2.stp',
/* time_stamp */ '2026-06-07T12:28:37+02:00',
/* author */ (''),
/* organization */ (''),
/* preprocessor_version */ 'ST-DEVELOPER v20',
/* originating_system */ 'SIEMENS PLM Software NX2506.4001',
/* authorisation */ '');

FILE_SCHEMA (('AUTOMOTIVE_DESIGN { 1 0 10303 214 3 1 1 1 }'));
ENDSEC;

DATA;
#10=PROPERTY_DEFINITION_REPRESENTATION(#14,#12);
#11=PROPERTY_DEFINITION_REPRESENTATION(#15,#13);
#12=REPRESENTATION('',(#16),#8416);
#13=REPRESENTATION('',(#17),#8416);
#14=PROPERTY_DEFINITION('pmi validation property','',#21);
#15=PROPERTY_DEFINITION('pmi validation property','',#21);
#16=VALUE_REPRESENTATION_ITEM('number of annotations',COUNT_MEASURE(0.));
#17=VALUE_REPRESENTATION_ITEM('number of views',COUNT_MEASURE(0.));
#18=SHAPE_REPRESENTATION_RELATIONSHIP('None',
'relationship between EcoLux_Hoofdstation_Assembly_objects-None and Ec
oLux_Hoofdstation_Assembly_objects-None',#30,#19);
#19=ADVANCED_BREP_SHAPE_REPRESENTATION(
'EcoLux_Hoofdstation_Assembly_objects-None',(#40),#8416);
#20=SHAPE_DEFINITION_REPRESENTATION(#21,#30);
#21=PRODUCT_DEFINITION_SHAPE('','',#22);
#22=PRODUCT_DEFINITION(' ','',#24,#23);
#23=PRODUCT_DEFINITION_CONTEXT('part definition',#29,'design');
#24=PRODUCT_DEFINITION_FORMATION_WITH_SPECIFIED_SOURCE(' ',' ',#26,
 .NOT_KNOWN.);
#25=PRODUCT_RELATED_PRODUCT_CATEGORY('part','',(#26));
#26=PRODUCT('EcoLux_Hoofdstation_Assembly_objects',
'EcoLux_Hoofdstation_Assembly_objects',' ',(#27));
#27=PRODUCT_CONTEXT(' ',#29,'mechanical');
#28=APPLICATION_PROTOCOL_DEFINITION('international standard',
'automotive_design',2010,#29);
#29=APPLICATION_CONTEXT(
'core data for automotive mechanical design processes');
#30=SHAPE_REPRESENTATION('EcoLux_Hoofdstation_Assembly_objects-None',(#2030),
#8416);
#31=PRESENTATION_LAYER_ASSIGNMENT('1','Layer 1',(#40));
#32=STYLED_ITEM('',(#33),#40);
#33=PRESENTATION_STYLE_ASSIGNMENT((#34));
#34=SURFACE_STYLE_USAGE(.BOTH.,#35);
#35=SURFACE_SIDE_STYLE('',(#36));
#36=SURFACE_STYLE_FILL_AREA(#37);
#37=FILL_AREA_STYLE('',(#38));
#38=FILL_AREA_STYLE_COLOUR('',#39);
#39=COLOUR_RGB('medium steel',0.596078431372549,0.666666666666667,0.686274509803922);
#40=MANIFOLD_SOLID_BREP('',#41);
#41=CLOSED_SHELL('',(#275,#276,#277,#278,#279,#280,#281,#282,#283,#284,
#285,#286,#287,#288,#289,#290,#291,#292,#293,#294,#295,#296,#297,#298,#299,
#300,#301,#302,#303,#304,#305,#306,#307,#308,#309,#310,#311,#312,#313,#314,
#315,#316,#317,#318,#319,#320,#321,#322,#323,#324,#325,#326,#327,#328,#329,
#330,#331,#332,#333,#334,#335,#336,#337,#338,#339,#340,#341,#342,#343,#344,
#345,#346,#347,#348,#349,#350,#351,#352,#353,#354,#355,#356,#357,#358,#359,
#360,#361,#362,#363,#364,#365,#366,#367,#368,#369,#370,#371,#372,#373,#374,
#375,#376,#377,#378,#379,#380,#381,#382,#383,#384,#385,#386,#387,#388,#389));
#42=B_SPLINE_SURFACE_WITH_KNOTS('',3,3,((#4062,#4063,#4064,#4065,#4066,
#4067,#4068,#4069,#4070,#4071,#4072,#4073,#4074),(#4075,#4076,#4077,#4078,
#4079,#4080,#4081,#4082,#4083,#4084,#4085,#4086,#4087),(#4088,#4089,#4090,
#4091,#4092,#4093,#4094,#4095,#4096,#4097,#4098,#4099,#4100),(#4101,#4102,
#4103,#4104,#4105,#4106,#4107,#4108,#4109,#4110,#4111,#4112,#4113)),
 .UNSPECIFIED.,.F.,.F.,.F.,(4,4),(4,3,3,3,4),(0.,1.),(0.,0.125,0.25,0.5,
1.),.UNSPECIFIED.);
#43=B_SPLINE_SURFACE_WITH_KNOTS('',3,3,((#4118,#4119,#4120,#4121,#4122,
#4123,#4124,#4125,#4126,#4127,#4128,#4129,#4130,#4131,#4132,#4133,#4134,
#4135,#4136,#4137,#4138,#4139,#4140,#4141,#4142,#4143,#4144,#4145,#4146,
#4147,#4148,#4149,#4150,#4151,#4152,#4153,#4154,#4155,#4156,#4157,#4158,
#4159,#4160,#4161,#4162,#4163,#4164,#4165,#4166),(#4167,#4168,#4169,#4170,
#4171,#4172,#4173,#4174,#4175,#4176,#4177,#4178,#4179,#4180,#4181,#4182,
#4183,#4184,#4185,#4186,#4187,#4188,#4189,#4190,#4191,#4192,#4193,#4194,
#4195,#4196,#4197,#4198,#4199,#4200,#4201,#4202,#4203,#4204,#4205,#4206,
#4207,#4208,#4209,#4210,#4211,#4212,#4213,#4214,#4215),(#4216,#4217,#4218,
#4219,#4220,#4221,#4222,#4223,#4224,#4225,#4226,#4227,#4228,#4229,#4230,
#4231,#4232,#4233,#4234,#4235,#4236,#4237,#4238,#4239,#4240,#4241,#4242,
#4243,#4244,#4245,#4246,#4247,#4248,#4249,#4250,#4251,#4252,#4253,#4254,
#4255,#4256,#4257,#4258,#4259,#4260,#4261,#4262,#4263,#4264),(#4265,#4266,
#4267,#4268,#4269,#4270,#4271,#4272,#4273,#4274,#4275,#4276,#4277,#4278,
#4279,#4280,#4281,#4282,#4283,#4284,#4285,#4286,#4287,#4288,#4289,#4290,
#4291,#4292,#4293,#4294,#4295,#4296,#4297,#4298,#4299,#4300,#4301,#4302,
#4303,#4304,#4305,#4306,#4307,#4308,#4309,#4310,#4311,#4312,#4313)),
 .UNSPECIFIED.,.F.,.F.,.F.,(4,4),(4,3,3,3,3,3,3,3,3,3,3,3,3,3,3,3,4),(0.,
1.),(0.,0.0625,0.125,0.1875,0.25,0.3125,0.375,0.4375,0.5,0.5625,0.625,0.6875,
0.75,0.8125,0.875,0.9375,1.),.UNSPECIFIED.);
#44=B_SPLINE_SURFACE_WITH_KNOTS('',3,3,((#4318,#4319,#4320,#4321,#4322,
#4323,#4324,#4325,#4326,#4327,#4328,#4329,#4330,#4331,#4332,#4333,#4334,
#4335,#4336,#4337,#4338,#4339,#4340,#4341,#4342,#4343,#4344,#4345,#4346,
#4347,#4348,#4349,#4350,#4351,#4352,#4353,#4354,#4355,#4356,#4357,#4358,
#4359,#4360,#4361,#4362,#4363,#4364,#4365,#4366,#4367,#4368,#4369,#4370,
#4371,#4372,#4373,#4374,#4375,#4376,#4377,#4378,#4379,#4380,#4381,#4382,
#4383,#4384,#4385,#4386,#4387,#4388,#4389,#4390,#4391,#4392,#4393,#4394,
#4395,#4396,#4397,#4398,#4399,#4400,#4401,#4402,#4403,#4404,#4405,#4406,
#4407,#4408,#4409,#4410,#4411,#4412,#4413,#4414,#4415,#4416,#4417,#4418,
#4419,#4420,#4421,#4422,#4423,#4424,#4425,#4426,#4427,#4428,#4429,#4430,
#4431,#4432,#4433,#4434,#4435),(#4436,#4437,#4438,#4439,#4440,#4441,#4442,
#4443,#4444,#4445,#4446,#4447,#4448,#4449,#4450,#4451,#4452,#4453,#4454,
#4455,#4456,#4457,#4458,#4459,#4460,#4461,#4462,#4463,#4464,#4465,#4466,
#4467,#4468,#4469,#4470,#4471,#4472,#4473,#4474,#4475,#4476,#4477,#4478,
#4479,#4480,#4481,#4482,#4483,#4484,#4485,#4486,#4487,#4488,#4489,#4490,
#4491,#4492,#4493,#4494,#4495,#4496,#4497,#4498,#4499,#4500,#4501,#4502,
#4503,#4504,#4505,#4506,#4507,#4508,#4509,#4510,#4511,#4512,#4513,#4514,
#4515,#4516,#4517,#4518,#4519,#4520,#4521,#4522,#4523,#4524,#4525,#4526,
#4527,#4528,#4529,#4530,#4531,#4532,#4533,#4534,#4535,#4536,#4537,#4538,
#4539,#4540,#4541,#4542,#4543,#4544,#4545,#4546,#4547,#4548,#4549,#4550,
#4551,#4552,#4553),(#4554,#4555,#4556,#4557,#4558,#4559,#4560,#4561,#4562,
#4563,#4564,#4565,#4566,#4567,#4568,#4569,#4570,#4571,#4572,#4573,#4574,
#4575,#4576,#4577,#4578,#4579,#4580,#4581,#4582,#4583,#4584,#4585,#4586,
#4587,#4588,#4589,#4590,#4591,#4592,#4593,#4594,#4595,#4596,#4597,#4598,
#4599,#4600,#4601,#4602,#4603,#4604,#4605,#4606,#4607,#4608,#4609,#4610,
#4611,#4612,#4613,#4614,#4615,#4616,#4617,#4618,#4619,#4620,#4621,#4622,
#4623,#4624,#4625,#4626,#4627,#4628,#4629,#4630,#4631,#4632,#4633,#4634,
#4635,#4636,#4637,#4638,#4639,#4640,#4641,#4642,#4643,#4644,#4645,#4646,
#4647,#4648,#4649,#4650,#4651,#4652,#4653,#4654,#4655,#4656,#4657,#4658,
#4659,#4660,#4661,#4662,#4663,#4664,#4665,#4666,#4667,#4668,#4669,#4670,
#4671),(#4672,#4673,#4674,#4675,#4676,#4677,#4678,#4679,#4680,#4681,#4682,
#4683,#4684,#4685,#4686,#4687,#4688,#4689,#4690,#4691,#4692,#4693,#4694,
#4695,#4696,#4697,#4698,#4699,#4700,#4701,#4702,#4703,#4704,#4705,#4706,
#4707,#4708,#4709,#4710,#4711,#4712,#4713,#4714,#4715,#4716,#4717,#4718,
#4719,#4720,#4721,#4722,#4723,#4724,#4725,#4726,#4727,#4728,#4729,#4730,
#4731,#4732,#4733,#4734,#4735,#4736,#4737,#4738,#4739,#4740,#4741,#4742,
#4743,#4744,#4745,#4746,#4747,#4748,#4749,#4750,#4751,#4752,#4753,#4754,
#4755,#4756,#4757,#4758,#4759,#4760,#4761,#4762,#4763,#4764,#4765,#4766,
#4767,#4768,#4769,#4770,#4771,#4772,#4773,#4774,#4775,#4776,#4777,#4778,
#4779,#4780,#4781,#4782,#4783,#4784,#4785,#4786,#4787,#4788,#4789),(#4790,
#4791,#4792,#4793,#4794,#4795,#4796,#4797,#4798,#4799,#4800,#4801,#4802,
#4803,#4804,#4805,#4806,#4807,#4808,#4809,#4810,#4811,#4812,#4813,#4814,
#4815,#4816,#4817,#4818,#4819,#4820,#4821,#4822,#4823,#4824,#4825,#4826,
#4827,#4828,#4829,#4830,#4831,#4832,#4833,#4834,#4835,#4836,#4837,#4838,
#4839,#4840,#4841,#4842,#4843,#4844,#4845,#4846,#4847,#4848,#4849,#4850,
#4851,#4852,#4853,#4854,#4855,#4856,#4857,#4858,#4859,#4860,#4861,#4862,
#4863,#4864,#4865,#4866,#4867,#4868,#4869,#4870,#4871,#4872,#4873,#4874,
#4875,#4876,#4877,#4878,#4879,#4880,#4881,#4882,#4883,#4884,#4885,#4886,
#4887,#4888,#4889,#4890,#4891,#4892,#4893,#4894,#4895,#4896,#4897,#4898,
#4899,#4900,#4901,#4902,#4903,#4904,#4905,#4906,#4907),(#4908,#4909,#4910,
#4911,#4912,#4913,#4914,#4915,#4916,#4917,#4918,#4919,#4920,#4921,#4922,
#4923,#4924,#4925,#4926,#4927,#4928,#4929,#4930,#4931,#4932,#4933,#4934,
#4935,#4936,#4937,#4938,#4939,#4940,#4941,#4942,#4943,#4944,#4945,#4946,
#4947,#4948,#4949,#4950,#4951,#4952,#4953,#4954,#4955,#4956,#4957,#4958,
#4959,#4960,#4961,#4962,#4963,#4964,#4965,#4966,#4967,#4968,#4969,#4970,
#4971,#4972,#4973,#4974,#4975,#4976,#4977,#4978,#4979,#4980,#4981,#4982,
#4983,#4984,#4985,#4986,#4987,#4988,#4989,#4990,#4991,#4992,#4993,#4994,
#4995,#4996,#4997,#4998,#4999,#5000,#5001,#5002,#5003,#5004,#5005,#5006,
#5007,#5008,#5009,#5010,#5011,#5012,#5013,#5014,#5015,#5016,#5017,#5018,
#5019,#5020,#5021,#5022,#5023,#5024,#5025),(#5026,#5027,#5028,#5029,#5030,
#5031,#5032,#5033,#5034,#5035,#5036,#5037,#5038,#5039,#5040,#5041,#5042,
#5043,#5044,#5045,#5046,#5047,#5048,#5049,#5050,#5051,#5052,#5053,#5054,
#5055,#5056,#5057,#5058,#5059,#5060,#5061,#5062,#5063,#5064,#5065,#5066,
#5067,#5068,#5069,#5070,#5071,#5072,#5073,#5074,#5075,#5076,#5077,#5078,
#5079,#5080,#5081,#5082,#5083,#5084,#5085,#5086,#5087,#5088,#5089,#5090,
#5091,#5092,#5093,#5094,#5095,#5096,#5097,#5098,#5099,#5100,#5101,#5102,
#5103,#5104,#5105,#5106,#5107,#5108,#5109,#5110,#5111,#5112,#5113,#5114,
#5115,#5116,#5117,#5118,#5119,#5120,#5121,#5122,#5123,#5124,#5125,#5126,
#5127,#5128,#5129,#5130,#5131,#5132,#5133,#5134,#5135,#5136,#5137,#5138,
#5139,#5140,#5141,#5142,#5143),(#5144,#5145,#5146,#5147,#5148,#5149,#5150,
#5151,#5152,#5153,#5154,#5155,#5156,#5157,#5158,#5159,#5160,#5161,#5162,
#5163,#5164,#5165,#5166,#5167,#5168,#5169,#5170,#5171,#5172,#5173,#5174,
#5175,#5176,#5177,#5178,#5179,#5180,#5181,#5182,#5183,#5184,#5185,#5186,
#5187,#5188,#5189,#5190,#5191,#5192,#5193,#5194,#5195,#5196,#5197,#5198,
#5199,#5200,#5201,#5202,#5203,#5204,#5205,#5206,#5207,#5208,#5209,#5210,
#5211,#5212,#5213,#5214,#5215,#5216,#5217,#5218,#5219,#5220,#5221,#5222,
#5223,#5224,#5225,#5226,#5227,#5228,#5229,#5230,#5231,#5232,#5233,#5234,
#5235,#5236,#5237,#5238,#5239,#5240,#5241,#5242,#5243,#5244,#5245,#5246,
#5247,#5248,#5249,#5250,#5251,#5252,#5253,#5254,#5255,#5256,#5257,#5258,
#5259,#5260,#5261),(#5262,#5263,#5264,#5265,#5266,#5267,#5268,#5269,#5270,
#5271,#5272,#5273,#5274,#5275,#5276,#5277,#5278,#5279,#5280,#5281,#5282,
#5283,#5284,#5285,#5286,#5287,#5288,#5289,#5290,#5291,#5292,#5293,#5294,
#5295,#5296,#5297,#5298,#5299,#5300,#5301,#5302,#5303,#5304,#5305,#5306,
#5307,#5308,#5309,#5310,#5311,#5312,#5313,#5314,#5315,#5316,#5317,#5318,
#5319,#5320,#5321,#5322,#5323,#5324,#5325,#5326,#5327,#5328,#5329,#5330,
#5331,#5332,#5333,#5334,#5335,#5336,#5337,#5338,#5339,#5340,#5341,#5342,
#5343,#5344,#5345,#5346,#5347,#5348,#5349,#5350,#5351,#5352,#5353,#5354,
#5355,#5356,#5357,#5358,#5359,#5360,#5361,#5362,#5363,#5364,#5365,#5366,
#5367,#5368,#5369,#5370,#5371,#5372,#5373,#5374,#5375,#5376,#5377,#5378,
#5379),(#5380,#5381,#5382,#5383,#5384,#5385,#5386,#5387,#5388,#5389,#5390,
#5391,#5392,#5393,#5394,#5395,#5396,#5397,#5398,#5399,#5400,#5401,#5402,
#5403,#5404,#5405,#5406,#5407,#5408,#5409,#5410,#5411,#5412,#5413,#5414,
#5415,#5416,#5417,#5418,#5419,#5420,#5421,#5422,#5423,#5424,#5425,#5426,
#5427,#5428,#5429,#5430,#5431,#5432,#5433,#5434,#5435,#5436,#5437,#5438,
#5439,#5440,#5441,#5442,#5443,#5444,#5445,#5446,#5447,#5448,#5449,#5450,
#5451,#5452,#5453,#5454,#5455,#5456,#5457,#5458,#5459,#5460,#5461,#5462,
#5463,#5464,#5465,#5466,#5467,#5468,#5469,#5470,#5471,#5472,#5473,#5474,
#5475,#5476,#5477,#5478,#5479,#5480,#5481,#5482,#5483,#5484,#5485,#5486,
#5487,#5488,#5489,#5490,#5491,#5492,#5493,#5494,#5495,#5496,#5497),(#5498,
#5499,#5500,#5501,#5502,#5503,#5504,#5505,#5506,#5507,#5508,#5509,#5510,
#5511,#5512,#5513,#5514,#5515,#5516,#5517,#5518,#5519,#5520,#5521,#5522,
#5523,#5524,#5525,#5526,#5527,#5528,#5529,#5530,#5531,#5532,#5533,#5534,
#5535,#5536,#5537,#5538,#5539,#5540,#5541,#5542,#5543,#5544,#5545,#5546,
#5547,#5548,#5549,#5550,#5551,#5552,#5553,#5554,#5555,#5556,#5557,#5558,
#5559,#5560,#5561,#5562,#5563,#5564,#5565,#5566,#5567,#5568,#5569,#5570,
#5571,#5572,#5573,#5574,#5575,#5576,#5577,#5578,#5579,#5580,#5581,#5582,
#5583,#5584,#5585,#5586,#5587,#5588,#5589,#5590,#5591,#5592,#5593,#5594,
#5595,#5596,#5597,#5598,#5599,#5600,#5601,#5602,#5603,#5604,#5605,#5606,
#5607,#5608,#5609,#5610,#5611,#5612,#5613,#5614,#5615),(#5616,#5617,#5618,
#5619,#5620,#5621,#5622,#5623,#5624,#5625,#5626,#5627,#5628,#5629,#5630,
#5631,#5632,#5633,#5634,#5635,#5636,#5637,#5638,#5639,#5640,#5641,#5642,
#5643,#5644,#5645,#5646,#5647,#5648,#5649,#5650,#5651,#5652,#5653,#5654,
#5655,#5656,#5657,#5658,#5659,#5660,#5661,#5662,#5663,#5664,#5665,#5666,
#5667,#5668,#5669,#5670,#5671,#5672,#5673,#5674,#5675,#5676,#5677,#5678,
#5679,#5680,#5681,#5682,#5683,#5684,#5685,#5686,#5687,#5688,#5689,#5690,
#5691,#5692,#5693,#5694,#5695,#5696,#5697,#5698,#5699,#5700,#5701,#5702,
#5703,#5704,#5705,#5706,#5707,#5708,#5709,#5710,#5711,#5712,#5713,#5714,
#5715,#5716,#5717,#5718,#5719,#5720,#5721,#5722,#5723,#5724,#5725,#5726,
#5727,#5728,#5729,#5730,#5731,#5732,#5733),(#5734,#5735,#5736,#5737,#5738,
#5739,#5740,#5741,#5742,#5743,#5744,#5745,#5746,#5747,#5748,#5749,#5750,
#5751,#5752,#5753,#5754,#5755,#5756,#5757,#5758,#5759,#5760,#5761,#5762,
#5763,#5764,#5765,#5766,#5767,#5768,#5769,#5770,#5771,#5772,#5773,#5774,
#5775,#5776,#5777,#5778,#5779,#5780,#5781,#5782,#5783,#5784,#5785,#5786,
#5787,#5788,#5789,#5790,#5791,#5792,#5793,#5794,#5795,#5796,#5797,#5798,
#5799,#5800,#5801,#5802,#5803,#5804,#5805,#5806,#5807,#5808,#5809,#5810,
#5811,#5812,#5813,#5814,#5815,#5816,#5817,#5818,#5819,#5820,#5821,#5822,
#5823,#5824,#5825,#5826,#5827,#5828,#5829,#5830,#5831,#5832,#5833,#5834,
#5835,#5836,#5837,#5838,#5839,#5840,#5841,#5842,#5843,#5844,#5845,#5846,
#5847,#5848,#5849,#5850,#5851),(#5852,#5853,#5854,#5855,#5856,#5857,#5858,
#5859,#5860,#5861,#5862,#5863,#5864,#5865,#5866,#5867,#5868,#5869,#5870,
#5871,#5872,#5873,#5874,#5875,#5876,#5877,#5878,#5879,#5880,#5881,#5882,
#5883,#5884,#5885,#5886,#5887,#5888,#5889,#5890,#5891,#5892,#5893,#5894,
#5895,#5896,#5897,#5898,#5899,#5900,#5901,#5902,#5903,#5904,#5905,#5906,
#5907,#5908,#5909,#5910,#5911,#5912,#5913,#5914,#5915,#5916,#5917,#5918,
#5919,#5920,#5921,#5922,#5923,#5924,#5925,#5926,#5927,#5928,#5929,#5930,
#5931,#5932,#5933,#5934,#5935,#5936,#5937,#5938,#5939,#5940,#5941,#5942,
#5943,#5944,#5945,#5946,#5947,#5948,#5949,#5950,#5951,#5952,#5953,#5954,
#5955,#5956,#5957,#5958,#5959,#5960,#5961,#5962,#5963,#5964,#5965,#5966,
#5967,#5968,#5969),(#5970,#5971,#5972,#5973,#5974,#5975,#5976,#5977,#5978,
#5979,#5980,#5981,#5982,#5983,#5984,#5985,#5986,#5987,#5988,#5989,#5990,
#5991,#5992,#5993,#5994,#5995,#5996,#5997,#5998,#5999,#6000,#6001,#6002,
#6003,#6004,#6005,#6006,#6007,#6008,#6009,#6010,#6011,#6012,#6013,#6014,
#6015,#6016,#6017,#6018,#6019,#6020,#6021,#6022,#6023,#6024,#6025,#6026,
#6027,#6028,#6029,#6030,#6031,#6032,#6033,#6034,#6035,#6036,#6037,#6038,
#6039,#6040,#6041,#6042,#6043,#6044,#6045,#6046,#6047,#6048,#6049,#6050,
#6051,#6052,#6053,#6054,#6055,#6056,#6057,#6058,#6059,#6060,#6061,#6062,
#6063,#6064,#6065,#6066,#6067,#6068,#6069,#6070,#6071,#6072,#6073,#6074,
#6075,#6076,#6077,#6078,#6079,#6080,#6081,#6082,#6083,#6084,#6085,#6086,
#6087),(#6088,#6089,#6090,#6091,#6092,#6093,#6094,#6095,#6096,#6097,#6098,
#6099,#6100,#6101,#6102,#6103,#6104,#6105,#6106,#6107,#6108,#6109,#6110,
#6111,#6112,#6113,#6114,#6115,#6116,#6117,#6118,#6119,#6120,#6121,#6122,
#6123,#6124,#6125,#6126,#6127,#6128,#6129,#6130,#6131,#6132,#6133,#6134,
#6135,#6136,#6137,#6138,#6139,#6140,#6141,#6142,#6143,#6144,#6145,#6146,
#6147,#6148,#6149,#6150,#6151,#6152,#6153,#6154,#6155,#6156,#6157,#6158,
#6159,#6160,#6161,#6162,#6163,#6164,#6165,#6166,#6167,#6168,#6169,#6170,
#6171,#6172,#6173,#6174,#6175,#6176,#6177,#6178,#6179,#6180,#6181,#6182,
#6183,#6184,#6185,#6186,#6187,#6188,#6189,#6190,#6191,#6192,#6193,#6194,
#6195,#6196,#6197,#6198,#6199,#6200,#6201,#6202,#6203,#6204,#6205),(#6206,
#6207,#6208,#6209,#6210,#6211,#6212,#6213,#6214,#6215,#6216,#6217,#6218,
#6219,#6220,#6221,#6222,#6223,#6224,#6225,#6226,#6227,#6228,#6229,#6230,
#6231,#6232,#6233,#6234,#6235,#6236,#6237,#6238,#6239,#6240,#6241,#6242,
#6243,#6244,#6245,#6246,#6247,#6248,#6249,#6250,#6251,#6252,#6253,#6254,
#6255,#6256,#6257,#6258,#6259,#6260,#6261,#6262,#6263,#6264,#6265,#6266,
#6267,#6268,#6269,#6270,#6271,#6272,#6273,#6274,#6275,#6276,#6277,#6278,
#6279,#6280,#6281,#6282,#6283,#6284,#6285,#6286,#6287,#6288,#6289,#6290,
#6291,#6292,#6293,#6294,#6295,#6296,#6297,#6298,#6299,#6300,#6301,#6302,
#6303,#6304,#6305,#6306,#6307,#6308,#6309,#6310,#6311,#6312,#6313,#6314,
#6315,#6316,#6317,#6318,#6319,#6320,#6321,#6322,#6323),(#6324,#6325,#6326,
#6327,#6328,#6329,#6330,#6331,#6332,#6333,#6334,#6335,#6336,#6337,#6338,
#6339,#6340,#6341,#6342,#6343,#6344,#6345,#6346,#6347,#6348,#6349,#6350,
#6351,#6352,#6353,#6354,#6355,#6356,#6357,#6358,#6359,#6360,#6361,#6362,
#6363,#6364,#6365,#6366,#6367,#6368,#6369,#6370,#6371,#6372,#6373,#6374,
#6375,#6376,#6377,#6378,#6379,#6380,#6381,#6382,#6383,#6384,#6385,#6386,
#6387,#6388,#6389,#6390,#6391,#6392,#6393,#6394,#6395,#6396,#6397,#6398,
#6399,#6400,#6401,#6402,#6403,#6404,#6405,#6406,#6407,#6408,#6409,#6410,
#6411,#6412,#6413,#6414,#6415,#6416,#6417,#6418,#6419,#6420,#6421,#6422,
#6423,#6424,#6425,#6426,#6427,#6428,#6429,#6430,#6431,#6432,#6433,#6434,
#6435,#6436,#6437,#6438,#6439,#6440,#6441),(#6442,#6443,#6444,#6445,#6446,
#6447,#6448,#6449,#6450,#6451,#6452,#6453,#6454,#6455,#6456,#6457,#6458,
#6459,#6460,#6461,#6462,#6463,#6464,#6465,#6466,#6467,#6468,#6469,#6470,
#6471,#6472,#6473,#6474,#6475,#6476,#6477,#6478,#6479,#6480,#6481,#6482,
#6483,#6484,#6485,#6486,#6487,#6488,#6489,#6490,#6491,#6492,#6493,#6494,
#6495,#6496,#6497,#6498,#6499,#6500,#6501,#6502,#6503,#6504,#6505,#6506,
#6507,#6508,#6509,#6510,#6511,#6512,#6513,#6514,#6515,#6516,#6517,#6518,
#6519,#6520,#6521,#6522,#6523,#6524,#6525,#6526,#6527,#6528,#6529,#6530,
#6531,#6532,#6533,#6534,#6535,#6536,#6537,#6538,#6539,#6540,#6541,#6542,
#6543,#6544,#6545,#6546,#6547,#6548,#6549,#6550,#6551,#6552,#6553,#6554,
#6555,#6556,#6557,#6558,#6559),(#6560,#6561,#6562,#6563,#6564,#6565,#6566,
#6567,#6568,#6569,#6570,#6571,#6572,#6573,#6574,#6575,#6576,#6577,#6578,
#6579,#6580,#6581,#6582,#6583,#6584,#6585,#6586,#6587,#6588,#6589,#6590,
#6591,#6592,#6593,#6594,#6595,#6596,#6597,#6598,#6599,#6600,#6601,#6602,
#6603,#6604,#6605,#6606,#6607,#6608,#6609,#6610,#6611,#6612,#6613,#6614,
#6615,#6616,#6617,#6618,#6619,#6620,#6621,#6622,#6623,#6624,#6625,#6626,
#6627,#6628,#6629,#6630,#6631,#6632,#6633,#6634,#6635,#6636,#6637,#6638,
#6639,#6640,#6641,#6642,#6643,#6644,#6645,#6646,#6647,#6648,#6649,#6650,
#6651,#6652,#6653,#6654,#6655,#6656,#6657,#6658,#6659,#6660,#6661,#6662,
#6663,#6664,#6665,#6666,#6667,#6668,#6669,#6670,#6671,#6672,#6673,#6674,
#6675,#6676,#6677),(#6678,#6679,#6680,#6681,#6682,#6683,#6684,#6685,#6686,
#6687,#6688,#6689,#6690,#6691,#6692,#6693,#6694,#6695,#6696,#6697,#6698,
#6699,#6700,#6701,#6702,#6703,#6704,#6705,#6706,#6707,#6708,#6709,#6710,
#6711,#6712,#6713,#6714,#6715,#6716,#6717,#6718,#6719,#6720,#6721,#6722,
#6723,#6724,#6725,#6726,#6727,#6728,#6729,#6730,#6731,#6732,#6733,#6734,
#6735,#6736,#6737,#6738,#6739,#6740,#6741,#6742,#6743,#6744,#6745,#6746,
#6747,#6748,#6749,#6750,#6751,#6752,#6753,#6754,#6755,#6756,#6757,#6758,
#6759,#6760,#6761,#6762,#6763,#6764,#6765,#6766,#6767,#6768,#6769,#6770,
#6771,#6772,#6773,#6774,#6775,#6776,#6777,#6778,#6779,#6780,#6781,#6782,
#6783,#6784,#6785,#6786,#6787,#6788,#6789,#6790,#6791,#6792,#6793,#6794,
#6795),(#6796,#6797,#6798,#6799,#6800,#6801,#6802,#6803,#6804,#6805,#6806,
#6807,#6808,#6809,#6810,#6811,#6812,#6813,#6814,#6815,#6816,#6817,#6818,
#6819,#6820,#6821,#6822,#6823,#6824,#6825,#6826,#6827,#6828,#6829,#6830,
#6831,#6832,#6833,#6834,#6835,#6836,#6837,#6838,#6839,#6840,#6841,#6842,
#6843,#6844,#6845,#6846,#6847,#6848,#6849,#6850,#6851,#6852,#6853,#6854,
#6855,#6856,#6857,#6858,#6859,#6860,#6861,#6862,#6863,#6864,#6865,#6866,
#6867,#6868,#6869,#6870,#6871,#6872,#6873,#6874,#6875,#6876,#6877,#6878,
#6879,#6880,#6881,#6882,#6883,#6884,#6885,#6886,#6887,#6888,#6889,#6890,
#6891,#6892,#6893,#6894,#6895,#6896,#6897,#6898,#6899,#6900,#6901,#6902,
#6903,#6904,#6905,#6906,#6907,#6908,#6909,#6910,#6911,#6912,#6913)),
 .UNSPECIFIED.,.F.,.F.,.F.,(4,3,3,3,3,3,3,4),(4,3,3,3,3,3,3,3,3,3,3,3,3,
3,3,3,3,3,3,3,3,3,3,3,3,3,3,3,3,3,3,3,3,3,3,3,3,3,3,4),(0.,0.125,0.25,0.375,
0.5,0.625,0.75,1.),(0.,0.03125,0.0625,0.09375,0.109375,0.125,0.140625,0.15625,
0.171875,0.1875,0.203125,0.21875,0.25,0.28125,0.3125,0.34375,0.375,0.40625,
0.4375,0.5,0.53125,0.5625,0.625,0.65625,0.6875,0.71875,0.75,0.78125,0.796875,
0.8125,0.828125,0.84375,0.859375,0.875,0.890625,0.90625,0.921875,0.9375,
0.96875,1.),.UNSPECIFIED.);
#45=B_SPLINE_SURFACE_WITH_KNOTS('',3,3,((#6914,#6915,#6916,#6917,#6918,
#6919,#6920,#6921,#6922,#6923,#6924,#6925,#6926,#6927,#6928,#6929),(#6930,
#6931,#6932,#6933,#6934,#6935,#6936,#6937,#6938,#6939,#6940,#6941,#6942,
#6943,#6944,#6945),(#6946,#6947,#6948,#6949,#6950,#6951,#6952,#6953,#6954,
#6955,#6956,#6957,#6958,#6959,#6960,#6961),(#6962,#6963,#6964,#6965,#6966,
#6967,#6968,#6969,#6970,#6971,#6972,#6973,#6974,#6975,#6976,#6977)),
 .UNSPECIFIED.,.F.,.F.,.F.,(4,4),(4,3,3,3,3,4),(0.,1.),(0.,0.5,0.75,0.875,
0.9375,1.),.UNSPECIFIED.);
#46=B_SPLINE_SURFACE_WITH_KNOTS('',5,3,((#7253,#7254,#7255,#7256,#7257,
#7258,#7259,#7260,#7261,#7262,#7263,#7264,#7265),(#7266,#7267,#7268,#7269,
#7270,#7271,#7272,#7273,#7274,#7275,#7276,#7277,#7278),(#7279,#7280,#7281,
#7282,#7283,#7284,#7285,#7286,#7287,#7288,#7289,#7290,#7291),(#7292,#7293,
#7294,#7295,#7296,#7297,#7298,#7299,#7300,#7301,#7302,#7303,#7304),(#7305,
#7306,#7307,#7308,#7309,#7310,#7311,#7312,#7313,#7314,#7315,#7316,#7317),
(#7318,#7319,#7320,#7321,#7322,#7323,#7324,#7325,#7326,#7327,#7328,#7329,
#7330),(#7331,#7332,#7333,#7334,#7335,#7336,#7337,#7338,#7339,#7340,#7341,
#7342,#7343),(#7344,#7345,#7346,#7347,#7348,#7349,#7350,#7351,#7352,#7353,
#7354,#7355,#7356)),.UNSPECIFIED.,.F.,.F.,.F.,(6,2,6),(4,1,1,1,1,1,1,1,
1,1,4),(0.,0.5,1.),(0.,0.0625,0.125,0.1875,0.25,0.3125,0.395833333333333,
0.5,0.625,0.791666666666667,1.),.UNSPECIFIED.);
#47=B_SPLINE_SURFACE_WITH_KNOTS('',5,3,((#7365,#7366,#7367,#7368,#7369,
#7370,#7371,#7372,#7373,#7374,#7375,#7376,#7377,#7378,#7379,#7380,#7381,
#7382,#7383),(#7384,#7385,#7386,#7387,#7388,#7389,#7390,#7391,#7392,#7393,
#7394,#7395,#7396,#7397,#7398,#7399,#7400,#7401,#7402),(#7403,#7404,#7405,
#7406,#7407,#7408,#7409,#7410,#7411,#7412,#7413,#7414,#7415,#7416,#7417,
#7418,#7419,#7420,#7421),(#7422,#7423,#7424,#7425,#7426,#7427,#7428,#7429,
#7430,#7431,#7432,#7433,#7434,#7435,#7436,#7437,#7438,#7439,#7440),(#7441,
#7442,#7443,#7444,#7445,#7446,#7447,#7448,#7449,#7450,#7451,#7452,#7453,
#7454,#7455,#7456,#7457,#7458,#7459),(#7460,#7461,#7462,#7463,#7464,#7465,
#7466,#7467,#7468,#7469,#7470,#7471,#7472,#7473,#7474,#7475,#7476,#7477,
#7478),(#7479,#7480,#7481,#7482,#7483,#7484,#7485,#7486,#7487,#7488,#7489,
#7490,#7491,#7492,#7493,#7494,#7495,#7496,#7497),(#7498,#7499,#7500,#7501,
#7502,#7503,#7504,#7505,#7506,#7507,#7508,#7509,#7510,#7511,#7512,#7513,
#7514,#7515,#7516)),.UNSPECIFIED.,.F.,.F.,.F.,(6,2,6),(4,1,1,1,1,1,1,1,
1,1,1,1,1,1,1,1,4),(0.,0.5,1.),(0.,0.0625,0.125,0.1875,0.25,0.3125,0.375,
0.4375,0.5,0.5625,0.625,0.6875,0.75,0.8125,0.875,0.9375,1.),
 .UNSPECIFIED.);
#48=B_SPLINE_SURFACE_WITH_KNOTS('',5,3,((#7525,#7526,#7527,#7528,#7529,
#7530,#7531,#7532,#7533,#7534,#7535,#7536,#7537,#7538,#7539,#7540,#7541,
#7542,#7543,#7544,#7545,#7546,#7547,#7548,#7549,#7550,#7551,#7552,#7553,
#7554,#7555,#7556,#7557,#7558,#7559,#7560,#7561,#7562,#7563,#7564,#7565,
#7566,#7567,#7568,#7569,#7570,#7571,#7572,#7573,#7574,#7575,#7576,#7577,
#7578,#7579,#7580,#7581,#7582,#7583,#7584,#7585,#7586,#7587,#7588,#7589,
#7590,#7591,#7592,#7593,#7594,#7595,#7596,#7597,#7598,#7599,#7600),(#7601,
#7602,#7603,#7604,#7605,#7606,#7607,#7608,#7609,#7610,#7611,#7612,#7613,
#7614,#7615,#7616,#7617,#7618,#7619,#7620,#7621,#7622,#7623,#7624,#7625,
#7626,#7627,#7628,#7629,#7630,#7631,#7632,#7633,#7634,#7635,#7636,#7637,
#7638,#7639,#7640,#7641,#7642,#7643,#7644,#7645,#7646,#7647,#7648,#7649,
#7650,#7651,#7652,#7653,#7654,#7655,#7656,#7657,#7658,#7659,#7660,#7661,
#7662,#7663,#7664,#7665,#7666,#7667,#7668,#7669,#7670,#7671,#7672,#7673,
#7674,#7675,#7676),(#7677,#7678,#7679,#7680,#7681,#7682,#7683,#7684,#7685,
#7686,#7687,#7688,#7689,#7690,#7691,#7692,#7693,#7694,#7695,#7696,#7697,
#7698,#7699,#7700,#7701,#7702,#7703,#7704,#7705,#7706,#7707,#7708,#7709,
#7710,#7711,#7712,#7713,#7714,#7715,#7716,#7717,#7718,#7719,#7720,#7721,
#7722,#7723,#7724,#7725,#7726,#7727,#7728,#7729,#7730,#7731,#7732,#7733,
#7734,#7735,#7736,#7737,#7738,#7739,#7740,#7741,#7742,#7743,#7744,#7745,
#7746,#7747,#7748,#7749,#7750,#7751,#7752),(#7753,#7754,#7755,#7756,#7757,
#7758,#7759,#7760,#7761,#7762,#7763,#7764,#7765,#7766,#7767,#7768,#7769,
#7770,#7771,#7772,#7773,#7774,#7775,#7776,#7777,#7778,#7779,#7780,#7781,
#7782,#7783,#7784,#7785,#7786,#7787,#7788,#7789,#7790,#7791,#7792,#7793,
#7794,#7795,#7796,#7797,#7798,#7799,#7800,#7801,#7802,#7803,#7804,#7805,
#7806,#7807,#7808,#7809,#7810,#7811,#7812,#7813,#7814,#7815,#7816,#7817,
#7818,#7819,#7820,#7821,#7822,#7823,#7824,#7825,#7826,#7827,#7828),(#7829,
#7830,#7831,#7832,#7833,#7834,#7835,#7836,#7837,#7838,#7839,#7840,#7841,
#7842,#7843,#7844,#7845,#7846,#7847,#7848,#7849,#7850,#7851,#7852,#7853,
#7854,#7855,#7856,#7857,#7858,#7859,#7860,#7861,#7862,#7863,#7864,#7865,
#7866,#7867,#7868,#7869,#7870,#7871,#7872,#7873,#7874,#7875,#7876,#7877,
#7878,#7879,#7880,#7881,#7882,#7883,#7884,#7885,#7886,#7887,#7888,#7889,
#7890,#7891,#7892,#7893,#7894,#7895,#7896,#7897,#7898,#7899,#7900,#7901,
#7902,#7903,#7904),(#7905,#7906,#7907,#7908,#7909,#7910,#7911,#7912,#7913,
#7914,#7915,#7916,#7917,#7918,#7919,#7920,#7921,#7922,#7923,#7924,#7925,
#7926,#7927,#7928,#7929,#7930,#7931,#7932,#7933,#7934,#7935,#7936,#7937,
#7938,#7939,#7940,#7941,#7942,#7943,#7944,#7945,#7946,#7947,#7948,#7949,
#7950,#7951,#7952,#7953,#7954,#7955,#7956,#7957,#7958,#7959,#7960,#7961,
#7962,#7963,#7964,#7965,#7966,#7967,#7968,#7969,#7970,#7971,#7972,#7973,
#7974,#7975,#7976,#7977,#7978,#7979,#7980),(#7981,#7982,#7983,#7984,#7985,
#7986,#7987,#7988,#7989,#7990,#7991,#7992,#7993,#7994,#7995,#7996,#7997,
#7998,#7999,#8000,#8001,#8002,#8003,#8004,#8005,#8006,#8007,#8008,#8009,
#8010,#8011,#8012,#8013,#8014,#8015,#8016,#8017,#8018,#8019,#8020,#8021,
#8022,#8023,#8024,#8025,#8026,#8027,#8028,#8029,#8030,#8031,#8032,#8033,
#8034,#8035,#8036,#8037,#8038,#8039,#8040,#8041,#8042,#8043,#8044,#8045,
#8046,#8047,#8048,#8049,#8050,#8051,#8052,#8053,#8054,#8055,#8056),(#8057,
#8058,#8059,#8060,#8061,#8062,#8063,#8064,#8065,#8066,#8067,#8068,#8069,
#8070,#8071,#8072,#8073,#8074,#8075,#8076,#8077,#8078,#8079,#8080,#8081,
#8082,#8083,#8084,#8085,#8086,#8087,#8088,#8089,#8090,#8091,#8092,#8093,
#8094,#8095,#8096,#8097,#8098,#8099,#8100,#8101,#8102,#8103,#8104,#8105,
#8106,#8107,#8108,#8109,#8110,#8111,#8112,#8113,#8114,#8115,#8116,#8117,
#8118,#8119,#8120,#8121,#8122,#8123,#8124,#8125,#8126,#8127,#8128,#8129,
#8130,#8131,#8132)),.UNSPECIFIED.,.F.,.F.,.F.,(6,2,6),(4,1,1,1,1,1,1,1,
1,1,1,1,1,1,1,1,1,1,1,1,1,1,1,1,1,1,1,1,1,1,1,1,1,1,1,1,1,1,1,1,1,1,1,1,
1,1,1,1,1,1,1,1,1,1,1,1,1,1,1,1,1,1,1,1,1,1,1,1,1,1,1,1,1,4),(0.,0.5,1.),
(0.,0.015625,0.03125,0.0442708333333333,0.0546875,0.0625,0.0703125,0.078125,
0.0859375,0.09375,0.1015625,0.109375,0.1171875,0.125,0.1328125,0.143229166666667,
0.15625,0.171875,0.184895833333333,0.1953125,0.205729166666667,0.21875,
0.231770833333333,0.2421875,0.252604166666667,0.265625,0.28125,0.296875,
0.3125,0.328125,0.348958333333333,0.375,0.401041666666667,0.421875,0.442708333333333,
0.46875,0.5,0.526041666666667,0.546875,0.5625,0.578125,0.598958333333333,
0.619791666666667,0.640625,0.65625,0.671875,0.692708333333333,0.713541666666667,
0.734375,0.75,0.765625,0.78125,0.796875,0.809895833333333,0.8203125,0.828125,
0.8359375,0.84375,0.8515625,0.859375,0.8671875,0.875,0.8828125,0.890625,
0.8984375,0.90625,0.9140625,0.921875,0.9296875,0.940104166666667,0.953125,
0.96875,0.984375,1.),.UNSPECIFIED.);
#49=B_SPLINE_SURFACE_WITH_KNOTS('',5,3,((#8133,#8134,#8135,#8136,#8137,
#8138,#8139,#8140,#8141,#8142,#8143,#8144),(#8145,#8146,#8147,#8148,#8149,
#8150,#8151,#8152,#8153,#8154,#8155,#8156),(#8157,#8158,#8159,#8160,#8161,
#8162,#8163,#8164,#8165,#8166,#8167,#8168),(#8169,#8170,#8171,#8172,#8173,
#8174,#8175,#8176,#8177,#8178,#8179,#8180),(#8181,#8182,#8183,#8184,#8185,
#8186,#8187,#8188,#8189,#8190,#8191,#8192),(#8193,#8194,#8195,#8196,#8197,
#8198,#8199,#8200,#8201,#8202,#8203,#8204),(#8205,#8206,#8207,#8208,#8209,
#8210,#8211,#8212,#8213,#8214,#8215,#8216),(#8217,#8218,#8219,#8220,#8221,
#8222,#8223,#8224,#8225,#8226,#8227,#8228)),.UNSPECIFIED.,.F.,.F.,.F.,(6,
2,6),(4,1,1,1,1,1,1,1,1,4),(0.,0.5,1.),(0.,0.208333333333333,0.375,0.5,
0.625,0.729166666666667,0.8125,0.875,0.9375,1.),.UNSPECIFIED.);
#50=TOROIDAL_SURFACE('',#2084,23.,1.);
#51=TOROIDAL_SURFACE('',#2087,78.,1.);
#52=TOROIDAL_SURFACE('',#2089,23.,1.);
#53=TOROIDAL_SURFACE('',#2144,23.,3.);
#54=TOROIDAL_SURFACE('',#2147,78.,3.);
#55=TOROIDAL_SURFACE('',#2149,23.,3.);
#56=CYLINDRICAL_SURFACE('',#2059,22.);
#57=CYLINDRICAL_SURFACE('',#2063,22.);
#58=CYLINDRICAL_SURFACE('',#2076,77.);
#59=CYLINDRICAL_SURFACE('',#2081,1.);
#60=CYLINDRICAL_SURFACE('',#2090,18.);
#61=CYLINDRICAL_SURFACE('',#2091,18.);
#62=CYLINDRICAL_SURFACE('',#2099,79.5);
#63=CYLINDRICAL_SURFACE('',#2105,77.);
#64=CYLINDRICAL_SURFACE('',#2106,22.);
#65=CYLINDRICAL_SURFACE('',#2107,22.);
#66=CYLINDRICAL_SURFACE('',#2113,32.5);
#67=CYLINDRICAL_SURFACE('',#2115,20.5);
#68=CYLINDRICAL_SURFACE('',#2119,20.);
#69=CYLINDRICAL_SURFACE('',#2123,20.);
#70=CYLINDRICAL_SURFACE('',#2136,75.);
#71=CYLINDRICAL_SURFACE('',#2141,3.);
#72=CYLINDRICAL_SURFACE('',#2150,20.);
#73=CYLINDRICAL_SURFACE('',#2151,20.);
#74=CYLINDRICAL_SURFACE('',#2163,77.5);
#75=CYLINDRICAL_SURFACE('',#2169,75.);
#76=CYLINDRICAL_SURFACE('',#2170,20.);
#77=CYLINDRICAL_SURFACE('',#2171,20.);
#78=CYLINDRICAL_SURFACE('',#2173,32.5);
#79=CYLINDRICAL_SURFACE('',#2182,32.5);
#80=CYLINDRICAL_SURFACE('',#2188,32.5);
#81=CYLINDRICAL_SURFACE('',#2190,32.5);
#82=CYLINDRICAL_SURFACE('',#2196,32.5);
#83=CYLINDRICAL_SURFACE('',#2201,20.5);
#84=CYLINDRICAL_SURFACE('',#2202,20.5);
#85=CYLINDRICAL_SURFACE('',#2205,110.);
#86=CYLINDRICAL_SURFACE('',#2206,110.);
#87=CYLINDRICAL_SURFACE('',#2207,110.);
#88=CYLINDRICAL_SURFACE('',#2208,15.);
#89=CYLINDRICAL_SURFACE('',#2224,20.);
#90=CYLINDRICAL_SURFACE('',#2225,20.);
#91=CYLINDRICAL_SURFACE('',#2226,5.);
#92=CYLINDRICAL_SURFACE('',#2227,5.);
#93=CYLINDRICAL_SURFACE('',#2228,5.);
#94=CYLINDRICAL_SURFACE('',#2229,5.);
#95=SURFACE_OF_REVOLUTION('',#216,#96);
#96=AXIS1_PLACEMENT('',#3860,#2328);
#97=(
BOUNDED_CURVE()
B_SPLINE_CURVE(3,(#3537,#3538,#3539,#3540,#3541,#3542,#3543),
 .UNSPECIFIED.,.F.,.F.)
B_SPLINE_CURVE_WITH_KNOTS((4,3,4),(0.,0.5,1.),.UNSPECIFIED.)
CURVE()
GEOMETRIC_REPRESENTATION_ITEM()
RATIONAL_B_SPLINE_CURVE((1.,0.657319194874786,0.657319194874786,1.,0.657319194874786,
0.657319194874786,1.))
REPRESENTATION_ITEM('')
);
#98=(
BOUNDED_SURFACE()
B_SPLINE_SURFACE(3,3,((#3299,#3300,#3301,#3302,#3303,#3304,#3305),(#3306,
#3307,#3308,#3309,#3310,#3311,#3312),(#3313,#3314,#3315,#3316,#3317,#3318,
#3319),(#3320,#3321,#3322,#3323,#3324,#3325,#3326),(#3327,#3328,#3329,#3330,
#3331,#3332,#3333),(#3334,#3335,#3336,#3337,#3338,#3339,#3340),(#3341,#3342,
#3343,#3344,#3345,#3346,#3347),(#3348,#3349,#3350,#3351,#3352,#3353,#3354),
(#3355,#3356,#3357,#3358,#3359,#3360,#3361),(#3362,#3363,#3364,#3365,#3366,
#3367,#3368),(#3369,#3370,#3371,#3372,#3373,#3374,#3375),(#3376,#3377,#3378,
#3379,#3380,#3381,#3382),(#3383,#3384,#3385,#3386,#3387,#3388,#3389),(#3390,
#3391,#3392,#3393,#3394,#3395,#3396),(#3397,#3398,#3399,#3400,#3401,#3402,
#3403),(#3404,#3405,#3406,#3407,#3408,#3409,#3410),(#3411,#3412,#3413,#3414,
#3415,#3416,#3417),(#3418,#3419,#3420,#3421,#3422,#3423,#3424),(#3425,#3426,
#3427,#3428,#3429,#3430,#3431),(#3432,#3433,#3434,#3435,#3436,#3437,#3438),
(#3439,#3440,#3441,#3442,#3443,#3444,#3445),(#3446,#3447,#3448,#3449,#3450,
#3451,#3452),(#3453,#3454,#3455,#3456,#3457,#3458,#3459),(#3460,#3461,#3462,
#3463,#3464,#3465,#3466),(#3467,#3468,#3469,#3470,#3471,#3472,#3473),(#3474,
#3475,#3476,#3477,#3478,#3479,#3480),(#3481,#3482,#3483,#3484,#3485,#3486,
#3487),(#3488,#3489,#3490,#3491,#3492,#3493,#3494),(#3495,#3496,#3497,#3498,
#3499,#3500,#3501),(#3502,#3503,#3504,#3505,#3506,#3507,#3508),(#3509,#3510,
#3511,#3512,#3513,#3514,#3515),(#3516,#3517,#3518,#3519,#3520,#3521,#3522),
(#3523,#3524,#3525,#3526,#3527,#3528,#3529),(#3530,#3531,#3532,#3533,#3534,
#3535,#3536)),.UNSPECIFIED.,.F.,.T.,.F.)
B_SPLINE_SURFACE_WITH_KNOTS((4,2,2,2,2,2,2,2,2,2,2,2,2,2,2,2,4),(1,3,3,
3,1),(0.,0.0312500000000001,0.0625000000000002,0.0937500000000002,0.125,
0.1875,0.25,0.3125,0.375,0.499999999999999,0.624999999999999,0.687499999999999,
0.749999999999999,0.8125,0.875,0.9375,1.),(-0.5,0.,0.5,1.,1.5),
 .UNSPECIFIED.)
GEOMETRIC_REPRESENTATION_ITEM()
RATIONAL_B_SPLINE_SURFACE(((1.,0.333333333333333,0.333333333333333,1.,0.333333333333333,
0.333333333333333,1.),(1.,0.333333333333333,0.333333333333333,1.,0.333333333333333,
0.333333333333333,1.),(1.,0.333333333333333,0.333333333333333,1.,0.333333333333333,
0.333333333333333,1.),(1.,0.333333333333333,0.333333333333333,1.,0.333333333333333,
0.333333333333333,1.),(1.,0.333333333333333,0.333333333333333,1.,0.333333333333333,
0.333333333333333,1.),(1.,0.333333333333333,0.333333333333333,1.,0.333333333333333,
0.333333333333333,1.),(1.,0.333333333333333,0.333333333333333,1.,0.333333333333333,
0.333333333333333,1.),(1.,0.333333333333333,0.333333333333333,1.,0.333333333333333,
0.333333333333333,1.),(1.,0.333333333333333,0.333333333333333,1.,0.333333333333333,
0.333333333333333,1.),(1.,0.333333333333333,0.333333333333333,1.,0.333333333333333,
0.333333333333333,1.),(1.,0.333333333333333,0.333333333333333,1.,0.333333333333333,
0.333333333333333,1.),(1.,0.333333333333333,0.333333333333333,1.,0.333333333333333,
0.333333333333333,1.),(1.,0.333333333333333,0.333333333333333,1.,0.333333333333333,
0.333333333333333,1.),(1.,0.333333333333333,0.333333333333333,1.,0.333333333333333,
0.333333333333333,1.),(1.,0.333333333333333,0.333333333333333,1.,0.333333333333333,
0.333333333333333,1.),(1.,0.333333333333333,0.333333333333333,1.,0.333333333333333,
0.333333333333333,1.),(1.,0.333333333333333,0.333333333333333,1.,0.333333333333333,
0.333333333333333,1.),(1.,0.333333333333333,0.333333333333333,1.,0.333333333333333,
0.333333333333333,1.),(1.,0.333333333333333,0.333333333333333,1.,0.333333333333333,
0.333333333333333,1.),(1.,0.333333333333333,0.333333333333333,1.,0.333333333333333,
0.333333333333333,1.),(1.,0.333333333333333,0.333333333333333,1.,0.333333333333333,
0.333333333333333,1.),(1.,0.333333333333333,0.333333333333333,1.,0.333333333333333,
0.333333333333333,1.),(1.,0.333333333333333,0.333333333333333,1.,0.333333333333333,
0.333333333333333,1.),(1.,0.333333333333333,0.333333333333333,1.,0.333333333333333,
0.333333333333333,1.),(1.,0.333333333333333,0.333333333333333,1.,0.333333333333333,
0.333333333333333,1.),(1.,0.333333333333333,0.333333333333333,1.,0.333333333333333,
0.333333333333333,1.),(1.,0.333333333333333,0.333333333333333,1.,0.333333333333333,
0.333333333333333,1.),(1.,0.333333333333333,0.333333333333333,1.,0.333333333333333,
0.333333333333333,1.),(1.,0.333333333333333,0.333333333333333,1.,0.333333333333333,
0.333333333333333,1.),(1.,0.333333333333333,0.333333333333333,1.,0.333333333333333,
0.333333333333333,1.),(1.,0.333333333333333,0.333333333333333,1.,0.333333333333333,
0.333333333333333,1.),(1.,0.333333333333333,0.333333333333333,1.,0.333333333333333,
0.333333333333333,1.),(1.,0.333333333333333,0.333333333333333,1.,0.333333333333333,
0.333333333333333,1.),(1.,0.333333333333333,0.333333333333333,1.,0.333333333333333,
0.333333333333333,1.)))
REPRESENTATION_ITEM('')
SURFACE()
);
#99=(
BOUNDED_SURFACE()
B_SPLINE_SURFACE(3,2,((#3952,#3953,#3954),(#3955,#3956,#3957),(#3958,#3959,
#3960),(#3961,#3962,#3963)),.UNSPECIFIED.,.F.,.F.,.F.)
B_SPLINE_SURFACE_WITH_KNOTS((4,4),(3,3),(0.,1.),(0.,1.),.UNSPECIFIED.)
GEOMETRIC_REPRESENTATION_ITEM()
RATIONAL_B_SPLINE_SURFACE(((1.,0.555210036834224,1.),(1.,0.553039803380917,
1.),(1.,0.551935582038686,1.),(1.,0.551936985312058,1.)))
REPRESENTATION_ITEM('')
SURFACE()
);
#100=(
BOUNDED_SURFACE()
B_SPLINE_SURFACE(3,2,((#3970,#3971,#3972),(#3973,#3974,#3975),(#3976,#3977,
#3978),(#3979,#3980,#3981)),.UNSPECIFIED.,.F.,.F.,.F.)
B_SPLINE_SURFACE_WITH_KNOTS((4,4),(3,3),(0.,1.),(0.,1.),.UNSPECIFIED.)
GEOMETRIC_REPRESENTATION_ITEM()
RATIONAL_B_SPLINE_SURFACE(((1.,0.551936985312058,1.),(1.,0.551936985312058,
1.),(1.,0.555210036834223,1.),(1.,0.555210036834223,1.)))
REPRESENTATION_ITEM('')
SURFACE()
);
#101=(
BOUNDED_SURFACE()
B_SPLINE_SURFACE(3,2,((#4003,#4004,#4005),(#4006,#4007,#4008),(#4009,#4010,
#4011),(#4012,#4013,#4014),(#4015,#4016,#4017),(#4018,#4019,#4020)),
 .UNSPECIFIED.,.F.,.F.,.F.)
B_SPLINE_SURFACE_WITH_KNOTS((4,2,4),(3,3),(0.,0.5,1.),(0.,1.),
 .UNSPECIFIED.)
GEOMETRIC_REPRESENTATION_ITEM()
RATIONAL_B_SPLINE_SURFACE(((1.,0.707106781186548,1.),(1.,0.682997128673282,
1.),(1.,0.652380690898709,1.),(1.,0.596149707223209,1.),(1.,0.570635982991699,
1.),(1.,0.555210036834222,1.)))
REPRESENTATION_ITEM('')
SURFACE()
);
#102=(
BOUNDED_SURFACE()
B_SPLINE_SURFACE(3,2,((#4036,#4037,#4038),(#4039,#4040,#4041),(#4042,#4043,
#4044),(#4045,#4046,#4047),(#4048,#4049,#4050),(#4051,#4052,#4053)),
 .UNSPECIFIED.,.F.,.F.,.F.)
B_SPLINE_SURFACE_WITH_KNOTS((4,2,4),(3,3),(0.,0.5,1.),(0.,1.),
 .UNSPECIFIED.)
GEOMETRIC_REPRESENTATION_ITEM()
RATIONAL_B_SPLINE_SURFACE(((1.,0.555210036834224,1.),(1.,0.570429676757063,
1.),(1.,0.596094125395582,1.),(1.,0.652643394841714,1.),(1.,0.682345001309798,
1.),(1.,0.707106781186548,1.)))
REPRESENTATION_ITEM('')
SURFACE()
);
#103=(
BOUNDED_SURFACE()
B_SPLINE_SURFACE(3,2,((#7117,#7118,#7119),(#7120,#7121,#7122),(#7123,#7124,
#7125),(#7126,#7127,#7128)),.UNSPECIFIED.,.F.,.F.,.F.)
B_SPLINE_SURFACE_WITH_KNOTS((4,4),(3,3),(0.,1.),(0.,1.),.UNSPECIFIED.)
GEOMETRIC_REPRESENTATION_ITEM()
RATIONAL_B_SPLINE_SURFACE(((1.,0.551936985312058,1.),(1.,0.551935582038687,
1.),(1.,0.553039803380916,1.),(1.,0.555210036834224,1.)))
REPRESENTATION_ITEM('')
SURFACE()
);
#104=(
BOUNDED_SURFACE()
B_SPLINE_SURFACE(3,2,((#7135,#7136,#7137),(#7138,#7139,#7140),(#7141,#7142,
#7143),(#7144,#7145,#7146)),.UNSPECIFIED.,.F.,.F.,.F.)
B_SPLINE_SURFACE_WITH_KNOTS((4,4),(3,3),(0.,1.),(0.,1.),.UNSPECIFIED.)
GEOMETRIC_REPRESENTATION_ITEM()
RATIONAL_B_SPLINE_SURFACE(((1.,0.555210036834224,1.),(1.,0.553039803380916,
1.),(1.,0.551935582038688,1.),(1.,0.551936985312058,1.)))
REPRESENTATION_ITEM('')
SURFACE()
);
#105=(
BOUNDED_SURFACE()
B_SPLINE_SURFACE(3,2,((#7177,#7178,#7179),(#7180,#7181,#7182),(#7183,#7184,
#7185),(#7186,#7187,#7188),(#7189,#7190,#7191),(#7192,#7193,#7194)),
 .UNSPECIFIED.,.F.,.F.,.F.)
B_SPLINE_SURFACE_WITH_KNOTS((4,2,4),(3,3),(0.,0.5,1.),(0.,1.),
 .UNSPECIFIED.)
GEOMETRIC_REPRESENTATION_ITEM()
RATIONAL_B_SPLINE_SURFACE(((1.,0.555210036834223,1.),(1.,0.570635982992486,
1.),(1.,0.596149707222159,1.),(1.,0.652380690899759,1.),(1.,0.682997128672492,
1.),(1.,0.707106781186548,1.)))
REPRESENTATION_ITEM('')
SURFACE()
);
#106=(
BOUNDED_SURFACE()
B_SPLINE_SURFACE(3,2,((#7219,#7220,#7221),(#7222,#7223,#7224),(#7225,#7226,
#7227),(#7228,#7229,#7230),(#7231,#7232,#7233),(#7234,#7235,#7236)),
 .UNSPECIFIED.,.F.,.F.,.F.)
B_SPLINE_SURFACE_WITH_KNOTS((4,2,4),(3,3),(0.,0.5,1.),(0.,1.),
 .UNSPECIFIED.)
GEOMETRIC_REPRESENTATION_ITEM()
RATIONAL_B_SPLINE_SURFACE(((1.,0.707106781186548,1.),(1.,0.682345001311779,
1.),(1.,0.652643394839075,1.),(1.,0.59609412539822,1.),(1.,0.57042967675508,
1.),(1.,0.555210036834224,1.)))
REPRESENTATION_ITEM('')
SURFACE()
);
#107=CIRCLE('',#2039,5.);
#108=CIRCLE('',#2040,5.);
#109=CIRCLE('',#2041,5.);
#110=CIRCLE('',#2042,5.);
#111=CIRCLE('',#2044,5.);
#112=CIRCLE('',#2045,5.);
#113=CIRCLE('',#2047,5.);
#114=CIRCLE('',#2048,5.);
#115=CIRCLE('',#2050,110.);
#116=CIRCLE('',#2051,110.);
#117=CIRCLE('',#2052,110.);
#118=CIRCLE('',#2053,110.);
#119=CIRCLE('',#2054,110.);
#120=CIRCLE('',#2055,110.);
#121=CIRCLE('',#2057,22.);
#122=CIRCLE('',#2058,22.);
#123=CIRCLE('',#2060,22.);
#124=CIRCLE('',#2062,22.);
#125=CIRCLE('',#2064,23.);
#126=CIRCLE('',#2065,78.);
#127=CIRCLE('',#2066,23.);
#128=CIRCLE('',#2071,15.);
#129=CIRCLE('',#2074,77.);
#130=CIRCLE('',#2075,77.);
#131=CIRCLE('',#2078,1.);
#132=CIRCLE('',#2079,1.);
#133=CIRCLE('',#2080,1.);
#134=CIRCLE('',#2082,1.);
#135=CIRCLE('',#2083,1.);
#136=CIRCLE('',#2085,1.);
#137=CIRCLE('',#2086,1.);
#138=CIRCLE('',#2088,1.);
#139=CIRCLE('',#2092,79.5);
#140=CIRCLE('',#2094,79.5);
#141=CIRCLE('',#2095,77.);
#142=CIRCLE('',#2096,22.);
#143=CIRCLE('',#2097,22.);
#144=CIRCLE('',#2100,77.);
#145=CIRCLE('',#2101,22.);
#146=CIRCLE('',#2102,22.);
#147=CIRCLE('',#2108,20.5);
#148=CIRCLE('',#2109,110.);
#149=CIRCLE('',#2110,32.5);
#150=CIRCLE('',#2111,110.);
#151=CIRCLE('',#2114,20.5);
#152=CIRCLE('',#2116,20.);
#153=CIRCLE('',#2117,20.);
#154=CIRCLE('',#2120,20.);
#155=CIRCLE('',#2122,20.);
#156=CIRCLE('',#2124,23.);
#157=CIRCLE('',#2125,78.);
#158=CIRCLE('',#2126,23.);
#159=CIRCLE('',#2131,15.);
#160=CIRCLE('',#2134,75.);
#161=CIRCLE('',#2135,75.);
#162=CIRCLE('',#2138,3.);
#163=CIRCLE('',#2139,3.);
#164=CIRCLE('',#2140,3.);
#165=CIRCLE('',#2142,3.);
#166=CIRCLE('',#2143,3.);
#167=CIRCLE('',#2145,3.);
#168=CIRCLE('',#2146,3.);
#169=CIRCLE('',#2148,3.);
#170=CIRCLE('',#2152,20.);
#171=CIRCLE('',#2153,77.5);
#172=CIRCLE('',#2154,20.);
#173=CIRCLE('',#2156,20.);
#174=CIRCLE('',#2157,75.);
#175=CIRCLE('',#2158,20.);
#176=CIRCLE('',#2159,20.);
#177=CIRCLE('',#2160,77.5);
#178=CIRCLE('',#2161,20.);
#179=CIRCLE('',#2164,75.);
#180=CIRCLE('',#2165,20.);
#181=CIRCLE('',#2166,20.);
#182=CIRCLE('',#2172,32.5);
#183=CIRCLE('',#2174,110.);
#184=CIRCLE('',#2175,110.);
#185=CIRCLE('',#2177,110.);
#186=CIRCLE('',#2178,32.5);
#187=CIRCLE('',#2179,110.);
#188=CIRCLE('',#2180,20.5);
#189=CIRCLE('',#2183,110.);
#190=CIRCLE('',#2184,32.5);
#191=CIRCLE('',#2185,110.);
#192=CIRCLE('',#2186,20.5);
#193=CIRCLE('',#2189,32.5);
#194=CIRCLE('',#2191,110.);
#195=CIRCLE('',#2192,20.5);
#196=CIRCLE('',#2193,110.);
#197=CIRCLE('',#2195,32.5);
#198=CIRCLE('',#2197,110.);
#199=CIRCLE('',#2198,20.5);
#200=CIRCLE('',#2199,110.);
#201=B_SPLINE_CURVE_WITH_KNOTS('',3,(#2819,#2820,#2821,#2822,#2823,#2824,
#2825,#2826,#2827,#2828,#2829,#2830,#2831,#2832,#2833,#2834,#2835,#2836,
#2837,#2838,#2839,#2840,#2841,#2842,#2843,#2844,#2845,#2846,#2847,#2848,
#2849,#2850,#2851,#2852,#2853,#2854,#2855,#2856,#2857,#2858,#2859,#2860,
#2861,#2862,#2863,#2864,#2865,#2866,#2867,#2868,#2869,#2870,#2871,#2872,
#2873,#2874),.UNSPECIFIED.,.F.,.F.,(4,2,2,2,2,2,2,2,2,2,2,2,2,2,2,2,2,2,
2,2,2,2,2,2,2,2,2,4),(0.,0.0312500000000001,0.0625,0.09375,0.125,0.15625,
0.1875,0.21875,0.25,0.28125,0.3125,0.375,0.4375,0.5,0.5625,0.625,0.6875,
0.75,0.78125,0.8125,0.828125,0.84375,0.859375,0.875,0.90625,0.9375,0.96875,
1.),.UNSPECIFIED.);
#202=B_SPLINE_CURVE_WITH_KNOTS('',3,(#2895,#2896,#2897,#2898,#2899,#2900,
#2901,#2902,#2903,#2904,#2905,#2906,#2907,#2908,#2909,#2910,#2911,#2912,
#2913,#2914,#2915,#2916,#2917,#2918,#2919,#2920,#2921,#2922,#2923,#2924,
#2925,#2926,#2927,#2928,#2929,#2930,#2931,#2932,#2933,#2934,#2935,#2936,
#2937,#2938,#2939,#2940,#2941,#2942,#2943,#2944,#2945,#2946,#2947,#2948,
#2949,#2950,#2951,#2952,#2953,#2954,#2955,#2956,#2957,#2958,#2959,#2960,
#2961,#2962,#2963,#2964,#2965,#2966,#2967,#2968,#2969,#2970,#2971,#2972,
#2973,#2974,#2975,#2976,#2977,#2978,#2979,#2980,#2981,#2982,#2983,#2984,
#2985,#2986,#2987,#2988,#2989,#2990,#2991,#2992,#2993,#2994,#2995,#2996,
#2997,#2998,#2999,#3000,#3001,#3002,#3003,#3004,#3005,#3006,#3007,#3008,
#3009,#3010,#3011,#3012,#3013,#3014,#3015,#3016,#3017,#3018,#3019,#3020,
#3021,#3022,#3023,#3024,#3025,#3026,#3027,#3028,#3029,#3030,#3031,#3032,
#3033,#3034,#3035,#3036,#3037,#3038,#3039,#3040,#3041,#3042,#3043,#3044,
#3045),.UNSPECIFIED.,.F.,.F.,(4,1,2,2,1,1,1,2,2,1,1,2,2,1,2,2,1,2,2,1,1,
1,2,2,1,1,1,2,2,1,1,2,2,1,1,2,2,1,2,2,1,1,1,2,2,1,1,1,2,2,2,2,1,1,1,2,2,
1,1,1,2,2,1,1,1,2,2,1,1,2,2,1,1,1,2,2,1,1,1,2,2,1,1,2,2,2,2,2,2,2,1,1,2,
2,1,1,1,2,2,4),(0.,0.031250000000004,0.039062500000005,0.0429687500000055,
0.046875000000006,0.0546875000000069,0.0585937500000074,0.0605468750000076,
0.0625000000000078,0.0781250000000096,0.0859375000000105,0.089843750000011,
0.0937500000000114,0.109375000000013,0.117187500000014,0.125000000000015,
0.140625000000016,0.148437500000017,0.156250000000018,0.17187500000002,
0.17968750000002,0.183593750000021,0.185546875000021,0.187500000000021,
0.203125000000022,0.210937500000022,0.214843750000022,0.216796875000022,
0.218750000000022,0.234375000000023,0.242187500000023,0.246093750000023,
0.250000000000023,0.265625000000022,0.273437500000022,0.277343750000022,
0.281250000000022,0.296875000000022,0.304687500000022,0.312500000000022,
0.343750000000021,0.359375000000021,0.367187500000021,0.371093750000021,
0.375000000000021,0.40625000000002,0.42187500000002,0.429687500000019,0.433593750000019,
0.437500000000019,0.468750000000019,0.500000000000018,0.531250000000017,
0.546875000000017,0.554687500000017,0.558593750000017,0.562500000000016,
0.593750000000015,0.609375000000015,0.617187500000015,0.621093750000015,
0.625000000000014,0.656250000000014,0.671875000000013,0.679687500000013,
0.683593750000013,0.687500000000013,0.703125000000012,0.710937500000012,
0.714843750000012,0.718750000000012,0.734375000000011,0.742187500000011,
0.746093750000011,0.74804687500001,0.75000000000001,0.765625000000009,0.773437500000008,
0.777343750000008,0.779296875000008,0.781250000000007,0.796875000000007,
0.804687500000007,0.808593750000007,0.812500000000006,0.828125000000006,
0.843750000000006,0.859375000000005,0.867187500000005,0.875000000000005,
0.890625000000005,0.898437500000004,0.902343750000004,0.906250000000004,
0.921875000000003,0.929687500000003,0.933593750000003,0.935546875000002,
0.937500000000002,1.),.UNSPECIFIED.);
#203=B_SPLINE_CURVE_WITH_KNOTS('',3,(#3117,#3118,#3119,#3120,#3121,#3122,
#3123,#3124,#3125,#3126,#3127,#3128,#3129,#3130,#3131,#3132,#3133,#3134,
#3135,#3136,#3137,#3138,#3139,#3140,#3141,#3142),.UNSPECIFIED.,.F.,.F.,
(4,2,2,2,2,2,2,2,2,2,2,2,4),(0.,0.125,0.249999999999999,0.312499999999999,
0.374999999999999,0.437499999999999,0.499999999999999,0.625,0.6875,0.75,
0.875,0.9375,1.),.UNSPECIFIED.);
#204=B_SPLINE_CURVE_WITH_KNOTS('',3,(#3146,#3147,#3148,#3149,#3150,#3151,
#3152,#3153,#3154,#3155,#3156,#3157,#3158,#3159,#3160,#3161,#3162,#3163,
#3164,#3165,#3166,#3167,#3168,#3169,#3170,#3171),.UNSPECIFIED.,.F.,.F.,
(4,2,2,2,2,2,2,2,2,2,2,2,4),(0.,0.125,0.25,0.312500000000001,0.375000000000001,
0.437500000000001,0.500000000000001,0.625000000000001,0.687500000000001,
0.750000000000001,0.875000000000001,0.9375,1.),.UNSPECIFIED.);
#205=B_SPLINE_CURVE_WITH_KNOTS('',3,(#3175,#3176,#3177,#3178,#3179,#3180,
#3181,#3182,#3183,#3184,#3185,#3186,#3187,#3188,#3189,#3190,#3191,#3192,
#3193,#3194,#3195,#3196,#3197,#3198,#3199,#3200),.UNSPECIFIED.,.F.,.F.,
(4,2,2,2,2,2,2,2,2,2,2,2,4),(0.,0.0624999999999999,0.125,0.25,0.312499999999999,
0.374999999999999,0.499999999999999,0.562499999999999,0.625,0.6875,0.75,
0.875,1.),.UNSPECIFIED.);
#206=B_SPLINE_CURVE_WITH_KNOTS('',3,(#3201,#3202,#3203,#3204,#3205,#3206,
#3207,#3208,#3209,#3210,#3211,#3212,#3213,#3214,#3215,#3216,#3217,#3218),
 .UNSPECIFIED.,.F.,.F.,(4,2,2,2,2,2,2,2,4),(0.,0.125,0.25,0.375,0.5,0.625,
0.75,0.875,1.),.UNSPECIFIED.);
#207=B_SPLINE_CURVE_WITH_KNOTS('',3,(#3221,#3222,#3223,#3224,#3225,#3226,
#3227,#3228,#3229,#3230),.UNSPECIFIED.,.F.,.F.,(4,2,2,2,4),(0.,0.500000000000002,
0.75,0.875,1.),.UNSPECIFIED.);
#208=B_SPLINE_CURVE_WITH_KNOTS('',3,(#3232,#3233,#3234,#3235,#3236,#3237,
#3238,#3239,#3240,#3241,#3242,#3243,#3244,#3245,#3246,#3247,#3248,#3249,
#3250,#3251,#3252,#3253,#3254,#3255,#3256,#3257,#3258,#3259,#3260,#3261,
#3262,#3263,#3264,#3265,#3266,#3267,#3268,#3269,#3270,#3271,#3272,#3273,
#3274,#3275,#3276,#3277,#3278,#3279,#3280,#3281,#3282,#3283,#3284,#3285,
#3286,#3287),.UNSPECIFIED.,.F.,.F.,(4,2,2,2,2,2,2,2,2,2,2,2,2,2,2,2,2,2,
2,2,2,2,2,2,2,2,2,4),(0.,0.0312500000000002,0.0625000000000004,0.0937500000000006,
0.125000000000001,0.140625000000001,0.156250000000001,0.171875000000001,
0.187500000000001,0.218750000000001,0.250000000000001,0.312500000000001,
0.375000000000001,0.437500000000001,0.500000000000001,0.5625,0.625,0.6875,
0.71875,0.75,0.78125,0.8125,0.84375,0.875,0.90625,0.9375,0.96875,1.),
 .UNSPECIFIED.);
#209=B_SPLINE_CURVE_WITH_KNOTS('',3,(#3289,#3290,#3291,#3292,#3293,#3294,
#3295,#3296,#3297,#3298),.UNSPECIFIED.,.F.,.F.,(4,2,2,2,4),(0.,0.125000000000001,
0.250000000000002,0.500000000000001,1.),.UNSPECIFIED.);
#210=B_SPLINE_CURVE_WITH_KNOTS('',3,(#3546,#3547,#3548,#3549,#3550,#3551,
#3552,#3553,#3554,#3555,#3556,#3557,#3558,#3559,#3560,#3561,#3562,#3563,
#3564,#3565),.UNSPECIFIED.,.F.,.F.,(4,2,2,2,2,2,2,2,2,4),(0.,0.125000000000002,
0.187500000000003,0.218750000000003,0.250000000000002,0.374999999999986,
0.437499999999979,0.468749999999976,0.499999999999972,1.),.UNSPECIFIED.);
#211=B_SPLINE_CURVE_WITH_KNOTS('',3,(#3567,#3568,#3569,#3570,#3571,#3572,
#3573,#3574,#3575,#3576,#3577,#3578,#3579,#3580,#3581,#3582,#3583,#3584,
#3585,#3586,#3587,#3588,#3589,#3590,#3591,#3592,#3593,#3594,#3595,#3596,
#3597,#3598,#3599,#3600,#3601,#3602,#3603,#3604,#3605,#3606,#3607,#3608,
#3609,#3610,#3611,#3612,#3613,#3614,#3615,#3616,#3617,#3618,#3619,#3620,
#3621,#3622,#3623,#3624,#3625,#3626,#3627,#3628,#3629,#3630,#3631,#3632,
#3633,#3634,#3635,#3636,#3637,#3638,#3639,#3640,#3641,#3642,#3643,#3644,
#3645,#3646,#3647,#3648,#3649,#3650,#3651,#3652,#3653,#3654,#3655,#3656,
#3657,#3658,#3659,#3660,#3661,#3662,#3663,#3664,#3665,#3666,#3667,#3668,
#3669,#3670,#3671,#3672,#3673,#3674,#3675,#3676,#3677,#3678,#3679,#3680,
#3681,#3682,#3683,#3684,#3685,#3686,#3687,#3688,#3689,#3690,#3691,#3692,
#3693,#3694,#3695,#3696,#3697,#3698,#3699,#3700,#3701,#3702,#3703,#3704,
#3705,#3706,#3707,#3708,#3709,#3710,#3711,#3712,#3713,#3714,#3715,#3716,
#3717,#3718,#3719,#3720,#3721,#3722,#3723,#3724,#3725,#3726,#3727,#3728,
#3729,#3730,#3731,#3732,#3733,#3734,#3735,#3736,#3737,#3738,#3739,#3740,
#3741),.UNSPECIFIED.,.F.,.F.,(4,2,2,2,2,2,2,2,2,2,2,2,2,2,2,2,2,2,2,1,2,
2,2,2,2,1,2,2,2,2,2,2,2,2,2,2,2,2,1,2,2,2,2,2,2,2,2,2,2,2,2,2,2,2,2,1,2,
2,2,2,2,2,2,2,2,2,2,2,2,2,2,2,2,2,2,2,2,2,1,2,2,2,2,2,2,2,2,2,2,4),(0.,
0.0156250000000003,0.0234375000000003,0.0312500000000004,0.0468750000000006,
0.0625000000000007,0.0781250000000008,0.0859375000000009,0.093750000000001,
0.109375000000001,0.117187500000001,0.121093750000001,0.123046875000001,
0.125000000000001,0.156250000000001,0.160156250000001,0.164062500000001,
0.171875000000001,0.179687500000002,0.183593750000002,0.185546875000002,
0.187500000000002,0.203125000000002,0.210937500000002,0.214843750000002,
0.216796875000002,0.217773437500002,0.218750000000002,0.234375000000001,
0.25,0.281249999999999,0.296874999999998,0.304687499999997,0.308593749999997,
0.312499999999997,0.343749999999996,0.359374999999996,0.367187499999995,
0.371093749999995,0.373046874999995,0.374999999999995,0.406249999999995,
0.421874999999995,0.429687499999995,0.433593749999995,0.437499999999995,
0.499999999999995,0.531249999999995,0.562499999999995,0.566406249999995,
0.570312499999995,0.578124999999995,0.593749999999995,0.624999999999995,
0.628906249999995,0.632812499999995,0.640624999999995,0.656249999999995,
0.687499999999994,0.691406249999994,0.695312499999994,0.703124999999994,
0.718749999999994,0.749999999999993,0.765624999999993,0.781249999999993,
0.783203124999993,0.785156249999993,0.789062499999993,0.796874999999993,
0.812499999999994,0.816406249999994,0.820312499999994,0.828124999999995,
0.835937499999995,0.843749999999995,0.874999999999996,0.876953124999996,
0.878906249999996,0.882812499999997,0.890624999999997,0.906249999999997,
0.914062499999997,0.921874999999998,0.937499999999998,0.953124999999999,
0.968749999999999,0.976562499999999,0.984375,1.),.UNSPECIFIED.);
#212=B_SPLINE_CURVE_WITH_KNOTS('',3,(#3743,#3744,#3745,#3746,#3747,#3748,
#3749,#3750,#3751,#3752,#3753,#3754,#3755,#3756,#3757,#3758,#3759,#3760,
#3761,#3762,#3763,#3764),.UNSPECIFIED.,.F.,.F.,(4,2,2,1,2,2,2,2,1,2,2,4),
(0.,0.250000000000008,0.375000000000012,0.437500000000014,0.468750000000015,
0.500000000000017,0.625000000000022,0.687500000000025,0.718750000000025,
0.734375000000026,0.750000000000026,1.),.UNSPECIFIED.);
#213=B_SPLINE_CURVE_WITH_KNOTS('',3,(#3765,#3766,#3767,#3768,#3769,#3770,
#3771,#3772,#3773,#3774,#3775,#3776,#3777,#3778,#3779,#3780,#3781,#3782,
#3783,#3784,#3785,#3786,#3787,#3788,#3789,#3790),.UNSPECIFIED.,.F.,.F.,
(4,2,2,2,2,2,2,2,2,2,2,2,4),(0.,0.125,0.249999999999999,0.312499999999999,
0.374999999999999,0.437499999999999,0.499999999999999,0.624999999999999,
0.687499999999999,0.749999999999999,0.875,0.9375,1.),.UNSPECIFIED.);
#214=B_SPLINE_CURVE_WITH_KNOTS('',3,(#3795,#3796,#3797,#3798,#3799,#3800,
#3801,#3802,#3803,#3804,#3805,#3806,#3807,#3808,#3809,#3810,#3811,#3812,
#3813,#3814,#3815,#3816,#3817,#3818,#3819,#3820),.UNSPECIFIED.,.F.,.F.,
(4,2,2,2,2,2,2,2,2,2,2,2,4),(0.,0.125,0.249999999999999,0.3125,0.375,0.4375,
0.5,0.625,0.6875,0.75,0.875,0.9375,1.),.UNSPECIFIED.);
#215=B_SPLINE_CURVE_WITH_KNOTS('',3,(#3824,#3825,#3826,#3827,#3828,#3829,
#3830,#3831,#3832,#3833,#3834,#3835,#3836,#3837,#3838,#3839,#3840,#3841,
#3842,#3843,#3844,#3845,#3846,#3847,#3848,#3849),.UNSPECIFIED.,.F.,.F.,
(4,2,2,2,2,2,2,2,2,2,2,2,4),(0.,0.125,0.25,0.3125,0.375,0.4375,0.5,0.625,
0.6875,0.75,0.875,0.9375,1.),.UNSPECIFIED.);
#216=B_SPLINE_CURVE_WITH_KNOTS('',5,(#3852,#3853,#3854,#3855,#3856,#3857,
#3858,#3859),.UNSPECIFIED.,.F.,.F.,(6,1,1,6),(0.,0.279243414385561,0.639962459026992,
1.),.UNSPECIFIED.);
#217=B_SPLINE_CURVE_WITH_KNOTS('',3,(#3866,#3867,#3868,#3869),
 .UNSPECIFIED.,.F.,.F.,(4,4),(0.,1.),.UNSPECIFIED.);
#218=B_SPLINE_CURVE_WITH_KNOTS('',3,(#3882,#3883,#3884,#3885,#3886,#3887),
 .UNSPECIFIED.,.F.,.F.,(4,2,4),(0.,0.5,1.),.UNSPECIFIED.);
#219=B_SPLINE_CURVE_WITH_KNOTS('',3,(#3906,#3907,#3908,#3909,#3910,#3911,
#3912,#3913,#3914,#3915,#3916,#3917,#3918,#3919,#3920,#3921,#3922,#3923),
 .UNSPECIFIED.,.F.,.F.,(4,2,2,2,2,2,2,2,4),(0.,0.125,0.25,0.375,0.5,0.625,
0.75,0.875,1.),.UNSPECIFIED.);
#220=B_SPLINE_CURVE_WITH_KNOTS('',3,(#3986,#3987,#3988,#3989,#3990,#3991),
 .UNSPECIFIED.,.F.,.F.,(4,2,4),(0.,0.5,1.),.UNSPECIFIED.);
#221=B_SPLINE_CURVE_WITH_KNOTS('',3,(#3992,#3993,#3994,#3995,#3996,#3997,
#3998,#3999,#4000,#4001),.UNSPECIFIED.,.F.,.F.,(4,2,2,2,4),(0.,0.500000000000002,
0.750000000000002,0.875000000000001,1.),.UNSPECIFIED.);
#222=B_SPLINE_CURVE_WITH_KNOTS('',3,(#4021,#4022,#4023,#4024),
 .UNSPECIFIED.,.F.,.F.,(4,4),(0.,1.),.UNSPECIFIED.);
#223=B_SPLINE_CURVE_WITH_KNOTS('',3,(#4025,#4026,#4027,#4028,#4029,#4030,
#4031,#4032,#4033,#4034),.UNSPECIFIED.,.F.,.F.,(4,2,2,2,4),(0.,0.124999999999999,
0.249999999999998,0.499999999999999,1.),.UNSPECIFIED.);
#224=B_SPLINE_CURVE_WITH_KNOTS('',3,(#4054,#4055,#4056,#4057),
 .UNSPECIFIED.,.F.,.F.,(4,4),(0.,1.),.UNSPECIFIED.);
#225=B_SPLINE_CURVE_WITH_KNOTS('',3,(#4058,#4059,#4060,#4061),
 .UNSPECIFIED.,.F.,.F.,(4,4),(0.,1.),.UNSPECIFIED.);
#226=B_SPLINE_CURVE_WITH_KNOTS('',3,(#4114,#4115,#4116,#4117),
 .UNSPECIFIED.,.F.,.F.,(4,4),(0.,1.),.UNSPECIFIED.);
#227=B_SPLINE_CURVE_WITH_KNOTS('',3,(#4314,#4315,#4316,#4317),
 .UNSPECIFIED.,.F.,.F.,(4,4),(0.,1.),.UNSPECIFIED.);
#228=B_SPLINE_CURVE_WITH_KNOTS('',3,(#7035,#7036,#7037,#7038),
 .UNSPECIFIED.,.F.,.F.,(4,4),(0.,1.),.UNSPECIFIED.);
#229=B_SPLINE_CURVE_WITH_KNOTS('',3,(#7051,#7052,#7053,#7054,#7055,#7056),
 .UNSPECIFIED.,.F.,.F.,(4,2,4),(0.,0.5,1.),.UNSPECIFIED.);
#230=B_SPLINE_CURVE_WITH_KNOTS('',3,(#7063,#7064,#7065,#7066,#7067,#7068,
#7069,#7070,#7071,#7072,#7073,#7074,#7075,#7076,#7077,#7078,#7079,#7080),
 .UNSPECIFIED.,.F.,.F.,(4,2,2,2,2,2,2,2,4),(0.,0.125,0.25,0.375,0.5,0.625,
0.75,0.875,1.),.UNSPECIFIED.);
#231=B_SPLINE_CURVE_WITH_KNOTS('',3,(#7151,#7152,#7153,#7154,#7155,#7156,
#7157,#7158,#7159,#7160,#7161,#7162,#7163,#7164,#7165,#7166,#7167,#7168,
#7169,#7170,#7171),.UNSPECIFIED.,.F.,.F.,(4,2,2,1,2,2,2,1,1,2,2,4),(0.,
0.250000000000008,0.375000000000011,0.437500000000013,0.468750000000014,
0.500000000000016,0.625000000000023,0.687500000000026,0.718750000000026,
0.734375000000024,0.750000000000023,1.),.UNSPECIFIED.);
#232=B_SPLINE_CURVE_WITH_KNOTS('',3,(#7172,#7173,#7174,#7175),
 .UNSPECIFIED.,.F.,.F.,(4,4),(0.,1.),.UNSPECIFIED.);
#233=B_SPLINE_CURVE_WITH_KNOTS('',3,(#7195,#7196,#7197,#7198,#7199,#7200,
#7201,#7202,#7203,#7204,#7205,#7206,#7207,#7208,#7209,#7210,#7211,#7212,
#7213),.UNSPECIFIED.,.F.,.F.,(4,2,1,1,2,2,2,1,2,2,4),(0.,0.124999999999992,
0.187499999999987,0.218749999999985,0.234374999999983,0.249999999999982,
0.374999999999985,0.437499999999986,0.468749999999985,0.499999999999985,
1.),.UNSPECIFIED.);
#234=B_SPLINE_CURVE_WITH_KNOTS('',3,(#7214,#7215,#7216,#7217),
 .UNSPECIFIED.,.F.,.F.,(4,4),(0.,1.),.UNSPECIFIED.);
#235=B_SPLINE_CURVE_WITH_KNOTS('',5,(#7237,#7238,#7239,#7240,#7241,#7242,
#7243,#7244),.UNSPECIFIED.,.F.,.F.,(6,2,6),(0.,0.5,1.),.UNSPECIFIED.);
#236=B_SPLINE_CURVE_WITH_KNOTS('',5,(#7245,#7246,#7247,#7248,#7249,#7250,
#7251,#7252),.UNSPECIFIED.,.F.,.F.,(6,2,6),(0.,0.5,1.),.UNSPECIFIED.);
#237=B_SPLINE_CURVE_WITH_KNOTS('',5,(#7357,#7358,#7359,#7360,#7361,#7362,
#7363,#7364),.UNSPECIFIED.,.F.,.F.,(6,2,6),(0.,0.5,1.),.UNSPECIFIED.);
#238=B_SPLINE_CURVE_WITH_KNOTS('',5,(#7517,#7518,#7519,#7520,#7521,#7522,
#7523,#7524),.UNSPECIFIED.,.F.,.F.,(6,2,6),(0.,0.5,1.),.UNSPECIFIED.);
#239=ELLIPSE('',#2033,24.9862886803218,23.);
#240=ELLIPSE('',#2034,24.9862886803218,23.);
#241=ELLIPSE('',#2036,24.9862886803218,23.);
#242=ELLIPSE('',#2037,24.9862886803218,23.);
#243=ELLIPSE('',#2056,24.0689555655491,22.);
#244=ELLIPSE('',#2061,24.0689555655491,22.);
#245=ELLIPSE('',#2118,22.2556649421305,20.);
#246=ELLIPSE('',#2121,22.2556649421305,20.);
#247=FACE_BOUND('',#546,.T.);
#248=FACE_BOUND('',#547,.T.);
#249=FACE_BOUND('',#548,.T.);
#250=FACE_BOUND('',#549,.T.);
#251=FACE_BOUND('',#550,.T.);
#252=FACE_BOUND('',#551,.T.);
#253=FACE_BOUND('',#552,.T.);
#254=FACE_BOUND('',#553,.T.);
#255=FACE_BOUND('',#556,.T.);
#256=FACE_BOUND('',#557,.T.);
#257=FACE_BOUND('',#558,.T.);
#258=FACE_BOUND('',#559,.T.);
#259=FACE_BOUND('',#566,.T.);
#260=FACE_BOUND('',#567,.T.);
#261=FACE_BOUND('',#585,.T.);
#262=FACE_BOUND('',#586,.T.);
#263=FACE_BOUND('',#587,.T.);
#264=FACE_BOUND('',#588,.T.);
#265=FACE_BOUND('',#604,.T.);
#266=FACE_BOUND('',#605,.T.);
#267=FACE_BOUND('',#623,.T.);
#268=FACE_BOUND('',#624,.T.);
#269=FACE_BOUND('',#625,.T.);
#270=FACE_BOUND('',#626,.T.);
#271=FACE_BOUND('',#650,.T.);
#272=FACE_BOUND('',#651,.T.);
#273=FACE_BOUND('',#660,.T.);
#274=FACE_BOUND('',#661,.T.);
#275=ADVANCED_FACE('',(#442),#390,.T.);
#276=ADVANCED_FACE('',(#443),#391,.T.);
#277=ADVANCED_FACE('',(#247,#248,#249),#392,.F.);
#278=ADVANCED_FACE('',(#250,#251,#252),#393,.T.);
#279=ADVANCED_FACE('',(#253,#254),#394,.F.);
#280=ADVANCED_FACE('',(#444),#395,.T.);
#281=ADVANCED_FACE('',(#445),#396,.T.);
#282=ADVANCED_FACE('',(#255,#256),#98,.T.);
#283=ADVANCED_FACE('',(#257,#258),#95,.T.);
#284=ADVANCED_FACE('',(#446),#56,.T.);
#285=ADVANCED_FACE('',(#447),#57,.T.);
#286=ADVANCED_FACE('',(#448),#397,.F.);
#287=ADVANCED_FACE('',(#449),#398,.T.);
#288=ADVANCED_FACE('',(#450),#399,.T.);
#289=ADVANCED_FACE('',(#451),#400,.T.);
#290=ADVANCED_FACE('',(#259,#260),#401,.F.);
#291=ADVANCED_FACE('',(#452),#402,.T.);
#292=ADVANCED_FACE('',(#453),#58,.T.);
#293=ADVANCED_FACE('',(#454),#403,.T.);
#294=ADVANCED_FACE('',(#455),#99,.T.);
#295=ADVANCED_FACE('',(#456),#59,.F.);
#296=ADVANCED_FACE('',(#457),#50,.F.);
#297=ADVANCED_FACE('',(#458),#100,.T.);
#298=ADVANCED_FACE('',(#459),#51,.F.);
#299=ADVANCED_FACE('',(#460),#52,.F.);
#300=ADVANCED_FACE('',(#461),#60,.F.);
#301=ADVANCED_FACE('',(#462),#101,.T.);
#302=ADVANCED_FACE('',(#463),#61,.F.);
#303=ADVANCED_FACE('',(#464),#102,.T.);
#304=ADVANCED_FACE('',(#465),#42,.T.);
#305=ADVANCED_FACE('',(#466),#43,.T.);
#306=ADVANCED_FACE('',(#467),#44,.T.);
#307=ADVANCED_FACE('',(#468),#45,.T.);
#308=ADVANCED_FACE('',(#261,#262),#404,.T.);
#309=ADVANCED_FACE('',(#263,#264),#405,.F.);
#310=ADVANCED_FACE('',(#469),#62,.T.);
#311=ADVANCED_FACE('',(#470),#406,.F.);
#312=ADVANCED_FACE('',(#471),#407,.T.);
#313=ADVANCED_FACE('',(#472),#63,.T.);
#314=ADVANCED_FACE('',(#473),#64,.T.);
#315=ADVANCED_FACE('',(#474),#65,.T.);
#316=ADVANCED_FACE('',(#475),#408,.F.);
#317=ADVANCED_FACE('',(#476),#66,.T.);
#318=ADVANCED_FACE('',(#477),#67,.F.);
#319=ADVANCED_FACE('',(#478),#68,.F.);
#320=ADVANCED_FACE('',(#479),#69,.F.);
#321=ADVANCED_FACE('',(#480),#409,.T.);
#322=ADVANCED_FACE('',(#481),#410,.F.);
#323=ADVANCED_FACE('',(#482),#411,.F.);
#324=ADVANCED_FACE('',(#483),#412,.F.);
#325=ADVANCED_FACE('',(#265,#266),#413,.T.);
#326=ADVANCED_FACE('',(#484),#414,.F.);
#327=ADVANCED_FACE('',(#485),#70,.F.);
#328=ADVANCED_FACE('',(#486),#415,.F.);
#329=ADVANCED_FACE('',(#487),#103,.T.);
#330=ADVANCED_FACE('',(#488),#71,.T.);
#331=ADVANCED_FACE('',(#489),#53,.T.);
#332=ADVANCED_FACE('',(#490),#104,.T.);
#333=ADVANCED_FACE('',(#491),#54,.T.);
#334=ADVANCED_FACE('',(#492),#55,.T.);
#335=ADVANCED_FACE('',(#493),#72,.T.);
#336=ADVANCED_FACE('',(#494),#105,.T.);
#337=ADVANCED_FACE('',(#495),#73,.T.);
#338=ADVANCED_FACE('',(#496),#106,.T.);
#339=ADVANCED_FACE('',(#497),#46,.T.);
#340=ADVANCED_FACE('',(#498),#47,.T.);
#341=ADVANCED_FACE('',(#499),#48,.T.);
#342=ADVANCED_FACE('',(#500),#49,.T.);
#343=ADVANCED_FACE('',(#267,#268),#416,.F.);
#344=ADVANCED_FACE('',(#269,#270),#417,.T.);
#345=ADVANCED_FACE('',(#501),#74,.F.);
#346=ADVANCED_FACE('',(#502),#418,.T.);
#347=ADVANCED_FACE('',(#503),#419,.F.);
#348=ADVANCED_FACE('',(#504),#75,.F.);
#349=ADVANCED_FACE('',(#505),#76,.F.);
#350=ADVANCED_FACE('',(#506),#77,.F.);
#351=ADVANCED_FACE('',(#507),#78,.T.);
#352=ADVANCED_FACE('',(#508),#420,.T.);
#353=ADVANCED_FACE('',(#509),#421,.T.);
#354=ADVANCED_FACE('',(#510),#79,.T.);
#355=ADVANCED_FACE('',(#511),#422,.T.);
#356=ADVANCED_FACE('',(#512),#80,.T.);
#357=ADVANCED_FACE('',(#513),#81,.T.);
#358=ADVANCED_FACE('',(#514),#423,.F.);
#359=ADVANCED_FACE('',(#515),#82,.T.);
#360=ADVANCED_FACE('',(#516),#424,.F.);
#361=ADVANCED_FACE('',(#517),#83,.F.);
#362=ADVANCED_FACE('',(#518),#84,.F.);
#363=ADVANCED_FACE('',(#519),#425,.T.);
#364=ADVANCED_FACE('',(#520),#426,.T.);
#365=ADVANCED_FACE('',(#521),#85,.F.);
#366=ADVANCED_FACE('',(#522),#86,.F.);
#367=ADVANCED_FACE('',(#523),#87,.F.);
#368=ADVANCED_FACE('',(#271,#272),#88,.F.);
#369=ADVANCED_FACE('',(#524),#427,.T.);
#370=ADVANCED_FACE('',(#525),#428,.T.);
#371=ADVANCED_FACE('',(#526),#429,.T.);
#372=ADVANCED_FACE('',(#527),#430,.T.);
#373=ADVANCED_FACE('',(#528),#431,.F.);
#374=ADVANCED_FACE('',(#529),#432,.F.);
#375=ADVANCED_FACE('',(#530),#433,.F.);
#376=ADVANCED_FACE('',(#531),#434,.F.);
#377=ADVANCED_FACE('',(#273,#274),#435,.F.);
#378=ADVANCED_FACE('',(#532),#436,.F.);
#379=ADVANCED_FACE('',(#533),#437,.T.);
#380=ADVANCED_FACE('',(#534),#438,.T.);
#381=ADVANCED_FACE('',(#535),#439,.F.);
#382=ADVANCED_FACE('',(#536),#440,.T.);
#383=ADVANCED_FACE('',(#537),#441,.T.);
#384=ADVANCED_FACE('',(#538),#89,.F.);
#385=ADVANCED_FACE('',(#539),#90,.F.);
#386=ADVANCED_FACE('',(#540),#91,.F.);
#387=ADVANCED_FACE('',(#541),#92,.F.);
#388=ADVANCED_FACE('',(#542),#93,.F.);
#389=ADVANCED_FACE('',(#543),#94,.F.);
#390=PLANE('',#2031);
#391=PLANE('',#2032);
#392=PLANE('',#2035);
#393=PLANE('',#2038);
#394=PLANE('',#2043);
#395=PLANE('',#2046);
#396=PLANE('',#2049);
#397=PLANE('',#2067);
#398=PLANE('',#2068);
#399=PLANE('',#2069);
#400=PLANE('',#2070);
#401=PLANE('',#2072);
#402=PLANE('',#2073);
#403=PLANE('',#2077);
#404=PLANE('',#2093);
#405=PLANE('',#2098);
#406=PLANE('',#2103);
#407=PLANE('',#2104);
#408=PLANE('',#2112);
#409=PLANE('',#2127);
#410=PLANE('',#2128);
#411=PLANE('',#2129);
#412=PLANE('',#2130);
#413=PLANE('',#2132);
#414=PLANE('',#2133);
#415=PLANE('',#2137);
#416=PLANE('',#2155);
#417=PLANE('',#2162);
#418=PLANE('',#2167);
#419=PLANE('',#2168);
#420=PLANE('',#2176);
#421=PLANE('',#2181);
#422=PLANE('',#2187);
#423=PLANE('',#2194);
#424=PLANE('',#2200);
#425=PLANE('',#2203);
#426=PLANE('',#2204);
#427=PLANE('',#2209);
#428=PLANE('',#2210);
#429=PLANE('',#2211);
#430=PLANE('',#2212);
#431=PLANE('',#2213);
#432=PLANE('',#2214);
#433=PLANE('',#2215);
#434=PLANE('',#2216);
#435=PLANE('',#2217);
#436=PLANE('',#2218);
#437=PLANE('',#2219);
#438=PLANE('',#2220);
#439=PLANE('',#2221);
#440=PLANE('',#2222);
#441=PLANE('',#2223);
#442=FACE_OUTER_BOUND('',#544,.T.);
#443=FACE_OUTER_BOUND('',#545,.T.);
#444=FACE_OUTER_BOUND('',#554,.T.);
#445=FACE_OUTER_BOUND('',#555,.T.);
#446=FACE_OUTER_BOUND('',#560,.T.);
#447=FACE_OUTER_BOUND('',#561,.T.);
#448=FACE_OUTER_BOUND('',#562,.T.);
#449=FACE_OUTER_BOUND('',#563,.T.);
#450=FACE_OUTER_BOUND('',#564,.T.);
#451=FACE_OUTER_BOUND('',#565,.T.);
#452=FACE_OUTER_BOUND('',#568,.T.);
#453=FACE_OUTER_BOUND('',#569,.T.);
#454=FACE_OUTER_BOUND('',#570,.T.);
#455=FACE_OUTER_BOUND('',#571,.T.);
#456=FACE_OUTER_BOUND('',#572,.T.);
#457=FACE_OUTER_BOUND('',#573,.T.);
#458=FACE_OUTER_BOUND('',#574,.T.);
#459=FACE_OUTER_BOUND('',#575,.T.);
#460=FACE_OUTER_BOUND('',#576,.T.);
#461=FACE_OUTER_BOUND('',#577,.T.);
#462=FACE_OUTER_BOUND('',#578,.T.);
#463=FACE_OUTER_BOUND('',#579,.T.);
#464=FACE_OUTER_BOUND('',#580,.T.);
#465=FACE_OUTER_BOUND('',#581,.T.);
#466=FACE_OUTER_BOUND('',#582,.T.);
#467=FACE_OUTER_BOUND('',#583,.T.);
#468=FACE_OUTER_BOUND('',#584,.T.);
#469=FACE_OUTER_BOUND('',#589,.T.);
#470=FACE_OUTER_BOUND('',#590,.T.);
#471=FACE_OUTER_BOUND('',#591,.T.);
#472=FACE_OUTER_BOUND('',#592,.T.);
#473=FACE_OUTER_BOUND('',#593,.T.);
#474=FACE_OUTER_BOUND('',#594,.T.);
#475=FACE_OUTER_BOUND('',#595,.T.);
#476=FACE_OUTER_BOUND('',#596,.T.);
#477=FACE_OUTER_BOUND('',#597,.T.);
#478=FACE_OUTER_BOUND('',#598,.T.);
#479=FACE_OUTER_BOUND('',#599,.T.);
#480=FACE_OUTER_BOUND('',#600,.T.);
#481=FACE_OUTER_BOUND('',#601,.T.);
#482=FACE_OUTER_BOUND('',#602,.T.);
#483=FACE_OUTER_BOUND('',#603,.T.);
#484=FACE_OUTER_BOUND('',#606,.T.);
#485=FACE_OUTER_BOUND('',#607,.T.);
#486=FACE_OUTER_BOUND('',#608,.T.);
#487=FACE_OUTER_BOUND('',#609,.T.);
#488=FACE_OUTER_BOUND('',#610,.T.);
#489=FACE_OUTER_BOUND('',#611,.T.);
#490=FACE_OUTER_BOUND('',#612,.T.);
#491=FACE_OUTER_BOUND('',#613,.T.);
#492=FACE_OUTER_BOUND('',#614,.T.);
#493=FACE_OUTER_BOUND('',#615,.T.);
#494=FACE_OUTER_BOUND('',#616,.T.);
#495=FACE_OUTER_BOUND('',#617,.T.);
#496=FACE_OUTER_BOUND('',#618,.T.);
#497=FACE_OUTER_BOUND('',#619,.T.);
#498=FACE_OUTER_BOUND('',#620,.T.);
#499=FACE_OUTER_BOUND('',#621,.T.);
#500=FACE_OUTER_BOUND('',#622,.T.);
#501=FACE_OUTER_BOUND('',#627,.T.);
#502=FACE_OUTER_BOUND('',#628,.T.);
#503=FACE_OUTER_BOUND('',#629,.T.);
#504=FACE_OUTER_BOUND('',#630,.T.);
#505=FACE_OUTER_BOUND('',#631,.T.);
#506=FACE_OUTER_BOUND('',#632,.T.);
#507=FACE_OUTER_BOUND('',#633,.T.);
#508=FACE_OUTER_BOUND('',#634,.T.);
#509=FACE_OUTER_BOUND('',#635,.T.);
#510=FACE_OUTER_BOUND('',#636,.T.);
#511=FACE_OUTER_BOUND('',#637,.T.);
#512=FACE_OUTER_BOUND('',#638,.T.);
#513=FACE_OUTER_BOUND('',#639,.T.);
#514=FACE_OUTER_BOUND('',#640,.T.);
#515=FACE_OUTER_BOUND('',#641,.T.);
#516=FACE_OUTER_BOUND('',#642,.T.);
#517=FACE_OUTER_BOUND('',#643,.T.);
#518=FACE_OUTER_BOUND('',#644,.T.);
#519=FACE_OUTER_BOUND('',#645,.T.);
#520=FACE_OUTER_BOUND('',#646,.T.);
#521=FACE_OUTER_BOUND('',#647,.T.);
#522=FACE_OUTER_BOUND('',#648,.T.);
#523=FACE_OUTER_BOUND('',#649,.T.);
#524=FACE_OUTER_BOUND('',#652,.T.);
#525=FACE_OUTER_BOUND('',#653,.T.);
#526=FACE_OUTER_BOUND('',#654,.T.);
#527=FACE_OUTER_BOUND('',#655,.T.);
#528=FACE_OUTER_BOUND('',#656,.T.);
#529=FACE_OUTER_BOUND('',#657,.T.);
#530=FACE_OUTER_BOUND('',#658,.T.);
#531=FACE_OUTER_BOUND('',#659,.T.);
#532=FACE_OUTER_BOUND('',#662,.T.);
#533=FACE_OUTER_BOUND('',#663,.T.);
#534=FACE_OUTER_BOUND('',#664,.T.);
#535=FACE_OUTER_BOUND('',#665,.T.);
#536=FACE_OUTER_BOUND('',#666,.T.);
#537=FACE_OUTER_BOUND('',#667,.T.);
#538=FACE_OUTER_BOUND('',#668,.T.);
#539=FACE_OUTER_BOUND('',#669,.T.);
#540=FACE_OUTER_BOUND('',#670,.T.);
#541=FACE_OUTER_BOUND('',#671,.T.);
#542=FACE_OUTER_BOUND('',#672,.T.);
#543=FACE_OUTER_BOUND('',#673,.T.);
#544=EDGE_LOOP('',(#674,#675,#676,#677));
#545=EDGE_LOOP('',(#678,#679,#680,#681));
#546=EDGE_LOOP('',(#682,#683,#684,#685));
#547=EDGE_LOOP('',(#686,#687,#688,#689,#690,#691));
#548=EDGE_LOOP('',(#692,#693,#694,#695));
#549=EDGE_LOOP('',(#696,#697,#698,#699));
#550=EDGE_LOOP('',(#700,#701,#702,#703,#704,#705));
#551=EDGE_LOOP('',(#706,#707,#708,#709));
#552=EDGE_LOOP('',(#710,#711,#712,#713));
#553=EDGE_LOOP('',(#714,#715,#716,#717,#718,#719,#720,#721));
#554=EDGE_LOOP('',(#722,#723,#724,#725,#726,#727));
#555=EDGE_LOOP('',(#728,#729,#730,#731,#732,#733));
#556=EDGE_LOOP('',(#734,#735,#736,#737,#738,#739));
#557=EDGE_LOOP('',(#740,#741,#742,#743));
#558=EDGE_LOOP('',(#744,#745,#746,#747));
#559=EDGE_LOOP('',(#748,#749,#750,#751,#752,#753));
#560=EDGE_LOOP('',(#754,#755,#756,#757,#758,#759));
#561=EDGE_LOOP('',(#760,#761,#762,#763,#764,#765));
#562=EDGE_LOOP('',(#766,#767,#768,#769,#770,#771));
#563=EDGE_LOOP('',(#772,#773,#774,#775));
#564=EDGE_LOOP('',(#776,#777,#778,#779));
#565=EDGE_LOOP('',(#780,#781,#782,#783));
#566=EDGE_LOOP('',(#784));
#567=EDGE_LOOP('',(#785,#786,#787,#788));
#568=EDGE_LOOP('',(#789,#790,#791,#792));
#569=EDGE_LOOP('',(#793,#794,#795,#796));
#570=EDGE_LOOP('',(#797,#798,#799,#800));
#571=EDGE_LOOP('',(#801,#802,#803,#804));
#572=EDGE_LOOP('',(#805,#806,#807,#808));
#573=EDGE_LOOP('',(#809,#810,#811,#812));
#574=EDGE_LOOP('',(#813,#814,#815,#816));
#575=EDGE_LOOP('',(#817,#818,#819,#820));
#576=EDGE_LOOP('',(#821,#822,#823,#824));
#577=EDGE_LOOP('',(#825,#826,#827,#828));
#578=EDGE_LOOP('',(#829,#830,#831,#832));
#579=EDGE_LOOP('',(#833,#834,#835,#836));
#580=EDGE_LOOP('',(#837,#838,#839,#840));
#581=EDGE_LOOP('',(#841,#842,#843,#844));
#582=EDGE_LOOP('',(#845,#846,#847,#848));
#583=EDGE_LOOP('',(#849,#850,#851,#852));
#584=EDGE_LOOP('',(#853,#854,#855,#856));
#585=EDGE_LOOP('',(#857,#858));
#586=EDGE_LOOP('',(#859,#860,#861,#862));
#587=EDGE_LOOP('',(#863,#864));
#588=EDGE_LOOP('',(#865,#866,#867,#868));
#589=EDGE_LOOP('',(#869,#870,#871,#872));
#590=EDGE_LOOP('',(#873,#874,#875,#876));
#591=EDGE_LOOP('',(#877,#878,#879,#880));
#592=EDGE_LOOP('',(#881,#882,#883,#884));
#593=EDGE_LOOP('',(#885,#886,#887,#888));
#594=EDGE_LOOP('',(#889,#890,#891,#892));
#595=EDGE_LOOP('',(#893,#894,#895,#896));
#596=EDGE_LOOP('',(#897,#898,#899,#900));
#597=EDGE_LOOP('',(#901,#902,#903,#904));
#598=EDGE_LOOP('',(#905,#906,#907,#908,#909,#910));
#599=EDGE_LOOP('',(#911,#912,#913,#914,#915,#916));
#600=EDGE_LOOP('',(#917,#918,#919,#920,#921,#922));
#601=EDGE_LOOP('',(#923,#924,#925,#926));
#602=EDGE_LOOP('',(#927,#928,#929,#930));
#603=EDGE_LOOP('',(#931,#932,#933,#934));
#604=EDGE_LOOP('',(#935));
#605=EDGE_LOOP('',(#936,#937,#938,#939));
#606=EDGE_LOOP('',(#940,#941,#942,#943));
#607=EDGE_LOOP('',(#944,#945,#946,#947));
#608=EDGE_LOOP('',(#948,#949,#950,#951));
#609=EDGE_LOOP('',(#952,#953,#954,#955));
#610=EDGE_LOOP('',(#956,#957,#958,#959));
#611=EDGE_LOOP('',(#960,#961,#962,#963));
#612=EDGE_LOOP('',(#964,#965,#966,#967));
#613=EDGE_LOOP('',(#968,#969,#970,#971));
#614=EDGE_LOOP('',(#972,#973,#974,#975));
#615=EDGE_LOOP('',(#976,#977,#978,#979));
#616=EDGE_LOOP('',(#980,#981,#982,#983));
#617=EDGE_LOOP('',(#984,#985,#986,#987));
#618=EDGE_LOOP('',(#988,#989,#990,#991));
#619=EDGE_LOOP('',(#992,#993,#994,#995));
#620=EDGE_LOOP('',(#996,#997,#998,#999));
#621=EDGE_LOOP('',(#1000,#1001,#1002,#1003));
#622=EDGE_LOOP('',(#1004,#1005,#1006,#1007));
#623=EDGE_LOOP('',(#1008,#1009,#1010,#1011));
#624=EDGE_LOOP('',(#1012,#1013,#1014,#1015,#1016,#1017,#1018,#1019));
#625=EDGE_LOOP('',(#1020,#1021,#1022,#1023));
#626=EDGE_LOOP('',(#1024,#1025,#1026,#1027,#1028,#1029,#1030,#1031));
#627=EDGE_LOOP('',(#1032,#1033,#1034,#1035));
#628=EDGE_LOOP('',(#1036,#1037,#1038,#1039));
#629=EDGE_LOOP('',(#1040,#1041,#1042,#1043));
#630=EDGE_LOOP('',(#1044,#1045,#1046,#1047));
#631=EDGE_LOOP('',(#1048,#1049,#1050,#1051));
#632=EDGE_LOOP('',(#1052,#1053,#1054,#1055));
#633=EDGE_LOOP('',(#1056,#1057,#1058,#1059));
#634=EDGE_LOOP('',(#1060,#1061,#1062,#1063));
#635=EDGE_LOOP('',(#1064,#1065,#1066,#1067));
#636=EDGE_LOOP('',(#1068,#1069,#1070,#1071));
#637=EDGE_LOOP('',(#1072,#1073,#1074,#1075));
#638=EDGE_LOOP('',(#1076,#1077,#1078,#1079));
#639=EDGE_LOOP('',(#1080,#1081,#1082,#1083));
#640=EDGE_LOOP('',(#1084,#1085,#1086,#1087));
#641=EDGE_LOOP('',(#1088,#1089,#1090,#1091));
#642=EDGE_LOOP('',(#1092,#1093,#1094,#1095));
#643=EDGE_LOOP('',(#1096,#1097,#1098,#1099));
#644=EDGE_LOOP('',(#1100,#1101,#1102,#1103));
#645=EDGE_LOOP('',(#1104,#1105,#1106,#1107));
#646=EDGE_LOOP('',(#1108,#1109,#1110,#1111));
#647=EDGE_LOOP('',(#1112,#1113,#1114,#1115,#1116,#1117,#1118,#1119,#1120,
#1121,#1122,#1123));
#648=EDGE_LOOP('',(#1124,#1125,#1126,#1127,#1128,#1129,#1130,#1131,#1132,
#1133,#1134,#1135));
#649=EDGE_LOOP('',(#1136,#1137,#1138,#1139,#1140,#1141,#1142,#1143,#1144,
#1145,#1146,#1147));
#650=EDGE_LOOP('',(#1148));
#651=EDGE_LOOP('',(#1149));
#652=EDGE_LOOP('',(#1150,#1151,#1152,#1153));
#653=EDGE_LOOP('',(#1154,#1155,#1156,#1157,#1158,#1159,#1160,#1161,#1162,
#1163,#1164,#1165));
#654=EDGE_LOOP('',(#1166,#1167,#1168,#1169));
#655=EDGE_LOOP('',(#1170,#1171,#1172,#1173,#1174,#1175,#1176,#1177,#1178,
#1179,#1180,#1181));
#656=EDGE_LOOP('',(#1182,#1183,#1184,#1185));
#657=EDGE_LOOP('',(#1186,#1187,#1188,#1189));
#658=EDGE_LOOP('',(#1190,#1191,#1192,#1193));
#659=EDGE_LOOP('',(#1194,#1195,#1196,#1197));
#660=EDGE_LOOP('',(#1198,#1199,#1200,#1201));
#661=EDGE_LOOP('',(#1202,#1203,#1204,#1205));
#662=EDGE_LOOP('',(#1206,#1207,#1208,#1209));
#663=EDGE_LOOP('',(#1210,#1211,#1212,#1213));
#664=EDGE_LOOP('',(#1214,#1215,#1216,#1217));
#665=EDGE_LOOP('',(#1218,#1219,#1220,#1221));
#666=EDGE_LOOP('',(#1222,#1223,#1224,#1225));
#667=EDGE_LOOP('',(#1226,#1227,#1228,#1229));
#668=EDGE_LOOP('',(#1230,#1231,#1232,#1233));
#669=EDGE_LOOP('',(#1234,#1235,#1236,#1237));
#670=EDGE_LOOP('',(#1238,#1239,#1240,#1241));
#671=EDGE_LOOP('',(#1242,#1243,#1244,#1245));
#672=EDGE_LOOP('',(#1246,#1247,#1248,#1249));
#673=EDGE_LOOP('',(#1250,#1251,#1252,#1253));
#674=ORIENTED_EDGE('',*,*,#1440,.T.);
#675=ORIENTED_EDGE('',*,*,#1441,.F.);
#676=ORIENTED_EDGE('',*,*,#1442,.F.);
#677=ORIENTED_EDGE('',*,*,#1443,.T.);
#678=ORIENTED_EDGE('',*,*,#1444,.T.);
#679=ORIENTED_EDGE('',*,*,#1445,.T.);
#680=ORIENTED_EDGE('',*,*,#1446,.F.);
#681=ORIENTED_EDGE('',*,*,#1447,.T.);
#682=ORIENTED_EDGE('',*,*,#1448,.T.);
#683=ORIENTED_EDGE('',*,*,#1449,.T.);
#684=ORIENTED_EDGE('',*,*,#1450,.T.);
#685=ORIENTED_EDGE('',*,*,#1451,.T.);
#686=ORIENTED_EDGE('',*,*,#1452,.F.);
#687=ORIENTED_EDGE('',*,*,#1453,.F.);
#688=ORIENTED_EDGE('',*,*,#1454,.F.);
#689=ORIENTED_EDGE('',*,*,#1455,.F.);
#690=ORIENTED_EDGE('',*,*,#1456,.F.);
#691=ORIENTED_EDGE('',*,*,#1457,.F.);
#692=ORIENTED_EDGE('',*,*,#1458,.F.);
#693=ORIENTED_EDGE('',*,*,#1459,.F.);
#694=ORIENTED_EDGE('',*,*,#1460,.F.);
#695=ORIENTED_EDGE('',*,*,#1461,.F.);
#696=ORIENTED_EDGE('',*,*,#1462,.F.);
#697=ORIENTED_EDGE('',*,*,#1463,.F.);
#698=ORIENTED_EDGE('',*,*,#1464,.F.);
#699=ORIENTED_EDGE('',*,*,#1465,.F.);
#700=ORIENTED_EDGE('',*,*,#1466,.T.);
#701=ORIENTED_EDGE('',*,*,#1467,.T.);
#702=ORIENTED_EDGE('',*,*,#1468,.T.);
#703=ORIENTED_EDGE('',*,*,#1469,.T.);
#704=ORIENTED_EDGE('',*,*,#1470,.T.);
#705=ORIENTED_EDGE('',*,*,#1471,.T.);
#706=ORIENTED_EDGE('',*,*,#1472,.T.);
#707=ORIENTED_EDGE('',*,*,#1473,.T.);
#708=ORIENTED_EDGE('',*,*,#1474,.T.);
#709=ORIENTED_EDGE('',*,*,#1475,.T.);
#710=ORIENTED_EDGE('',*,*,#1476,.F.);
#711=ORIENTED_EDGE('',*,*,#1477,.F.);
#712=ORIENTED_EDGE('',*,*,#1478,.T.);
#713=ORIENTED_EDGE('',*,*,#1479,.F.);
#714=ORIENTED_EDGE('',*,*,#1480,.F.);
#715=ORIENTED_EDGE('',*,*,#1481,.T.);
#716=ORIENTED_EDGE('',*,*,#1482,.T.);
#717=ORIENTED_EDGE('',*,*,#1483,.T.);
#718=ORIENTED_EDGE('',*,*,#1484,.F.);
#719=ORIENTED_EDGE('',*,*,#1485,.T.);
#720=ORIENTED_EDGE('',*,*,#1486,.T.);
#721=ORIENTED_EDGE('',*,*,#1487,.T.);
#722=ORIENTED_EDGE('',*,*,#1488,.T.);
#723=ORIENTED_EDGE('',*,*,#1489,.T.);
#724=ORIENTED_EDGE('',*,*,#1490,.F.);
#725=ORIENTED_EDGE('',*,*,#1491,.T.);
#726=ORIENTED_EDGE('',*,*,#1492,.T.);
#727=ORIENTED_EDGE('',*,*,#1493,.T.);
#728=ORIENTED_EDGE('',*,*,#1494,.F.);
#729=ORIENTED_EDGE('',*,*,#1495,.T.);
#730=ORIENTED_EDGE('',*,*,#1496,.T.);
#731=ORIENTED_EDGE('',*,*,#1497,.T.);
#732=ORIENTED_EDGE('',*,*,#1498,.T.);
#733=ORIENTED_EDGE('',*,*,#1499,.T.);
#734=ORIENTED_EDGE('',*,*,#1500,.F.);
#735=ORIENTED_EDGE('',*,*,#1501,.T.);
#736=ORIENTED_EDGE('',*,*,#1502,.F.);
#737=ORIENTED_EDGE('',*,*,#1503,.T.);
#738=ORIENTED_EDGE('',*,*,#1504,.F.);
#739=ORIENTED_EDGE('',*,*,#1505,.F.);
#740=ORIENTED_EDGE('',*,*,#1506,.F.);
#741=ORIENTED_EDGE('',*,*,#1507,.F.);
#742=ORIENTED_EDGE('',*,*,#1508,.F.);
#743=ORIENTED_EDGE('',*,*,#1509,.F.);
#744=ORIENTED_EDGE('',*,*,#1510,.T.);
#745=ORIENTED_EDGE('',*,*,#1511,.T.);
#746=ORIENTED_EDGE('',*,*,#1512,.T.);
#747=ORIENTED_EDGE('',*,*,#1513,.T.);
#748=ORIENTED_EDGE('',*,*,#1514,.F.);
#749=ORIENTED_EDGE('',*,*,#1515,.T.);
#750=ORIENTED_EDGE('',*,*,#1516,.F.);
#751=ORIENTED_EDGE('',*,*,#1517,.T.);
#752=ORIENTED_EDGE('',*,*,#1518,.F.);
#753=ORIENTED_EDGE('',*,*,#1519,.T.);
#754=ORIENTED_EDGE('',*,*,#1520,.T.);
#755=ORIENTED_EDGE('',*,*,#1521,.F.);
#756=ORIENTED_EDGE('',*,*,#1522,.T.);
#757=ORIENTED_EDGE('',*,*,#1523,.F.);
#758=ORIENTED_EDGE('',*,*,#1524,.T.);
#759=ORIENTED_EDGE('',*,*,#1525,.F.);
#760=ORIENTED_EDGE('',*,*,#1526,.T.);
#761=ORIENTED_EDGE('',*,*,#1527,.F.);
#762=ORIENTED_EDGE('',*,*,#1528,.T.);
#763=ORIENTED_EDGE('',*,*,#1529,.F.);
#764=ORIENTED_EDGE('',*,*,#1530,.T.);
#765=ORIENTED_EDGE('',*,*,#1531,.F.);
#766=ORIENTED_EDGE('',*,*,#1532,.F.);
#767=ORIENTED_EDGE('',*,*,#1533,.F.);
#768=ORIENTED_EDGE('',*,*,#1534,.F.);
#769=ORIENTED_EDGE('',*,*,#1535,.F.);
#770=ORIENTED_EDGE('',*,*,#1536,.F.);
#771=ORIENTED_EDGE('',*,*,#1537,.F.);
#772=ORIENTED_EDGE('',*,*,#1538,.T.);
#773=ORIENTED_EDGE('',*,*,#1539,.F.);
#774=ORIENTED_EDGE('',*,*,#1540,.F.);
#775=ORIENTED_EDGE('',*,*,#1450,.F.);
#776=ORIENTED_EDGE('',*,*,#1541,.F.);
#777=ORIENTED_EDGE('',*,*,#1538,.F.);
#778=ORIENTED_EDGE('',*,*,#1449,.F.);
#779=ORIENTED_EDGE('',*,*,#1542,.F.);
#780=ORIENTED_EDGE('',*,*,#1540,.T.);
#781=ORIENTED_EDGE('',*,*,#1543,.F.);
#782=ORIENTED_EDGE('',*,*,#1544,.T.);
#783=ORIENTED_EDGE('',*,*,#1451,.F.);
#784=ORIENTED_EDGE('',*,*,#1545,.T.);
#785=ORIENTED_EDGE('',*,*,#1543,.T.);
#786=ORIENTED_EDGE('',*,*,#1539,.T.);
#787=ORIENTED_EDGE('',*,*,#1541,.T.);
#788=ORIENTED_EDGE('',*,*,#1546,.F.);
#789=ORIENTED_EDGE('',*,*,#1448,.F.);
#790=ORIENTED_EDGE('',*,*,#1544,.F.);
#791=ORIENTED_EDGE('',*,*,#1546,.T.);
#792=ORIENTED_EDGE('',*,*,#1542,.T.);
#793=ORIENTED_EDGE('',*,*,#1524,.F.);
#794=ORIENTED_EDGE('',*,*,#1547,.F.);
#795=ORIENTED_EDGE('',*,*,#1526,.F.);
#796=ORIENTED_EDGE('',*,*,#1548,.F.);
#797=ORIENTED_EDGE('',*,*,#1530,.F.);
#798=ORIENTED_EDGE('',*,*,#1549,.F.);
#799=ORIENTED_EDGE('',*,*,#1520,.F.);
#800=ORIENTED_EDGE('',*,*,#1550,.F.);
#801=ORIENTED_EDGE('',*,*,#1455,.T.);
#802=ORIENTED_EDGE('',*,*,#1551,.T.);
#803=ORIENTED_EDGE('',*,*,#1529,.T.);
#804=ORIENTED_EDGE('',*,*,#1552,.F.);
#805=ORIENTED_EDGE('',*,*,#1551,.F.);
#806=ORIENTED_EDGE('',*,*,#1454,.T.);
#807=ORIENTED_EDGE('',*,*,#1553,.T.);
#808=ORIENTED_EDGE('',*,*,#1549,.T.);
#809=ORIENTED_EDGE('',*,*,#1527,.T.);
#810=ORIENTED_EDGE('',*,*,#1554,.T.);
#811=ORIENTED_EDGE('',*,*,#1533,.T.);
#812=ORIENTED_EDGE('',*,*,#1555,.F.);
#813=ORIENTED_EDGE('',*,*,#1521,.T.);
#814=ORIENTED_EDGE('',*,*,#1553,.F.);
#815=ORIENTED_EDGE('',*,*,#1453,.T.);
#816=ORIENTED_EDGE('',*,*,#1556,.F.);
#817=ORIENTED_EDGE('',*,*,#1554,.F.);
#818=ORIENTED_EDGE('',*,*,#1547,.T.);
#819=ORIENTED_EDGE('',*,*,#1557,.T.);
#820=ORIENTED_EDGE('',*,*,#1534,.T.);
#821=ORIENTED_EDGE('',*,*,#1535,.T.);
#822=ORIENTED_EDGE('',*,*,#1557,.F.);
#823=ORIENTED_EDGE('',*,*,#1523,.T.);
#824=ORIENTED_EDGE('',*,*,#1558,.F.);
#825=ORIENTED_EDGE('',*,*,#1456,.T.);
#826=ORIENTED_EDGE('',*,*,#1559,.T.);
#827=ORIENTED_EDGE('',*,*,#1532,.T.);
#828=ORIENTED_EDGE('',*,*,#1560,.F.);
#829=ORIENTED_EDGE('',*,*,#1552,.T.);
#830=ORIENTED_EDGE('',*,*,#1528,.F.);
#831=ORIENTED_EDGE('',*,*,#1555,.T.);
#832=ORIENTED_EDGE('',*,*,#1559,.F.);
#833=ORIENTED_EDGE('',*,*,#1536,.T.);
#834=ORIENTED_EDGE('',*,*,#1561,.T.);
#835=ORIENTED_EDGE('',*,*,#1452,.T.);
#836=ORIENTED_EDGE('',*,*,#1562,.F.);
#837=ORIENTED_EDGE('',*,*,#1556,.T.);
#838=ORIENTED_EDGE('',*,*,#1561,.F.);
#839=ORIENTED_EDGE('',*,*,#1558,.T.);
#840=ORIENTED_EDGE('',*,*,#1522,.F.);
#841=ORIENTED_EDGE('',*,*,#1563,.T.);
#842=ORIENTED_EDGE('',*,*,#1507,.T.);
#843=ORIENTED_EDGE('',*,*,#1564,.T.);
#844=ORIENTED_EDGE('',*,*,#1562,.T.);
#845=ORIENTED_EDGE('',*,*,#1564,.F.);
#846=ORIENTED_EDGE('',*,*,#1506,.T.);
#847=ORIENTED_EDGE('',*,*,#1565,.T.);
#848=ORIENTED_EDGE('',*,*,#1537,.T.);
#849=ORIENTED_EDGE('',*,*,#1563,.F.);
#850=ORIENTED_EDGE('',*,*,#1457,.T.);
#851=ORIENTED_EDGE('',*,*,#1566,.T.);
#852=ORIENTED_EDGE('',*,*,#1508,.T.);
#853=ORIENTED_EDGE('',*,*,#1565,.F.);
#854=ORIENTED_EDGE('',*,*,#1509,.T.);
#855=ORIENTED_EDGE('',*,*,#1566,.F.);
#856=ORIENTED_EDGE('',*,*,#1560,.T.);
#857=ORIENTED_EDGE('',*,*,#1567,.F.);
#858=ORIENTED_EDGE('',*,*,#1478,.F.);
#859=ORIENTED_EDGE('',*,*,#1525,.T.);
#860=ORIENTED_EDGE('',*,*,#1548,.T.);
#861=ORIENTED_EDGE('',*,*,#1531,.T.);
#862=ORIENTED_EDGE('',*,*,#1550,.T.);
#863=ORIENTED_EDGE('',*,*,#1568,.T.);
#864=ORIENTED_EDGE('',*,*,#1476,.T.);
#865=ORIENTED_EDGE('',*,*,#1569,.F.);
#866=ORIENTED_EDGE('',*,*,#1570,.F.);
#867=ORIENTED_EDGE('',*,*,#1571,.F.);
#868=ORIENTED_EDGE('',*,*,#1572,.F.);
#869=ORIENTED_EDGE('',*,*,#1568,.F.);
#870=ORIENTED_EDGE('',*,*,#1479,.T.);
#871=ORIENTED_EDGE('',*,*,#1567,.T.);
#872=ORIENTED_EDGE('',*,*,#1477,.T.);
#873=ORIENTED_EDGE('',*,*,#1573,.T.);
#874=ORIENTED_EDGE('',*,*,#1574,.F.);
#875=ORIENTED_EDGE('',*,*,#1575,.T.);
#876=ORIENTED_EDGE('',*,*,#1576,.F.);
#877=ORIENTED_EDGE('',*,*,#1571,.T.);
#878=ORIENTED_EDGE('',*,*,#1577,.F.);
#879=ORIENTED_EDGE('',*,*,#1575,.F.);
#880=ORIENTED_EDGE('',*,*,#1578,.F.);
#881=ORIENTED_EDGE('',*,*,#1569,.T.);
#882=ORIENTED_EDGE('',*,*,#1579,.F.);
#883=ORIENTED_EDGE('',*,*,#1573,.F.);
#884=ORIENTED_EDGE('',*,*,#1580,.F.);
#885=ORIENTED_EDGE('',*,*,#1572,.T.);
#886=ORIENTED_EDGE('',*,*,#1578,.T.);
#887=ORIENTED_EDGE('',*,*,#1574,.T.);
#888=ORIENTED_EDGE('',*,*,#1579,.T.);
#889=ORIENTED_EDGE('',*,*,#1570,.T.);
#890=ORIENTED_EDGE('',*,*,#1580,.T.);
#891=ORIENTED_EDGE('',*,*,#1576,.T.);
#892=ORIENTED_EDGE('',*,*,#1577,.T.);
#893=ORIENTED_EDGE('',*,*,#1581,.T.);
#894=ORIENTED_EDGE('',*,*,#1582,.T.);
#895=ORIENTED_EDGE('',*,*,#1583,.T.);
#896=ORIENTED_EDGE('',*,*,#1584,.T.);
#897=ORIENTED_EDGE('',*,*,#1583,.F.);
#898=ORIENTED_EDGE('',*,*,#1585,.T.);
#899=ORIENTED_EDGE('',*,*,#1505,.T.);
#900=ORIENTED_EDGE('',*,*,#1586,.T.);
#901=ORIENTED_EDGE('',*,*,#1587,.F.);
#902=ORIENTED_EDGE('',*,*,#1588,.T.);
#903=ORIENTED_EDGE('',*,*,#1581,.F.);
#904=ORIENTED_EDGE('',*,*,#1589,.T.);
#905=ORIENTED_EDGE('',*,*,#1590,.F.);
#906=ORIENTED_EDGE('',*,*,#1591,.T.);
#907=ORIENTED_EDGE('',*,*,#1592,.F.);
#908=ORIENTED_EDGE('',*,*,#1593,.T.);
#909=ORIENTED_EDGE('',*,*,#1594,.F.);
#910=ORIENTED_EDGE('',*,*,#1595,.T.);
#911=ORIENTED_EDGE('',*,*,#1596,.F.);
#912=ORIENTED_EDGE('',*,*,#1597,.T.);
#913=ORIENTED_EDGE('',*,*,#1598,.F.);
#914=ORIENTED_EDGE('',*,*,#1599,.T.);
#915=ORIENTED_EDGE('',*,*,#1600,.F.);
#916=ORIENTED_EDGE('',*,*,#1601,.T.);
#917=ORIENTED_EDGE('',*,*,#1602,.T.);
#918=ORIENTED_EDGE('',*,*,#1603,.T.);
#919=ORIENTED_EDGE('',*,*,#1604,.T.);
#920=ORIENTED_EDGE('',*,*,#1605,.T.);
#921=ORIENTED_EDGE('',*,*,#1606,.T.);
#922=ORIENTED_EDGE('',*,*,#1607,.T.);
#923=ORIENTED_EDGE('',*,*,#1608,.F.);
#924=ORIENTED_EDGE('',*,*,#1464,.T.);
#925=ORIENTED_EDGE('',*,*,#1609,.T.);
#926=ORIENTED_EDGE('',*,*,#1610,.T.);
#927=ORIENTED_EDGE('',*,*,#1611,.T.);
#928=ORIENTED_EDGE('',*,*,#1612,.F.);
#929=ORIENTED_EDGE('',*,*,#1465,.T.);
#930=ORIENTED_EDGE('',*,*,#1608,.T.);
#931=ORIENTED_EDGE('',*,*,#1609,.F.);
#932=ORIENTED_EDGE('',*,*,#1463,.T.);
#933=ORIENTED_EDGE('',*,*,#1613,.T.);
#934=ORIENTED_EDGE('',*,*,#1614,.T.);
#935=ORIENTED_EDGE('',*,*,#1615,.F.);
#936=ORIENTED_EDGE('',*,*,#1614,.F.);
#937=ORIENTED_EDGE('',*,*,#1616,.T.);
#938=ORIENTED_EDGE('',*,*,#1611,.F.);
#939=ORIENTED_EDGE('',*,*,#1610,.F.);
#940=ORIENTED_EDGE('',*,*,#1462,.T.);
#941=ORIENTED_EDGE('',*,*,#1612,.T.);
#942=ORIENTED_EDGE('',*,*,#1616,.F.);
#943=ORIENTED_EDGE('',*,*,#1613,.F.);
#944=ORIENTED_EDGE('',*,*,#1592,.T.);
#945=ORIENTED_EDGE('',*,*,#1617,.T.);
#946=ORIENTED_EDGE('',*,*,#1596,.T.);
#947=ORIENTED_EDGE('',*,*,#1618,.T.);
#948=ORIENTED_EDGE('',*,*,#1598,.T.);
#949=ORIENTED_EDGE('',*,*,#1619,.T.);
#950=ORIENTED_EDGE('',*,*,#1590,.T.);
#951=ORIENTED_EDGE('',*,*,#1620,.T.);
#952=ORIENTED_EDGE('',*,*,#1469,.F.);
#953=ORIENTED_EDGE('',*,*,#1621,.T.);
#954=ORIENTED_EDGE('',*,*,#1599,.F.);
#955=ORIENTED_EDGE('',*,*,#1622,.F.);
#956=ORIENTED_EDGE('',*,*,#1622,.T.);
#957=ORIENTED_EDGE('',*,*,#1620,.F.);
#958=ORIENTED_EDGE('',*,*,#1623,.F.);
#959=ORIENTED_EDGE('',*,*,#1470,.F.);
#960=ORIENTED_EDGE('',*,*,#1601,.F.);
#961=ORIENTED_EDGE('',*,*,#1624,.T.);
#962=ORIENTED_EDGE('',*,*,#1607,.F.);
#963=ORIENTED_EDGE('',*,*,#1625,.F.);
#964=ORIENTED_EDGE('',*,*,#1595,.F.);
#965=ORIENTED_EDGE('',*,*,#1626,.T.);
#966=ORIENTED_EDGE('',*,*,#1471,.F.);
#967=ORIENTED_EDGE('',*,*,#1623,.T.);
#968=ORIENTED_EDGE('',*,*,#1625,.T.);
#969=ORIENTED_EDGE('',*,*,#1606,.F.);
#970=ORIENTED_EDGE('',*,*,#1627,.F.);
#971=ORIENTED_EDGE('',*,*,#1618,.F.);
#972=ORIENTED_EDGE('',*,*,#1605,.F.);
#973=ORIENTED_EDGE('',*,*,#1628,.T.);
#974=ORIENTED_EDGE('',*,*,#1593,.F.);
#975=ORIENTED_EDGE('',*,*,#1627,.T.);
#976=ORIENTED_EDGE('',*,*,#1468,.F.);
#977=ORIENTED_EDGE('',*,*,#1629,.T.);
#978=ORIENTED_EDGE('',*,*,#1602,.F.);
#979=ORIENTED_EDGE('',*,*,#1630,.F.);
#980=ORIENTED_EDGE('',*,*,#1621,.F.);
#981=ORIENTED_EDGE('',*,*,#1630,.T.);
#982=ORIENTED_EDGE('',*,*,#1624,.F.);
#983=ORIENTED_EDGE('',*,*,#1600,.T.);
#984=ORIENTED_EDGE('',*,*,#1604,.F.);
#985=ORIENTED_EDGE('',*,*,#1631,.T.);
#986=ORIENTED_EDGE('',*,*,#1466,.F.);
#987=ORIENTED_EDGE('',*,*,#1632,.F.);
#988=ORIENTED_EDGE('',*,*,#1626,.F.);
#989=ORIENTED_EDGE('',*,*,#1594,.T.);
#990=ORIENTED_EDGE('',*,*,#1628,.F.);
#991=ORIENTED_EDGE('',*,*,#1632,.T.);
#992=ORIENTED_EDGE('',*,*,#1633,.F.);
#993=ORIENTED_EDGE('',*,*,#1631,.F.);
#994=ORIENTED_EDGE('',*,*,#1634,.F.);
#995=ORIENTED_EDGE('',*,*,#1513,.F.);
#996=ORIENTED_EDGE('',*,*,#1634,.T.);
#997=ORIENTED_EDGE('',*,*,#1603,.F.);
#998=ORIENTED_EDGE('',*,*,#1635,.F.);
#999=ORIENTED_EDGE('',*,*,#1510,.F.);
#1000=ORIENTED_EDGE('',*,*,#1633,.T.);
#1001=ORIENTED_EDGE('',*,*,#1512,.F.);
#1002=ORIENTED_EDGE('',*,*,#1636,.F.);
#1003=ORIENTED_EDGE('',*,*,#1467,.F.);
#1004=ORIENTED_EDGE('',*,*,#1635,.T.);
#1005=ORIENTED_EDGE('',*,*,#1629,.F.);
#1006=ORIENTED_EDGE('',*,*,#1636,.T.);
#1007=ORIENTED_EDGE('',*,*,#1511,.F.);
#1008=ORIENTED_EDGE('',*,*,#1591,.F.);
#1009=ORIENTED_EDGE('',*,*,#1619,.F.);
#1010=ORIENTED_EDGE('',*,*,#1597,.F.);
#1011=ORIENTED_EDGE('',*,*,#1617,.F.);
#1012=ORIENTED_EDGE('',*,*,#1494,.T.);
#1013=ORIENTED_EDGE('',*,*,#1637,.T.);
#1014=ORIENTED_EDGE('',*,*,#1482,.F.);
#1015=ORIENTED_EDGE('',*,*,#1638,.T.);
#1016=ORIENTED_EDGE('',*,*,#1490,.T.);
#1017=ORIENTED_EDGE('',*,*,#1639,.T.);
#1018=ORIENTED_EDGE('',*,*,#1640,.T.);
#1019=ORIENTED_EDGE('',*,*,#1641,.T.);
#1020=ORIENTED_EDGE('',*,*,#1642,.T.);
#1021=ORIENTED_EDGE('',*,*,#1643,.T.);
#1022=ORIENTED_EDGE('',*,*,#1644,.T.);
#1023=ORIENTED_EDGE('',*,*,#1645,.T.);
#1024=ORIENTED_EDGE('',*,*,#1488,.F.);
#1025=ORIENTED_EDGE('',*,*,#1646,.T.);
#1026=ORIENTED_EDGE('',*,*,#1486,.F.);
#1027=ORIENTED_EDGE('',*,*,#1647,.T.);
#1028=ORIENTED_EDGE('',*,*,#1496,.F.);
#1029=ORIENTED_EDGE('',*,*,#1648,.T.);
#1030=ORIENTED_EDGE('',*,*,#1649,.F.);
#1031=ORIENTED_EDGE('',*,*,#1650,.T.);
#1032=ORIENTED_EDGE('',*,*,#1640,.F.);
#1033=ORIENTED_EDGE('',*,*,#1651,.T.);
#1034=ORIENTED_EDGE('',*,*,#1649,.T.);
#1035=ORIENTED_EDGE('',*,*,#1652,.T.);
#1036=ORIENTED_EDGE('',*,*,#1653,.F.);
#1037=ORIENTED_EDGE('',*,*,#1654,.T.);
#1038=ORIENTED_EDGE('',*,*,#1655,.F.);
#1039=ORIENTED_EDGE('',*,*,#1656,.T.);
#1040=ORIENTED_EDGE('',*,*,#1642,.F.);
#1041=ORIENTED_EDGE('',*,*,#1657,.T.);
#1042=ORIENTED_EDGE('',*,*,#1655,.T.);
#1043=ORIENTED_EDGE('',*,*,#1658,.T.);
#1044=ORIENTED_EDGE('',*,*,#1644,.F.);
#1045=ORIENTED_EDGE('',*,*,#1659,.T.);
#1046=ORIENTED_EDGE('',*,*,#1653,.T.);
#1047=ORIENTED_EDGE('',*,*,#1660,.T.);
#1048=ORIENTED_EDGE('',*,*,#1645,.F.);
#1049=ORIENTED_EDGE('',*,*,#1660,.F.);
#1050=ORIENTED_EDGE('',*,*,#1656,.F.);
#1051=ORIENTED_EDGE('',*,*,#1657,.F.);
#1052=ORIENTED_EDGE('',*,*,#1643,.F.);
#1053=ORIENTED_EDGE('',*,*,#1658,.F.);
#1054=ORIENTED_EDGE('',*,*,#1654,.F.);
#1055=ORIENTED_EDGE('',*,*,#1659,.F.);
#1056=ORIENTED_EDGE('',*,*,#1516,.T.);
#1057=ORIENTED_EDGE('',*,*,#1661,.T.);
#1058=ORIENTED_EDGE('',*,*,#1662,.T.);
#1059=ORIENTED_EDGE('',*,*,#1663,.T.);
#1060=ORIENTED_EDGE('',*,*,#1664,.F.);
#1061=ORIENTED_EDGE('',*,*,#1587,.T.);
#1062=ORIENTED_EDGE('',*,*,#1665,.F.);
#1063=ORIENTED_EDGE('',*,*,#1662,.F.);
#1064=ORIENTED_EDGE('',*,*,#1666,.F.);
#1065=ORIENTED_EDGE('',*,*,#1667,.F.);
#1066=ORIENTED_EDGE('',*,*,#1668,.F.);
#1067=ORIENTED_EDGE('',*,*,#1669,.T.);
#1068=ORIENTED_EDGE('',*,*,#1514,.T.);
#1069=ORIENTED_EDGE('',*,*,#1670,.T.);
#1070=ORIENTED_EDGE('',*,*,#1667,.T.);
#1071=ORIENTED_EDGE('',*,*,#1671,.T.);
#1072=ORIENTED_EDGE('',*,*,#1672,.F.);
#1073=ORIENTED_EDGE('',*,*,#1673,.F.);
#1074=ORIENTED_EDGE('',*,*,#1674,.F.);
#1075=ORIENTED_EDGE('',*,*,#1675,.T.);
#1076=ORIENTED_EDGE('',*,*,#1518,.T.);
#1077=ORIENTED_EDGE('',*,*,#1676,.T.);
#1078=ORIENTED_EDGE('',*,*,#1673,.T.);
#1079=ORIENTED_EDGE('',*,*,#1677,.T.);
#1080=ORIENTED_EDGE('',*,*,#1678,.F.);
#1081=ORIENTED_EDGE('',*,*,#1679,.T.);
#1082=ORIENTED_EDGE('',*,*,#1501,.F.);
#1083=ORIENTED_EDGE('',*,*,#1680,.T.);
#1084=ORIENTED_EDGE('',*,*,#1678,.T.);
#1085=ORIENTED_EDGE('',*,*,#1681,.T.);
#1086=ORIENTED_EDGE('',*,*,#1682,.T.);
#1087=ORIENTED_EDGE('',*,*,#1683,.T.);
#1088=ORIENTED_EDGE('',*,*,#1684,.T.);
#1089=ORIENTED_EDGE('',*,*,#1685,.T.);
#1090=ORIENTED_EDGE('',*,*,#1503,.F.);
#1091=ORIENTED_EDGE('',*,*,#1686,.T.);
#1092=ORIENTED_EDGE('',*,*,#1684,.F.);
#1093=ORIENTED_EDGE('',*,*,#1687,.T.);
#1094=ORIENTED_EDGE('',*,*,#1688,.T.);
#1095=ORIENTED_EDGE('',*,*,#1689,.T.);
#1096=ORIENTED_EDGE('',*,*,#1675,.F.);
#1097=ORIENTED_EDGE('',*,*,#1690,.T.);
#1098=ORIENTED_EDGE('',*,*,#1688,.F.);
#1099=ORIENTED_EDGE('',*,*,#1691,.T.);
#1100=ORIENTED_EDGE('',*,*,#1669,.F.);
#1101=ORIENTED_EDGE('',*,*,#1692,.T.);
#1102=ORIENTED_EDGE('',*,*,#1682,.F.);
#1103=ORIENTED_EDGE('',*,*,#1693,.T.);
#1104=ORIENTED_EDGE('',*,*,#1492,.F.);
#1105=ORIENTED_EDGE('',*,*,#1694,.T.);
#1106=ORIENTED_EDGE('',*,*,#1480,.T.);
#1107=ORIENTED_EDGE('',*,*,#1695,.T.);
#1108=ORIENTED_EDGE('',*,*,#1484,.T.);
#1109=ORIENTED_EDGE('',*,*,#1696,.T.);
#1110=ORIENTED_EDGE('',*,*,#1498,.F.);
#1111=ORIENTED_EDGE('',*,*,#1697,.T.);
#1112=ORIENTED_EDGE('',*,*,#1664,.T.);
#1113=ORIENTED_EDGE('',*,*,#1661,.F.);
#1114=ORIENTED_EDGE('',*,*,#1515,.F.);
#1115=ORIENTED_EDGE('',*,*,#1671,.F.);
#1116=ORIENTED_EDGE('',*,*,#1666,.T.);
#1117=ORIENTED_EDGE('',*,*,#1693,.F.);
#1118=ORIENTED_EDGE('',*,*,#1681,.F.);
#1119=ORIENTED_EDGE('',*,*,#1680,.F.);
#1120=ORIENTED_EDGE('',*,*,#1500,.T.);
#1121=ORIENTED_EDGE('',*,*,#1585,.F.);
#1122=ORIENTED_EDGE('',*,*,#1582,.F.);
#1123=ORIENTED_EDGE('',*,*,#1588,.F.);
#1124=ORIENTED_EDGE('',*,*,#1687,.F.);
#1125=ORIENTED_EDGE('',*,*,#1686,.F.);
#1126=ORIENTED_EDGE('',*,*,#1502,.T.);
#1127=ORIENTED_EDGE('',*,*,#1679,.F.);
#1128=ORIENTED_EDGE('',*,*,#1683,.F.);
#1129=ORIENTED_EDGE('',*,*,#1692,.F.);
#1130=ORIENTED_EDGE('',*,*,#1668,.T.);
#1131=ORIENTED_EDGE('',*,*,#1670,.F.);
#1132=ORIENTED_EDGE('',*,*,#1519,.F.);
#1133=ORIENTED_EDGE('',*,*,#1677,.F.);
#1134=ORIENTED_EDGE('',*,*,#1672,.T.);
#1135=ORIENTED_EDGE('',*,*,#1691,.F.);
#1136=ORIENTED_EDGE('',*,*,#1665,.T.);
#1137=ORIENTED_EDGE('',*,*,#1589,.F.);
#1138=ORIENTED_EDGE('',*,*,#1584,.F.);
#1139=ORIENTED_EDGE('',*,*,#1586,.F.);
#1140=ORIENTED_EDGE('',*,*,#1504,.T.);
#1141=ORIENTED_EDGE('',*,*,#1685,.F.);
#1142=ORIENTED_EDGE('',*,*,#1689,.F.);
#1143=ORIENTED_EDGE('',*,*,#1690,.F.);
#1144=ORIENTED_EDGE('',*,*,#1674,.T.);
#1145=ORIENTED_EDGE('',*,*,#1676,.F.);
#1146=ORIENTED_EDGE('',*,*,#1517,.F.);
#1147=ORIENTED_EDGE('',*,*,#1663,.F.);
#1148=ORIENTED_EDGE('',*,*,#1615,.T.);
#1149=ORIENTED_EDGE('',*,*,#1545,.F.);
#1150=ORIENTED_EDGE('',*,*,#1698,.F.);
#1151=ORIENTED_EDGE('',*,*,#1699,.T.);
#1152=ORIENTED_EDGE('',*,*,#1473,.F.);
#1153=ORIENTED_EDGE('',*,*,#1700,.F.);
#1154=ORIENTED_EDGE('',*,*,#1701,.F.);
#1155=ORIENTED_EDGE('',*,*,#1700,.T.);
#1156=ORIENTED_EDGE('',*,*,#1472,.F.);
#1157=ORIENTED_EDGE('',*,*,#1702,.F.);
#1158=ORIENTED_EDGE('',*,*,#1703,.F.);
#1159=ORIENTED_EDGE('',*,*,#1704,.T.);
#1160=ORIENTED_EDGE('',*,*,#1705,.F.);
#1161=ORIENTED_EDGE('',*,*,#1444,.F.);
#1162=ORIENTED_EDGE('',*,*,#1706,.T.);
#1163=ORIENTED_EDGE('',*,*,#1442,.T.);
#1164=ORIENTED_EDGE('',*,*,#1707,.F.);
#1165=ORIENTED_EDGE('',*,*,#1708,.F.);
#1166=ORIENTED_EDGE('',*,*,#1709,.F.);
#1167=ORIENTED_EDGE('',*,*,#1702,.T.);
#1168=ORIENTED_EDGE('',*,*,#1475,.F.);
#1169=ORIENTED_EDGE('',*,*,#1710,.F.);
#1170=ORIENTED_EDGE('',*,*,#1711,.F.);
#1171=ORIENTED_EDGE('',*,*,#1710,.T.);
#1172=ORIENTED_EDGE('',*,*,#1474,.F.);
#1173=ORIENTED_EDGE('',*,*,#1699,.F.);
#1174=ORIENTED_EDGE('',*,*,#1712,.F.);
#1175=ORIENTED_EDGE('',*,*,#1713,.T.);
#1176=ORIENTED_EDGE('',*,*,#1714,.F.);
#1177=ORIENTED_EDGE('',*,*,#1440,.F.);
#1178=ORIENTED_EDGE('',*,*,#1715,.T.);
#1179=ORIENTED_EDGE('',*,*,#1446,.T.);
#1180=ORIENTED_EDGE('',*,*,#1716,.F.);
#1181=ORIENTED_EDGE('',*,*,#1717,.F.);
#1182=ORIENTED_EDGE('',*,*,#1718,.T.);
#1183=ORIENTED_EDGE('',*,*,#1719,.F.);
#1184=ORIENTED_EDGE('',*,*,#1458,.T.);
#1185=ORIENTED_EDGE('',*,*,#1720,.T.);
#1186=ORIENTED_EDGE('',*,*,#1721,.T.);
#1187=ORIENTED_EDGE('',*,*,#1722,.F.);
#1188=ORIENTED_EDGE('',*,*,#1459,.T.);
#1189=ORIENTED_EDGE('',*,*,#1719,.T.);
#1190=ORIENTED_EDGE('',*,*,#1723,.T.);
#1191=ORIENTED_EDGE('',*,*,#1724,.F.);
#1192=ORIENTED_EDGE('',*,*,#1460,.T.);
#1193=ORIENTED_EDGE('',*,*,#1722,.T.);
#1194=ORIENTED_EDGE('',*,*,#1725,.T.);
#1195=ORIENTED_EDGE('',*,*,#1720,.F.);
#1196=ORIENTED_EDGE('',*,*,#1461,.T.);
#1197=ORIENTED_EDGE('',*,*,#1724,.T.);
#1198=ORIENTED_EDGE('',*,*,#1718,.F.);
#1199=ORIENTED_EDGE('',*,*,#1725,.F.);
#1200=ORIENTED_EDGE('',*,*,#1723,.F.);
#1201=ORIENTED_EDGE('',*,*,#1721,.F.);
#1202=ORIENTED_EDGE('',*,*,#1715,.F.);
#1203=ORIENTED_EDGE('',*,*,#1443,.F.);
#1204=ORIENTED_EDGE('',*,*,#1706,.F.);
#1205=ORIENTED_EDGE('',*,*,#1447,.F.);
#1206=ORIENTED_EDGE('',*,*,#1707,.T.);
#1207=ORIENTED_EDGE('',*,*,#1441,.T.);
#1208=ORIENTED_EDGE('',*,*,#1714,.T.);
#1209=ORIENTED_EDGE('',*,*,#1726,.T.);
#1210=ORIENTED_EDGE('',*,*,#1698,.T.);
#1211=ORIENTED_EDGE('',*,*,#1701,.T.);
#1212=ORIENTED_EDGE('',*,*,#1727,.F.);
#1213=ORIENTED_EDGE('',*,*,#1712,.T.);
#1214=ORIENTED_EDGE('',*,*,#1727,.T.);
#1215=ORIENTED_EDGE('',*,*,#1708,.T.);
#1216=ORIENTED_EDGE('',*,*,#1726,.F.);
#1217=ORIENTED_EDGE('',*,*,#1713,.F.);
#1218=ORIENTED_EDGE('',*,*,#1705,.T.);
#1219=ORIENTED_EDGE('',*,*,#1728,.T.);
#1220=ORIENTED_EDGE('',*,*,#1716,.T.);
#1221=ORIENTED_EDGE('',*,*,#1445,.F.);
#1222=ORIENTED_EDGE('',*,*,#1729,.F.);
#1223=ORIENTED_EDGE('',*,*,#1703,.T.);
#1224=ORIENTED_EDGE('',*,*,#1709,.T.);
#1225=ORIENTED_EDGE('',*,*,#1711,.T.);
#1226=ORIENTED_EDGE('',*,*,#1729,.T.);
#1227=ORIENTED_EDGE('',*,*,#1717,.T.);
#1228=ORIENTED_EDGE('',*,*,#1728,.F.);
#1229=ORIENTED_EDGE('',*,*,#1704,.F.);
#1230=ORIENTED_EDGE('',*,*,#1650,.F.);
#1231=ORIENTED_EDGE('',*,*,#1651,.F.);
#1232=ORIENTED_EDGE('',*,*,#1639,.F.);
#1233=ORIENTED_EDGE('',*,*,#1489,.F.);
#1234=ORIENTED_EDGE('',*,*,#1641,.F.);
#1235=ORIENTED_EDGE('',*,*,#1652,.F.);
#1236=ORIENTED_EDGE('',*,*,#1648,.F.);
#1237=ORIENTED_EDGE('',*,*,#1495,.F.);
#1238=ORIENTED_EDGE('',*,*,#1483,.F.);
#1239=ORIENTED_EDGE('',*,*,#1637,.F.);
#1240=ORIENTED_EDGE('',*,*,#1499,.F.);
#1241=ORIENTED_EDGE('',*,*,#1696,.F.);
#1242=ORIENTED_EDGE('',*,*,#1481,.F.);
#1243=ORIENTED_EDGE('',*,*,#1694,.F.);
#1244=ORIENTED_EDGE('',*,*,#1491,.F.);
#1245=ORIENTED_EDGE('',*,*,#1638,.F.);
#1246=ORIENTED_EDGE('',*,*,#1487,.F.);
#1247=ORIENTED_EDGE('',*,*,#1646,.F.);
#1248=ORIENTED_EDGE('',*,*,#1493,.F.);
#1249=ORIENTED_EDGE('',*,*,#1695,.F.);
#1250=ORIENTED_EDGE('',*,*,#1485,.F.);
#1251=ORIENTED_EDGE('',*,*,#1697,.F.);
#1252=ORIENTED_EDGE('',*,*,#1497,.F.);
#1253=ORIENTED_EDGE('',*,*,#1647,.F.);
#1254=VERTEX_POINT('',#2783);
#1255=VERTEX_POINT('',#2784);
#1256=VERTEX_POINT('',#2786);
#1257=VERTEX_POINT('',#2788);
#1258=VERTEX_POINT('',#2792);
#1259=VERTEX_POINT('',#2793);
#1260=VERTEX_POINT('',#2795);
#1261=VERTEX_POINT('',#2797);
#1262=VERTEX_POINT('',#2801);
#1263=VERTEX_POINT('',#2802);
#1264=VERTEX_POINT('',#2804);
#1265=VERTEX_POINT('',#2806);
#1266=VERTEX_POINT('',#2809);
#1267=VERTEX_POINT('',#2810);
#1268=VERTEX_POINT('',#2812);
#1269=VERTEX_POINT('',#2814);
#1270=VERTEX_POINT('',#2816);
#1271=VERTEX_POINT('',#2818);
#1272=VERTEX_POINT('',#2876);
#1273=VERTEX_POINT('',#2877);
#1274=VERTEX_POINT('',#2879);
#1275=VERTEX_POINT('',#2881);
#1276=VERTEX_POINT('',#2885);
#1277=VERTEX_POINT('',#2886);
#1278=VERTEX_POINT('',#2888);
#1279=VERTEX_POINT('',#2890);
#1280=VERTEX_POINT('',#2893);
#1281=VERTEX_POINT('',#2894);
#1282=VERTEX_POINT('',#3046);
#1283=VERTEX_POINT('',#3048);
#1284=VERTEX_POINT('',#3050);
#1285=VERTEX_POINT('',#3052);
#1286=VERTEX_POINT('',#3055);
#1287=VERTEX_POINT('',#3056);
#1288=VERTEX_POINT('',#3058);
#1289=VERTEX_POINT('',#3060);
#1290=VERTEX_POINT('',#3064);
#1291=VERTEX_POINT('',#3065);
#1292=VERTEX_POINT('',#3067);
#1293=VERTEX_POINT('',#3069);
#1294=VERTEX_POINT('',#3072);
#1295=VERTEX_POINT('',#3073);
#1296=VERTEX_POINT('',#3075);
#1297=VERTEX_POINT('',#3077);
#1298=VERTEX_POINT('',#3079);
#1299=VERTEX_POINT('',#3081);
#1300=VERTEX_POINT('',#3083);
#1301=VERTEX_POINT('',#3085);
#1302=VERTEX_POINT('',#3089);
#1303=VERTEX_POINT('',#3090);
#1304=VERTEX_POINT('',#3092);
#1305=VERTEX_POINT('',#3094);
#1306=VERTEX_POINT('',#3096);
#1307=VERTEX_POINT('',#3098);
#1308=VERTEX_POINT('',#3102);
#1309=VERTEX_POINT('',#3103);
#1310=VERTEX_POINT('',#3105);
#1311=VERTEX_POINT('',#3107);
#1312=VERTEX_POINT('',#3109);
#1313=VERTEX_POINT('',#3111);
#1314=VERTEX_POINT('',#3115);
#1315=VERTEX_POINT('',#3116);
#1316=VERTEX_POINT('',#3143);
#1317=VERTEX_POINT('',#3145);
#1318=VERTEX_POINT('',#3172);
#1319=VERTEX_POINT('',#3174);
#1320=VERTEX_POINT('',#3219);
#1321=VERTEX_POINT('',#3220);
#1322=VERTEX_POINT('',#3231);
#1323=VERTEX_POINT('',#3288);
#1324=VERTEX_POINT('',#3544);
#1325=VERTEX_POINT('',#3545);
#1326=VERTEX_POINT('',#3566);
#1327=VERTEX_POINT('',#3742);
#1328=VERTEX_POINT('',#3791);
#1329=VERTEX_POINT('',#3792);
#1330=VERTEX_POINT('',#3794);
#1331=VERTEX_POINT('',#3821);
#1332=VERTEX_POINT('',#3823);
#1333=VERTEX_POINT('',#3850);
#1334=VERTEX_POINT('',#3862);
#1335=VERTEX_POINT('',#3863);
#1336=VERTEX_POINT('',#3865);
#1337=VERTEX_POINT('',#3870);
#1338=VERTEX_POINT('',#3872);
#1339=VERTEX_POINT('',#3874);
#1340=VERTEX_POINT('',#3878);
#1341=VERTEX_POINT('',#3879);
#1342=VERTEX_POINT('',#3881);
#1343=VERTEX_POINT('',#3888);
#1344=VERTEX_POINT('',#3890);
#1345=VERTEX_POINT('',#3892);
#1346=VERTEX_POINT('',#3896);
#1347=VERTEX_POINT('',#3897);
#1348=VERTEX_POINT('',#3899);
#1349=VERTEX_POINT('',#3901);
#1350=VERTEX_POINT('',#3903);
#1351=VERTEX_POINT('',#3905);
#1352=VERTEX_POINT('',#3926);
#1353=VERTEX_POINT('',#3928);
#1354=VERTEX_POINT('',#3932);
#1355=VERTEX_POINT('',#3936);
#1356=VERTEX_POINT('',#3940);
#1357=VERTEX_POINT('',#6982);
#1358=VERTEX_POINT('',#6983);
#1359=VERTEX_POINT('',#6985);
#1360=VERTEX_POINT('',#6987);
#1361=VERTEX_POINT('',#6992);
#1362=VERTEX_POINT('',#6993);
#1363=VERTEX_POINT('',#6995);
#1364=VERTEX_POINT('',#6997);
#1365=VERTEX_POINT('',#7009);
#1366=VERTEX_POINT('',#7010);
#1367=VERTEX_POINT('',#7012);
#1368=VERTEX_POINT('',#7014);
#1369=VERTEX_POINT('',#7021);
#1370=VERTEX_POINT('',#7022);
#1371=VERTEX_POINT('',#7027);
#1372=VERTEX_POINT('',#7028);
#1373=VERTEX_POINT('',#7030);
#1374=VERTEX_POINT('',#7032);
#1375=VERTEX_POINT('',#7034);
#1376=VERTEX_POINT('',#7039);
#1377=VERTEX_POINT('',#7043);
#1378=VERTEX_POINT('',#7044);
#1379=VERTEX_POINT('',#7046);
#1380=VERTEX_POINT('',#7048);
#1381=VERTEX_POINT('',#7050);
#1382=VERTEX_POINT('',#7057);
#1383=VERTEX_POINT('',#7061);
#1384=VERTEX_POINT('',#7062);
#1385=VERTEX_POINT('',#7081);
#1386=VERTEX_POINT('',#7083);
#1387=VERTEX_POINT('',#7085);
#1388=VERTEX_POINT('',#7087);
#1389=VERTEX_POINT('',#7091);
#1390=VERTEX_POINT('',#7093);
#1391=VERTEX_POINT('',#7097);
#1392=VERTEX_POINT('',#7101);
#1393=VERTEX_POINT('',#7105);
#1394=VERTEX_POINT('',#8232);
#1395=VERTEX_POINT('',#8234);
#1396=VERTEX_POINT('',#8238);
#1397=VERTEX_POINT('',#8239);
#1398=VERTEX_POINT('',#8241);
#1399=VERTEX_POINT('',#8243);
#1400=VERTEX_POINT('',#8248);
#1401=VERTEX_POINT('',#8250);
#1402=VERTEX_POINT('',#8257);
#1403=VERTEX_POINT('',#8258);
#1404=VERTEX_POINT('',#8260);
#1405=VERTEX_POINT('',#8262);
#1406=VERTEX_POINT('',#8274);
#1407=VERTEX_POINT('',#8276);
#1408=VERTEX_POINT('',#8283);
#1409=VERTEX_POINT('',#8284);
#1410=VERTEX_POINT('',#8286);
#1411=VERTEX_POINT('',#8288);
#1412=VERTEX_POINT('',#8295);
#1413=VERTEX_POINT('',#8296);
#1414=VERTEX_POINT('',#8298);
#1415=VERTEX_POINT('',#8300);
#1416=VERTEX_POINT('',#8307);
#1417=VERTEX_POINT('',#8308);
#1418=VERTEX_POINT('',#8313);
#1419=VERTEX_POINT('',#8315);
#1420=VERTEX_POINT('',#8319);
#1421=VERTEX_POINT('',#8320);
#1422=VERTEX_POINT('',#8325);
#1423=VERTEX_POINT('',#8327);
#1424=VERTEX_POINT('',#8347);
#1425=VERTEX_POINT('',#8348);
#1426=VERTEX_POINT('',#8353);
#1427=VERTEX_POINT('',#8355);
#1428=VERTEX_POINT('',#8357);
#1429=VERTEX_POINT('',#8359);
#1430=VERTEX_POINT('',#8363);
#1431=VERTEX_POINT('',#8367);
#1432=VERTEX_POINT('',#8371);
#1433=VERTEX_POINT('',#8373);
#1434=VERTEX_POINT('',#8375);
#1435=VERTEX_POINT('',#8379);
#1436=VERTEX_POINT('',#8383);
#1437=VERTEX_POINT('',#8384);
#1438=VERTEX_POINT('',#8389);
#1439=VERTEX_POINT('',#8393);
#1440=EDGE_CURVE('',#1254,#1255,#1730,.T.);
#1441=EDGE_CURVE('',#1256,#1255,#1731,.T.);
#1442=EDGE_CURVE('',#1257,#1256,#1732,.T.);
#1443=EDGE_CURVE('',#1257,#1254,#1733,.T.);
#1444=EDGE_CURVE('',#1258,#1259,#1734,.T.);
#1445=EDGE_CURVE('',#1259,#1260,#1735,.T.);
#1446=EDGE_CURVE('',#1261,#1260,#1736,.T.);
#1447=EDGE_CURVE('',#1261,#1258,#1737,.T.);
#1448=EDGE_CURVE('',#1262,#1263,#1738,.T.);
#1449=EDGE_CURVE('',#1263,#1264,#1739,.T.);
#1450=EDGE_CURVE('',#1264,#1265,#1740,.T.);
#1451=EDGE_CURVE('',#1265,#1262,#1741,.T.);
#1452=EDGE_CURVE('',#1266,#1267,#1742,.T.);
#1453=EDGE_CURVE('',#1268,#1266,#239,.T.);
#1454=EDGE_CURVE('',#1269,#1268,#1743,.T.);
#1455=EDGE_CURVE('',#1270,#1269,#240,.T.);
#1456=EDGE_CURVE('',#1271,#1270,#1744,.T.);
#1457=EDGE_CURVE('',#1267,#1271,#201,.T.);
#1458=EDGE_CURVE('',#1272,#1273,#1745,.T.);
#1459=EDGE_CURVE('',#1274,#1272,#1746,.T.);
#1460=EDGE_CURVE('',#1275,#1274,#1747,.T.);
#1461=EDGE_CURVE('',#1273,#1275,#1748,.T.);
#1462=EDGE_CURVE('',#1276,#1277,#1749,.T.);
#1463=EDGE_CURVE('',#1278,#1276,#1750,.T.);
#1464=EDGE_CURVE('',#1279,#1278,#1751,.T.);
#1465=EDGE_CURVE('',#1277,#1279,#1752,.T.);
#1466=EDGE_CURVE('',#1280,#1281,#1753,.T.);
#1467=EDGE_CURVE('',#1281,#1282,#202,.T.);
#1468=EDGE_CURVE('',#1282,#1283,#1754,.T.);
#1469=EDGE_CURVE('',#1283,#1284,#241,.T.);
#1470=EDGE_CURVE('',#1284,#1285,#1755,.T.);
#1471=EDGE_CURVE('',#1285,#1280,#242,.T.);
#1472=EDGE_CURVE('',#1286,#1287,#1756,.T.);
#1473=EDGE_CURVE('',#1287,#1288,#1757,.T.);
#1474=EDGE_CURVE('',#1288,#1289,#1758,.T.);
#1475=EDGE_CURVE('',#1289,#1286,#1759,.T.);
#1476=EDGE_CURVE('',#1290,#1291,#1760,.T.);
#1477=EDGE_CURVE('',#1292,#1290,#1761,.T.);
#1478=EDGE_CURVE('',#1292,#1293,#1762,.T.);
#1479=EDGE_CURVE('',#1291,#1293,#1763,.T.);
#1480=EDGE_CURVE('',#1294,#1295,#1764,.T.);
#1481=EDGE_CURVE('',#1294,#1296,#107,.T.);
#1482=EDGE_CURVE('',#1296,#1297,#1765,.T.);
#1483=EDGE_CURVE('',#1297,#1298,#108,.T.);
#1484=EDGE_CURVE('',#1299,#1298,#1766,.T.);
#1485=EDGE_CURVE('',#1299,#1300,#109,.T.);
#1486=EDGE_CURVE('',#1300,#1301,#1767,.T.);
#1487=EDGE_CURVE('',#1301,#1295,#110,.T.);
#1488=EDGE_CURVE('',#1302,#1303,#1768,.T.);
#1489=EDGE_CURVE('',#1303,#1304,#1769,.T.);
#1490=EDGE_CURVE('',#1305,#1304,#1770,.T.);
#1491=EDGE_CURVE('',#1305,#1306,#111,.T.);
#1492=EDGE_CURVE('',#1306,#1307,#1771,.T.);
#1493=EDGE_CURVE('',#1307,#1302,#112,.T.);
#1494=EDGE_CURVE('',#1308,#1309,#1772,.T.);
#1495=EDGE_CURVE('',#1308,#1310,#1773,.T.);
#1496=EDGE_CURVE('',#1310,#1311,#1774,.T.);
#1497=EDGE_CURVE('',#1311,#1312,#113,.T.);
#1498=EDGE_CURVE('',#1312,#1313,#1775,.T.);
#1499=EDGE_CURVE('',#1313,#1309,#114,.T.);
#1500=EDGE_CURVE('',#1314,#1315,#115,.T.);
#1501=EDGE_CURVE('',#1314,#1316,#203,.T.);
#1502=EDGE_CURVE('',#1317,#1316,#116,.T.);
#1503=EDGE_CURVE('',#1317,#1318,#204,.T.);
#1504=EDGE_CURVE('',#1319,#1318,#117,.T.);
#1505=EDGE_CURVE('',#1315,#1319,#205,.T.);
#1506=EDGE_CURVE('',#1320,#1321,#206,.T.);
#1507=EDGE_CURVE('',#1322,#1320,#207,.T.);
#1508=EDGE_CURVE('',#1323,#1322,#208,.T.);
#1509=EDGE_CURVE('',#1321,#1323,#209,.T.);
#1510=EDGE_CURVE('',#1324,#1325,#97,.T.);
#1511=EDGE_CURVE('',#1325,#1326,#210,.T.);
#1512=EDGE_CURVE('',#1326,#1327,#211,.T.);
#1513=EDGE_CURVE('',#1327,#1324,#212,.T.);
#1514=EDGE_CURVE('',#1328,#1329,#213,.T.);
#1515=EDGE_CURVE('',#1328,#1330,#118,.T.);
#1516=EDGE_CURVE('',#1331,#1330,#214,.T.);
#1517=EDGE_CURVE('',#1331,#1332,#119,.T.);
#1518=EDGE_CURVE('',#1333,#1332,#215,.T.);
#1519=EDGE_CURVE('',#1333,#1329,#120,.T.);
#1520=EDGE_CURVE('',#1334,#1335,#1776,.T.);
#1521=EDGE_CURVE('',#1336,#1335,#243,.T.);
#1522=EDGE_CURVE('',#1336,#1337,#217,.T.);
#1523=EDGE_CURVE('',#1338,#1337,#121,.T.);
#1524=EDGE_CURVE('',#1338,#1339,#1777,.T.);
#1525=EDGE_CURVE('',#1334,#1339,#122,.T.);
#1526=EDGE_CURVE('',#1340,#1341,#1778,.T.);
#1527=EDGE_CURVE('',#1342,#1341,#123,.T.);
#1528=EDGE_CURVE('',#1342,#1343,#218,.T.);
#1529=EDGE_CURVE('',#1344,#1343,#244,.T.);
#1530=EDGE_CURVE('',#1344,#1345,#1779,.T.);
#1531=EDGE_CURVE('',#1340,#1345,#124,.T.);
#1532=EDGE_CURVE('',#1346,#1347,#1780,.T.);
#1533=EDGE_CURVE('',#1348,#1346,#125,.T.);
#1534=EDGE_CURVE('',#1349,#1348,#126,.T.);
#1535=EDGE_CURVE('',#1350,#1349,#127,.T.);
#1536=EDGE_CURVE('',#1351,#1350,#1781,.T.);
#1537=EDGE_CURVE('',#1347,#1351,#219,.T.);
#1538=EDGE_CURVE('',#1264,#1352,#1782,.T.);
#1539=EDGE_CURVE('',#1353,#1352,#1783,.T.);
#1540=EDGE_CURVE('',#1265,#1353,#1784,.T.);
#1541=EDGE_CURVE('',#1352,#1354,#1785,.T.);
#1542=EDGE_CURVE('',#1354,#1263,#1786,.T.);
#1543=EDGE_CURVE('',#1355,#1353,#1787,.T.);
#1544=EDGE_CURVE('',#1355,#1262,#1788,.T.);
#1545=EDGE_CURVE('',#1356,#1356,#128,.T.);
#1546=EDGE_CURVE('',#1355,#1354,#1789,.T.);
#1547=EDGE_CURVE('',#1341,#1338,#129,.T.);
#1548=EDGE_CURVE('',#1339,#1340,#130,.T.);
#1549=EDGE_CURVE('',#1335,#1344,#1790,.T.);
#1550=EDGE_CURVE('',#1345,#1334,#1791,.T.);
#1551=EDGE_CURVE('',#1269,#1344,#131,.T.);
#1552=EDGE_CURVE('',#1270,#1343,#132,.T.);
#1553=EDGE_CURVE('',#1268,#1335,#133,.T.);
#1554=EDGE_CURVE('',#1341,#1348,#134,.T.);
#1555=EDGE_CURVE('',#1342,#1346,#135,.T.);
#1556=EDGE_CURVE('',#1336,#1266,#136,.T.);
#1557=EDGE_CURVE('',#1338,#1349,#137,.T.);
#1558=EDGE_CURVE('',#1350,#1337,#138,.T.);
#1559=EDGE_CURVE('',#1270,#1346,#220,.T.);
#1560=EDGE_CURVE('',#1271,#1347,#221,.T.);
#1561=EDGE_CURVE('',#1350,#1266,#222,.T.);
#1562=EDGE_CURVE('',#1351,#1267,#223,.T.);
#1563=EDGE_CURVE('',#1267,#1322,#224,.T.);
#1564=EDGE_CURVE('',#1320,#1351,#225,.T.);
#1565=EDGE_CURVE('',#1321,#1347,#226,.T.);
#1566=EDGE_CURVE('',#1271,#1323,#227,.T.);
#1567=EDGE_CURVE('',#1293,#1292,#139,.T.);
#1568=EDGE_CURVE('',#1291,#1290,#140,.T.);
#1569=EDGE_CURVE('',#1357,#1358,#141,.T.);
#1570=EDGE_CURVE('',#1359,#1357,#142,.T.);
#1571=EDGE_CURVE('',#1360,#1359,#1792,.T.);
#1572=EDGE_CURVE('',#1358,#1360,#143,.T.);
#1573=EDGE_CURVE('',#1361,#1362,#144,.T.);
#1574=EDGE_CURVE('',#1363,#1362,#145,.T.);
#1575=EDGE_CURVE('',#1363,#1364,#1793,.T.);
#1576=EDGE_CURVE('',#1361,#1364,#146,.T.);
#1577=EDGE_CURVE('',#1364,#1359,#1794,.T.);
#1578=EDGE_CURVE('',#1360,#1363,#1795,.T.);
#1579=EDGE_CURVE('',#1362,#1358,#1796,.T.);
#1580=EDGE_CURVE('',#1357,#1361,#1797,.T.);
#1581=EDGE_CURVE('',#1365,#1366,#147,.T.);
#1582=EDGE_CURVE('',#1366,#1367,#148,.T.);
#1583=EDGE_CURVE('',#1367,#1368,#149,.T.);
#1584=EDGE_CURVE('',#1368,#1365,#150,.T.);
#1585=EDGE_CURVE('',#1367,#1315,#1798,.T.);
#1586=EDGE_CURVE('',#1319,#1368,#1799,.T.);
#1587=EDGE_CURVE('',#1369,#1370,#151,.T.);
#1588=EDGE_CURVE('',#1369,#1366,#1800,.T.);
#1589=EDGE_CURVE('',#1365,#1370,#1801,.T.);
#1590=EDGE_CURVE('',#1371,#1372,#1802,.T.);
#1591=EDGE_CURVE('',#1371,#1373,#152,.T.);
#1592=EDGE_CURVE('',#1374,#1373,#1803,.T.);
#1593=EDGE_CURVE('',#1374,#1375,#153,.T.);
#1594=EDGE_CURVE('',#1376,#1375,#228,.T.);
#1595=EDGE_CURVE('',#1376,#1372,#245,.T.);
#1596=EDGE_CURVE('',#1377,#1378,#1804,.T.);
#1597=EDGE_CURVE('',#1377,#1379,#154,.T.);
#1598=EDGE_CURVE('',#1380,#1379,#1805,.T.);
#1599=EDGE_CURVE('',#1380,#1381,#246,.T.);
#1600=EDGE_CURVE('',#1382,#1381,#229,.T.);
#1601=EDGE_CURVE('',#1382,#1378,#155,.T.);
#1602=EDGE_CURVE('',#1383,#1384,#1806,.T.);
#1603=EDGE_CURVE('',#1384,#1385,#230,.T.);
#1604=EDGE_CURVE('',#1385,#1386,#1807,.T.);
#1605=EDGE_CURVE('',#1386,#1387,#156,.T.);
#1606=EDGE_CURVE('',#1387,#1388,#157,.T.);
#1607=EDGE_CURVE('',#1388,#1383,#158,.T.);
#1608=EDGE_CURVE('',#1279,#1389,#1808,.T.);
#1609=EDGE_CURVE('',#1278,#1390,#1809,.T.);
#1610=EDGE_CURVE('',#1390,#1389,#1810,.T.);
#1611=EDGE_CURVE('',#1389,#1391,#1811,.T.);
#1612=EDGE_CURVE('',#1277,#1391,#1812,.T.);
#1613=EDGE_CURVE('',#1276,#1392,#1813,.T.);
#1614=EDGE_CURVE('',#1392,#1390,#1814,.T.);
#1615=EDGE_CURVE('',#1393,#1393,#159,.T.);
#1616=EDGE_CURVE('',#1392,#1391,#1815,.T.);
#1617=EDGE_CURVE('',#1373,#1377,#160,.T.);
#1618=EDGE_CURVE('',#1378,#1374,#161,.T.);
#1619=EDGE_CURVE('',#1379,#1371,#1816,.T.);
#1620=EDGE_CURVE('',#1372,#1380,#1817,.T.);
#1621=EDGE_CURVE('',#1283,#1381,#162,.T.);
#1622=EDGE_CURVE('',#1284,#1380,#163,.T.);
#1623=EDGE_CURVE('',#1285,#1372,#164,.T.);
#1624=EDGE_CURVE('',#1382,#1383,#165,.T.);
#1625=EDGE_CURVE('',#1378,#1388,#166,.T.);
#1626=EDGE_CURVE('',#1376,#1280,#167,.T.);
#1627=EDGE_CURVE('',#1374,#1387,#168,.T.);
#1628=EDGE_CURVE('',#1386,#1375,#169,.T.);
#1629=EDGE_CURVE('',#1282,#1384,#231,.T.);
#1630=EDGE_CURVE('',#1283,#1383,#232,.T.);
#1631=EDGE_CURVE('',#1385,#1281,#233,.T.);
#1632=EDGE_CURVE('',#1386,#1280,#234,.T.);
#1633=EDGE_CURVE('',#1281,#1327,#235,.T.);
#1634=EDGE_CURVE('',#1324,#1385,#236,.T.);
#1635=EDGE_CURVE('',#1325,#1384,#237,.T.);
#1636=EDGE_CURVE('',#1282,#1326,#238,.T.);
#1637=EDGE_CURVE('',#1309,#1297,#1818,.T.);
#1638=EDGE_CURVE('',#1296,#1305,#1819,.T.);
#1639=EDGE_CURVE('',#1304,#1394,#170,.T.);
#1640=EDGE_CURVE('',#1394,#1395,#171,.T.);
#1641=EDGE_CURVE('',#1395,#1308,#172,.T.);
#1642=EDGE_CURVE('',#1396,#1397,#1820,.T.);
#1643=EDGE_CURVE('',#1397,#1398,#173,.T.);
#1644=EDGE_CURVE('',#1398,#1399,#174,.T.);
#1645=EDGE_CURVE('',#1399,#1396,#175,.T.);
#1646=EDGE_CURVE('',#1302,#1301,#1821,.T.);
#1647=EDGE_CURVE('',#1300,#1311,#1822,.T.);
#1648=EDGE_CURVE('',#1310,#1400,#176,.T.);
#1649=EDGE_CURVE('',#1401,#1400,#177,.T.);
#1650=EDGE_CURVE('',#1401,#1303,#178,.T.);
#1651=EDGE_CURVE('',#1394,#1401,#1823,.T.);
#1652=EDGE_CURVE('',#1400,#1395,#1824,.T.);
#1653=EDGE_CURVE('',#1402,#1403,#179,.T.);
#1654=EDGE_CURVE('',#1402,#1404,#180,.T.);
#1655=EDGE_CURVE('',#1405,#1404,#1825,.T.);
#1656=EDGE_CURVE('',#1405,#1403,#181,.T.);
#1657=EDGE_CURVE('',#1396,#1405,#1826,.T.);
#1658=EDGE_CURVE('',#1404,#1397,#1827,.T.);
#1659=EDGE_CURVE('',#1398,#1402,#1828,.T.);
#1660=EDGE_CURVE('',#1403,#1399,#1829,.T.);
#1661=EDGE_CURVE('',#1330,#1406,#1830,.T.);
#1662=EDGE_CURVE('',#1406,#1407,#182,.T.);
#1663=EDGE_CURVE('',#1407,#1331,#1831,.T.);
#1664=EDGE_CURVE('',#1369,#1406,#183,.T.);
#1665=EDGE_CURVE('',#1407,#1370,#184,.T.);
#1666=EDGE_CURVE('',#1408,#1409,#185,.T.);
#1667=EDGE_CURVE('',#1410,#1408,#186,.T.);
#1668=EDGE_CURVE('',#1411,#1410,#187,.T.);
#1669=EDGE_CURVE('',#1411,#1409,#188,.T.);
#1670=EDGE_CURVE('',#1329,#1410,#1832,.T.);
#1671=EDGE_CURVE('',#1408,#1328,#1833,.T.);
#1672=EDGE_CURVE('',#1412,#1413,#189,.T.);
#1673=EDGE_CURVE('',#1414,#1412,#190,.T.);
#1674=EDGE_CURVE('',#1415,#1414,#191,.T.);
#1675=EDGE_CURVE('',#1415,#1413,#192,.T.);
#1676=EDGE_CURVE('',#1332,#1414,#1834,.T.);
#1677=EDGE_CURVE('',#1412,#1333,#1835,.T.);
#1678=EDGE_CURVE('',#1416,#1417,#193,.T.);
#1679=EDGE_CURVE('',#1416,#1316,#1836,.T.);
#1680=EDGE_CURVE('',#1314,#1417,#1837,.T.);
#1681=EDGE_CURVE('',#1417,#1418,#194,.T.);
#1682=EDGE_CURVE('',#1418,#1419,#195,.T.);
#1683=EDGE_CURVE('',#1419,#1416,#196,.T.);
#1684=EDGE_CURVE('',#1420,#1421,#197,.T.);
#1685=EDGE_CURVE('',#1421,#1318,#1838,.T.);
#1686=EDGE_CURVE('',#1317,#1420,#1839,.T.);
#1687=EDGE_CURVE('',#1420,#1422,#198,.T.);
#1688=EDGE_CURVE('',#1422,#1423,#199,.T.);
#1689=EDGE_CURVE('',#1423,#1421,#200,.T.);
#1690=EDGE_CURVE('',#1415,#1423,#1840,.T.);
#1691=EDGE_CURVE('',#1422,#1413,#1841,.T.);
#1692=EDGE_CURVE('',#1411,#1419,#1842,.T.);
#1693=EDGE_CURVE('',#1418,#1409,#1843,.T.);
#1694=EDGE_CURVE('',#1306,#1294,#1844,.T.);
#1695=EDGE_CURVE('',#1295,#1307,#1845,.T.);
#1696=EDGE_CURVE('',#1298,#1313,#1846,.T.);
#1697=EDGE_CURVE('',#1312,#1299,#1847,.T.);
#1698=EDGE_CURVE('',#1424,#1425,#1848,.T.);
#1699=EDGE_CURVE('',#1424,#1288,#1849,.T.);
#1700=EDGE_CURVE('',#1425,#1287,#1850,.T.);
#1701=EDGE_CURVE('',#1425,#1426,#1851,.T.);
#1702=EDGE_CURVE('',#1427,#1286,#1852,.T.);
#1703=EDGE_CURVE('',#1428,#1427,#1853,.T.);
#1704=EDGE_CURVE('',#1428,#1429,#1854,.T.);
#1705=EDGE_CURVE('',#1259,#1429,#1855,.T.);
#1706=EDGE_CURVE('',#1258,#1257,#1856,.T.);
#1707=EDGE_CURVE('',#1430,#1256,#1857,.T.);
#1708=EDGE_CURVE('',#1426,#1430,#1858,.T.);
#1709=EDGE_CURVE('',#1427,#1431,#1859,.T.);
#1710=EDGE_CURVE('',#1431,#1289,#1860,.T.);
#1711=EDGE_CURVE('',#1431,#1432,#1861,.T.);
#1712=EDGE_CURVE('',#1433,#1424,#1862,.T.);
#1713=EDGE_CURVE('',#1433,#1434,#1863,.T.);
#1714=EDGE_CURVE('',#1255,#1434,#1864,.T.);
#1715=EDGE_CURVE('',#1254,#1261,#1865,.T.);
#1716=EDGE_CURVE('',#1435,#1260,#1866,.T.);
#1717=EDGE_CURVE('',#1432,#1435,#1867,.T.);
#1718=EDGE_CURVE('',#1436,#1437,#1868,.T.);
#1719=EDGE_CURVE('',#1272,#1437,#1869,.T.);
#1720=EDGE_CURVE('',#1273,#1436,#1870,.T.);
#1721=EDGE_CURVE('',#1437,#1438,#1871,.T.);
#1722=EDGE_CURVE('',#1274,#1438,#1872,.T.);
#1723=EDGE_CURVE('',#1438,#1439,#1873,.T.);
#1724=EDGE_CURVE('',#1275,#1439,#1874,.T.);
#1725=EDGE_CURVE('',#1439,#1436,#1875,.T.);
#1726=EDGE_CURVE('',#1434,#1430,#1876,.T.);
#1727=EDGE_CURVE('',#1433,#1426,#1877,.T.);
#1728=EDGE_CURVE('',#1429,#1435,#1878,.T.);
#1729=EDGE_CURVE('',#1428,#1432,#1879,.T.);
#1730=LINE('',#2782,#1880);
#1731=LINE('',#2785,#1881);
#1732=LINE('',#2787,#1882);
#1733=LINE('',#2789,#1883);
#1734=LINE('',#2791,#1884);
#1735=LINE('',#2794,#1885);
#1736=LINE('',#2796,#1886);
#1737=LINE('',#2798,#1887);
#1738=LINE('',#2800,#1888);
#1739=LINE('',#2803,#1889);
#1740=LINE('',#2805,#1890);
#1741=LINE('',#2807,#1891);
#1742=LINE('',#2808,#1892);
#1743=LINE('',#2813,#1893);
#1744=LINE('',#2817,#1894);
#1745=LINE('',#2875,#1895);
#1746=LINE('',#2878,#1896);
#1747=LINE('',#2880,#1897);
#1748=LINE('',#2882,#1898);
#1749=LINE('',#2884,#1899);
#1750=LINE('',#2887,#1900);
#1751=LINE('',#2889,#1901);
#1752=LINE('',#2891,#1902);
#1753=LINE('',#2892,#1903);
#1754=LINE('',#3047,#1904);
#1755=LINE('',#3051,#1905);
#1756=LINE('',#3054,#1906);
#1757=LINE('',#3057,#1907);
#1758=LINE('',#3059,#1908);
#1759=LINE('',#3061,#1909);
#1760=LINE('',#3063,#1910);
#1761=LINE('',#3066,#1911);
#1762=LINE('',#3068,#1912);
#1763=LINE('',#3070,#1913);
#1764=LINE('',#3071,#1914);
#1765=LINE('',#3076,#1915);
#1766=LINE('',#3080,#1916);
#1767=LINE('',#3084,#1917);
#1768=LINE('',#3088,#1918);
#1769=LINE('',#3091,#1919);
#1770=LINE('',#3093,#1920);
#1771=LINE('',#3097,#1921);
#1772=LINE('',#3101,#1922);
#1773=LINE('',#3104,#1923);
#1774=LINE('',#3106,#1924);
#1775=LINE('',#3110,#1925);
#1776=LINE('',#3861,#1926);
#1777=LINE('',#3873,#1927);
#1778=LINE('',#3877,#1928);
#1779=LINE('',#3891,#1929);
#1780=LINE('',#3895,#1930);
#1781=LINE('',#3904,#1931);
#1782=LINE('',#3925,#1932);
#1783=LINE('',#3927,#1933);
#1784=LINE('',#3929,#1934);
#1785=LINE('',#3931,#1935);
#1786=LINE('',#3933,#1936);
#1787=LINE('',#3935,#1937);
#1788=LINE('',#3937,#1938);
#1789=LINE('',#3941,#1939);
#1790=LINE('',#3947,#1940);
#1791=LINE('',#3948,#1941);
#1792=LINE('',#6986,#1942);
#1793=LINE('',#6996,#1943);
#1794=LINE('',#7000,#1944);
#1795=LINE('',#7001,#1945);
#1796=LINE('',#7003,#1946);
#1797=LINE('',#7004,#1947);
#1798=LINE('',#7017,#1948);
#1799=LINE('',#7018,#1949);
#1800=LINE('',#7023,#1950);
#1801=LINE('',#7024,#1951);
#1802=LINE('',#7026,#1952);
#1803=LINE('',#7031,#1953);
#1804=LINE('',#7042,#1954);
#1805=LINE('',#7047,#1955);
#1806=LINE('',#7060,#1956);
#1807=LINE('',#7082,#1957);
#1808=LINE('',#7090,#1958);
#1809=LINE('',#7092,#1959);
#1810=LINE('',#7094,#1960);
#1811=LINE('',#7096,#1961);
#1812=LINE('',#7098,#1962);
#1813=LINE('',#7100,#1963);
#1814=LINE('',#7102,#1964);
#1815=LINE('',#7106,#1965);
#1816=LINE('',#7112,#1966);
#1817=LINE('',#7113,#1967);
#1818=LINE('',#8229,#1968);
#1819=LINE('',#8230,#1969);
#1820=LINE('',#8237,#1970);
#1821=LINE('',#8245,#1971);
#1822=LINE('',#8246,#1972);
#1823=LINE('',#8253,#1973);
#1824=LINE('',#8254,#1974);
#1825=LINE('',#8261,#1975);
#1826=LINE('',#8265,#1976);
#1827=LINE('',#8266,#1977);
#1828=LINE('',#8268,#1978);
#1829=LINE('',#8269,#1979);
#1830=LINE('',#8273,#1980);
#1831=LINE('',#8277,#1981);
#1832=LINE('',#8291,#1982);
#1833=LINE('',#8292,#1983);
#1834=LINE('',#8303,#1984);
#1835=LINE('',#8304,#1985);
#1836=LINE('',#8309,#1986);
#1837=LINE('',#8310,#1987);
#1838=LINE('',#8321,#1988);
#1839=LINE('',#8322,#1989);
#1840=LINE('',#8330,#1990);
#1841=LINE('',#8331,#1991);
#1842=LINE('',#8333,#1992);
#1843=LINE('',#8334,#1993);
#1844=LINE('',#8336,#1994);
#1845=LINE('',#8337,#1995);
#1846=LINE('',#8339,#1996);
#1847=LINE('',#8340,#1997);
#1848=LINE('',#8346,#1998);
#1849=LINE('',#8349,#1999);
#1850=LINE('',#8350,#2000);
#1851=LINE('',#8352,#2001);
#1852=LINE('',#8354,#2002);
#1853=LINE('',#8356,#2003);
#1854=LINE('',#8358,#2004);
#1855=LINE('',#8360,#2005);
#1856=LINE('',#8361,#2006);
#1857=LINE('',#8362,#2007);
#1858=LINE('',#8364,#2008);
#1859=LINE('',#8366,#2009);
#1860=LINE('',#8368,#2010);
#1861=LINE('',#8370,#2011);
#1862=LINE('',#8372,#2012);
#1863=LINE('',#8374,#2013);
#1864=LINE('',#8376,#2014);
#1865=LINE('',#8377,#2015);
#1866=LINE('',#8378,#2016);
#1867=LINE('',#8380,#2017);
#1868=LINE('',#8382,#2018);
#1869=LINE('',#8385,#2019);
#1870=LINE('',#8386,#2020);
#1871=LINE('',#8388,#2021);
#1872=LINE('',#8390,#2022);
#1873=LINE('',#8392,#2023);
#1874=LINE('',#8394,#2024);
#1875=LINE('',#8396,#2025);
#1876=LINE('',#8399,#2026);
#1877=LINE('',#8401,#2027);
#1878=LINE('',#8404,#2028);
#1879=LINE('',#8406,#2029);
#1880=VECTOR('',#2232,1.);
#1881=VECTOR('',#2233,1.);
#1882=VECTOR('',#2234,1.);
#1883=VECTOR('',#2235,1.);
#1884=VECTOR('',#2238,1.);
#1885=VECTOR('',#2239,1.);
#1886=VECTOR('',#2240,1.);
#1887=VECTOR('',#2241,1.);
#1888=VECTOR('',#2244,1.);
#1889=VECTOR('',#2245,1.);
#1890=VECTOR('',#2246,1.);
#1891=VECTOR('',#2247,1.);
#1892=VECTOR('',#2248,1.);
#1893=VECTOR('',#2251,1.);
#1894=VECTOR('',#2254,1.);
#1895=VECTOR('',#2255,1.);
#1896=VECTOR('',#2256,1.);
#1897=VECTOR('',#2257,1.);
#1898=VECTOR('',#2258,1.);
#1899=VECTOR('',#2261,1.);
#1900=VECTOR('',#2262,1.);
#1901=VECTOR('',#2263,1.);
#1902=VECTOR('',#2264,1.);
#1903=VECTOR('',#2265,1.);
#1904=VECTOR('',#2266,1.);
#1905=VECTOR('',#2269,1.);
#1906=VECTOR('',#2272,1.);
#1907=VECTOR('',#2273,1.);
#1908=VECTOR('',#2274,1.);
#1909=VECTOR('',#2275,1.);
#1910=VECTOR('',#2278,1.);
#1911=VECTOR('',#2279,1.);
#1912=VECTOR('',#2280,1.);
#1913=VECTOR('',#2281,1.);
#1914=VECTOR('',#2282,1.);
#1915=VECTOR('',#2285,1.);
#1916=VECTOR('',#2288,1.);
#1917=VECTOR('',#2291,1.);
#1918=VECTOR('',#2296,1.);
#1919=VECTOR('',#2297,1.);
#1920=VECTOR('',#2298,1.);
#1921=VECTOR('',#2301,1.);
#1922=VECTOR('',#2306,1.);
#1923=VECTOR('',#2307,1.);
#1924=VECTOR('',#2308,1.);
#1925=VECTOR('',#2311,1.);
#1926=VECTOR('',#2329,1.);
#1927=VECTOR('',#2334,1.);
#1928=VECTOR('',#2339,1.);
#1929=VECTOR('',#2344,1.);
#1930=VECTOR('',#2349,1.);
#1931=VECTOR('',#2356,1.);
#1932=VECTOR('',#2359,1.);
#1933=VECTOR('',#2360,1.);
#1934=VECTOR('',#2361,1.);
#1935=VECTOR('',#2364,1.);
#1936=VECTOR('',#2365,1.);
#1937=VECTOR('',#2368,1.);
#1938=VECTOR('',#2369,1.);
#1939=VECTOR('',#2374,1.);
#1940=VECTOR('',#2385,1.);
#1941=VECTOR('',#2386,1.);
#1942=VECTOR('',#2427,1.);
#1943=VECTOR('',#2438,1.);
#1944=VECTOR('',#2443,1.);
#1945=VECTOR('',#2444,1.);
#1946=VECTOR('',#2447,1.);
#1947=VECTOR('',#2448,1.);
#1948=VECTOR('',#2465,1.);
#1949=VECTOR('',#2466,1.);
#1950=VECTOR('',#2471,1.);
#1951=VECTOR('',#2472,1.);
#1952=VECTOR('',#2475,1.);
#1953=VECTOR('',#2478,1.);
#1954=VECTOR('',#2485,1.);
#1955=VECTOR('',#2488,1.);
#1956=VECTOR('',#2495,1.);
#1957=VECTOR('',#2496,1.);
#1958=VECTOR('',#2505,1.);
#1959=VECTOR('',#2506,1.);
#1960=VECTOR('',#2507,1.);
#1961=VECTOR('',#2510,1.);
#1962=VECTOR('',#2511,1.);
#1963=VECTOR('',#2514,1.);
#1964=VECTOR('',#2515,1.);
#1965=VECTOR('',#2520,1.);
#1966=VECTOR('',#2531,1.);
#1967=VECTOR('',#2532,1.);
#1968=VECTOR('',#2563,1.);
#1969=VECTOR('',#2564,1.);
#1970=VECTOR('',#2573,1.);
#1971=VECTOR('',#2580,1.);
#1972=VECTOR('',#2581,1.);
#1973=VECTOR('',#2590,1.);
#1974=VECTOR('',#2591,1.);
#1975=VECTOR('',#2598,1.);
#1976=VECTOR('',#2603,1.);
#1977=VECTOR('',#2604,1.);
#1978=VECTOR('',#2607,1.);
#1979=VECTOR('',#2608,1.);
#1980=VECTOR('',#2615,1.);
#1981=VECTOR('',#2618,1.);
#1982=VECTOR('',#2637,1.);
#1983=VECTOR('',#2638,1.);
#1984=VECTOR('',#2651,1.);
#1985=VECTOR('',#2652,1.);
#1986=VECTOR('',#2657,1.);
#1987=VECTOR('',#2658,1.);
#1988=VECTOR('',#2671,1.);
#1989=VECTOR('',#2672,1.);
#1990=VECTOR('',#2683,1.);
#1991=VECTOR('',#2684,1.);
#1992=VECTOR('',#2687,1.);
#1993=VECTOR('',#2688,1.);
#1994=VECTOR('',#2691,1.);
#1995=VECTOR('',#2692,1.);
#1996=VECTOR('',#2695,1.);
#1997=VECTOR('',#2696,1.);
#1998=VECTOR('',#2707,1.);
#1999=VECTOR('',#2708,1.);
#2000=VECTOR('',#2709,1.);
#2001=VECTOR('',#2712,1.);
#2002=VECTOR('',#2713,1.);
#2003=VECTOR('',#2714,1.);
#2004=VECTOR('',#2715,1.);
#2005=VECTOR('',#2716,1.);
#2006=VECTOR('',#2717,1.);
#2007=VECTOR('',#2718,1.);
#2008=VECTOR('',#2719,1.);
#2009=VECTOR('',#2722,1.);
#2010=VECTOR('',#2723,1.);
#2011=VECTOR('',#2726,1.);
#2012=VECTOR('',#2727,1.);
#2013=VECTOR('',#2728,1.);
#2014=VECTOR('',#2729,1.);
#2015=VECTOR('',#2730,1.);
#2016=VECTOR('',#2731,1.);
#2017=VECTOR('',#2732,1.);
#2018=VECTOR('',#2735,1.);
#2019=VECTOR('',#2736,1.);
#2020=VECTOR('',#2737,1.);
#2021=VECTOR('',#2740,1.);
#2022=VECTOR('',#2741,1.);
#2023=VECTOR('',#2744,1.);
#2024=VECTOR('',#2745,1.);
#2025=VECTOR('',#2748,1.);
#2026=VECTOR('',#2753,1.);
#2027=VECTOR('',#2756,1.);
#2028=VECTOR('',#2761,1.);
#2029=VECTOR('',#2764,1.);
#2030=AXIS2_PLACEMENT_3D('',#2781,#2230,#2231);
#2031=AXIS2_PLACEMENT_3D('',#2790,#2236,#2237);
#2032=AXIS2_PLACEMENT_3D('',#2799,#2242,#2243);
#2033=AXIS2_PLACEMENT_3D('',#2811,#2249,#2250);
#2034=AXIS2_PLACEMENT_3D('',#2815,#2252,#2253);
#2035=AXIS2_PLACEMENT_3D('',#2883,#2259,#2260);
#2036=AXIS2_PLACEMENT_3D('',#3049,#2267,#2268);
#2037=AXIS2_PLACEMENT_3D('',#3053,#2270,#2271);
#2038=AXIS2_PLACEMENT_3D('',#3062,#2276,#2277);
#2039=AXIS2_PLACEMENT_3D('',#3074,#2283,#2284);
#2040=AXIS2_PLACEMENT_3D('',#3078,#2286,#2287);
#2041=AXIS2_PLACEMENT_3D('',#3082,#2289,#2290);
#2042=AXIS2_PLACEMENT_3D('',#3086,#2292,#2293);
#2043=AXIS2_PLACEMENT_3D('',#3087,#2294,#2295);
#2044=AXIS2_PLACEMENT_3D('',#3095,#2299,#2300);
#2045=AXIS2_PLACEMENT_3D('',#3099,#2302,#2303);
#2046=AXIS2_PLACEMENT_3D('',#3100,#2304,#2305);
#2047=AXIS2_PLACEMENT_3D('',#3108,#2309,#2310);
#2048=AXIS2_PLACEMENT_3D('',#3112,#2312,#2313);
#2049=AXIS2_PLACEMENT_3D('',#3113,#2314,#2315);
#2050=AXIS2_PLACEMENT_3D('',#3114,#2316,#2317);
#2051=AXIS2_PLACEMENT_3D('',#3144,#2318,#2319);
#2052=AXIS2_PLACEMENT_3D('',#3173,#2320,#2321);
#2053=AXIS2_PLACEMENT_3D('',#3793,#2322,#2323);
#2054=AXIS2_PLACEMENT_3D('',#3822,#2324,#2325);
#2055=AXIS2_PLACEMENT_3D('',#3851,#2326,#2327);
#2056=AXIS2_PLACEMENT_3D('',#3864,#2330,#2331);
#2057=AXIS2_PLACEMENT_3D('',#3871,#2332,#2333);
#2058=AXIS2_PLACEMENT_3D('',#3875,#2335,#2336);
#2059=AXIS2_PLACEMENT_3D('',#3876,#2337,#2338);
#2060=AXIS2_PLACEMENT_3D('',#3880,#2340,#2341);
#2061=AXIS2_PLACEMENT_3D('',#3889,#2342,#2343);
#2062=AXIS2_PLACEMENT_3D('',#3893,#2345,#2346);
#2063=AXIS2_PLACEMENT_3D('',#3894,#2347,#2348);
#2064=AXIS2_PLACEMENT_3D('',#3898,#2350,#2351);
#2065=AXIS2_PLACEMENT_3D('',#3900,#2352,#2353);
#2066=AXIS2_PLACEMENT_3D('',#3902,#2354,#2355);
#2067=AXIS2_PLACEMENT_3D('',#3924,#2357,#2358);
#2068=AXIS2_PLACEMENT_3D('',#3930,#2362,#2363);
#2069=AXIS2_PLACEMENT_3D('',#3934,#2366,#2367);
#2070=AXIS2_PLACEMENT_3D('',#3938,#2370,#2371);
#2071=AXIS2_PLACEMENT_3D('',#3939,#2372,#2373);
#2072=AXIS2_PLACEMENT_3D('',#3942,#2375,#2376);
#2073=AXIS2_PLACEMENT_3D('',#3943,#2377,#2378);
#2074=AXIS2_PLACEMENT_3D('',#3944,#2379,#2380);
#2075=AXIS2_PLACEMENT_3D('',#3945,#2381,#2382);
#2076=AXIS2_PLACEMENT_3D('',#3946,#2383,#2384);
#2077=AXIS2_PLACEMENT_3D('',#3949,#2387,#2388);
#2078=AXIS2_PLACEMENT_3D('',#3950,#2389,#2390);
#2079=AXIS2_PLACEMENT_3D('',#3951,#2391,#2392);
#2080=AXIS2_PLACEMENT_3D('',#3964,#2393,#2394);
#2081=AXIS2_PLACEMENT_3D('',#3965,#2395,#2396);
#2082=AXIS2_PLACEMENT_3D('',#3966,#2397,#2398);
#2083=AXIS2_PLACEMENT_3D('',#3967,#2399,#2400);
#2084=AXIS2_PLACEMENT_3D('',#3968,#2401,#2402);
#2085=AXIS2_PLACEMENT_3D('',#3969,#2403,#2404);
#2086=AXIS2_PLACEMENT_3D('',#3982,#2405,#2406);
#2087=AXIS2_PLACEMENT_3D('',#3983,#2407,#2408);
#2088=AXIS2_PLACEMENT_3D('',#3984,#2409,#2410);
#2089=AXIS2_PLACEMENT_3D('',#3985,#2411,#2412);
#2090=AXIS2_PLACEMENT_3D('',#4002,#2413,#2414);
#2091=AXIS2_PLACEMENT_3D('',#4035,#2415,#2416);
#2092=AXIS2_PLACEMENT_3D('',#6978,#2417,#2418);
#2093=AXIS2_PLACEMENT_3D('',#6979,#2419,#2420);
#2094=AXIS2_PLACEMENT_3D('',#6980,#2421,#2422);
#2095=AXIS2_PLACEMENT_3D('',#6981,#2423,#2424);
#2096=AXIS2_PLACEMENT_3D('',#6984,#2425,#2426);
#2097=AXIS2_PLACEMENT_3D('',#6988,#2428,#2429);
#2098=AXIS2_PLACEMENT_3D('',#6989,#2430,#2431);
#2099=AXIS2_PLACEMENT_3D('',#6990,#2432,#2433);
#2100=AXIS2_PLACEMENT_3D('',#6991,#2434,#2435);
#2101=AXIS2_PLACEMENT_3D('',#6994,#2436,#2437);
#2102=AXIS2_PLACEMENT_3D('',#6998,#2439,#2440);
#2103=AXIS2_PLACEMENT_3D('',#6999,#2441,#2442);
#2104=AXIS2_PLACEMENT_3D('',#7002,#2445,#2446);
#2105=AXIS2_PLACEMENT_3D('',#7005,#2449,#2450);
#2106=AXIS2_PLACEMENT_3D('',#7006,#2451,#2452);
#2107=AXIS2_PLACEMENT_3D('',#7007,#2453,#2454);
#2108=AXIS2_PLACEMENT_3D('',#7008,#2455,#2456);
#2109=AXIS2_PLACEMENT_3D('',#7011,#2457,#2458);
#2110=AXIS2_PLACEMENT_3D('',#7013,#2459,#2460);
#2111=AXIS2_PLACEMENT_3D('',#7015,#2461,#2462);
#2112=AXIS2_PLACEMENT_3D('',#7016,#2463,#2464);
#2113=AXIS2_PLACEMENT_3D('',#7019,#2467,#2468);
#2114=AXIS2_PLACEMENT_3D('',#7020,#2469,#2470);
#2115=AXIS2_PLACEMENT_3D('',#7025,#2473,#2474);
#2116=AXIS2_PLACEMENT_3D('',#7029,#2476,#2477);
#2117=AXIS2_PLACEMENT_3D('',#7033,#2479,#2480);
#2118=AXIS2_PLACEMENT_3D('',#7040,#2481,#2482);
#2119=AXIS2_PLACEMENT_3D('',#7041,#2483,#2484);
#2120=AXIS2_PLACEMENT_3D('',#7045,#2486,#2487);
#2121=AXIS2_PLACEMENT_3D('',#7049,#2489,#2490);
#2122=AXIS2_PLACEMENT_3D('',#7058,#2491,#2492);
#2123=AXIS2_PLACEMENT_3D('',#7059,#2493,#2494);
#2124=AXIS2_PLACEMENT_3D('',#7084,#2497,#2498);
#2125=AXIS2_PLACEMENT_3D('',#7086,#2499,#2500);
#2126=AXIS2_PLACEMENT_3D('',#7088,#2501,#2502);
#2127=AXIS2_PLACEMENT_3D('',#7089,#2503,#2504);
#2128=AXIS2_PLACEMENT_3D('',#7095,#2508,#2509);
#2129=AXIS2_PLACEMENT_3D('',#7099,#2512,#2513);
#2130=AXIS2_PLACEMENT_3D('',#7103,#2516,#2517);
#2131=AXIS2_PLACEMENT_3D('',#7104,#2518,#2519);
#2132=AXIS2_PLACEMENT_3D('',#7107,#2521,#2522);
#2133=AXIS2_PLACEMENT_3D('',#7108,#2523,#2524);
#2134=AXIS2_PLACEMENT_3D('',#7109,#2525,#2526);
#2135=AXIS2_PLACEMENT_3D('',#7110,#2527,#2528);
#2136=AXIS2_PLACEMENT_3D('',#7111,#2529,#2530);
#2137=AXIS2_PLACEMENT_3D('',#7114,#2533,#2534);
#2138=AXIS2_PLACEMENT_3D('',#7115,#2535,#2536);
#2139=AXIS2_PLACEMENT_3D('',#7116,#2537,#2538);
#2140=AXIS2_PLACEMENT_3D('',#7129,#2539,#2540);
#2141=AXIS2_PLACEMENT_3D('',#7130,#2541,#2542);
#2142=AXIS2_PLACEMENT_3D('',#7131,#2543,#2544);
#2143=AXIS2_PLACEMENT_3D('',#7132,#2545,#2546);
#2144=AXIS2_PLACEMENT_3D('',#7133,#2547,#2548);
#2145=AXIS2_PLACEMENT_3D('',#7134,#2549,#2550);
#2146=AXIS2_PLACEMENT_3D('',#7147,#2551,#2552);
#2147=AXIS2_PLACEMENT_3D('',#7148,#2553,#2554);
#2148=AXIS2_PLACEMENT_3D('',#7149,#2555,#2556);
#2149=AXIS2_PLACEMENT_3D('',#7150,#2557,#2558);
#2150=AXIS2_PLACEMENT_3D('',#7176,#2559,#2560);
#2151=AXIS2_PLACEMENT_3D('',#7218,#2561,#2562);
#2152=AXIS2_PLACEMENT_3D('',#8231,#2565,#2566);
#2153=AXIS2_PLACEMENT_3D('',#8233,#2567,#2568);
#2154=AXIS2_PLACEMENT_3D('',#8235,#2569,#2570);
#2155=AXIS2_PLACEMENT_3D('',#8236,#2571,#2572);
#2156=AXIS2_PLACEMENT_3D('',#8240,#2574,#2575);
#2157=AXIS2_PLACEMENT_3D('',#8242,#2576,#2577);
#2158=AXIS2_PLACEMENT_3D('',#8244,#2578,#2579);
#2159=AXIS2_PLACEMENT_3D('',#8247,#2582,#2583);
#2160=AXIS2_PLACEMENT_3D('',#8249,#2584,#2585);
#2161=AXIS2_PLACEMENT_3D('',#8251,#2586,#2587);
#2162=AXIS2_PLACEMENT_3D('',#8252,#2588,#2589);
#2163=AXIS2_PLACEMENT_3D('',#8255,#2592,#2593);
#2164=AXIS2_PLACEMENT_3D('',#8256,#2594,#2595);
#2165=AXIS2_PLACEMENT_3D('',#8259,#2596,#2597);
#2166=AXIS2_PLACEMENT_3D('',#8263,#2599,#2600);
#2167=AXIS2_PLACEMENT_3D('',#8264,#2601,#2602);
#2168=AXIS2_PLACEMENT_3D('',#8267,#2605,#2606);
#2169=AXIS2_PLACEMENT_3D('',#8270,#2609,#2610);
#2170=AXIS2_PLACEMENT_3D('',#8271,#2611,#2612);
#2171=AXIS2_PLACEMENT_3D('',#8272,#2613,#2614);
#2172=AXIS2_PLACEMENT_3D('',#8275,#2616,#2617);
#2173=AXIS2_PLACEMENT_3D('',#8278,#2619,#2620);
#2174=AXIS2_PLACEMENT_3D('',#8279,#2621,#2622);
#2175=AXIS2_PLACEMENT_3D('',#8280,#2623,#2624);
#2176=AXIS2_PLACEMENT_3D('',#8281,#2625,#2626);
#2177=AXIS2_PLACEMENT_3D('',#8282,#2627,#2628);
#2178=AXIS2_PLACEMENT_3D('',#8285,#2629,#2630);
#2179=AXIS2_PLACEMENT_3D('',#8287,#2631,#2632);
#2180=AXIS2_PLACEMENT_3D('',#8289,#2633,#2634);
#2181=AXIS2_PLACEMENT_3D('',#8290,#2635,#2636);
#2182=AXIS2_PLACEMENT_3D('',#8293,#2639,#2640);
#2183=AXIS2_PLACEMENT_3D('',#8294,#2641,#2642);
#2184=AXIS2_PLACEMENT_3D('',#8297,#2643,#2644);
#2185=AXIS2_PLACEMENT_3D('',#8299,#2645,#2646);
#2186=AXIS2_PLACEMENT_3D('',#8301,#2647,#2648);
#2187=AXIS2_PLACEMENT_3D('',#8302,#2649,#2650);
#2188=AXIS2_PLACEMENT_3D('',#8305,#2653,#2654);
#2189=AXIS2_PLACEMENT_3D('',#8306,#2655,#2656);
#2190=AXIS2_PLACEMENT_3D('',#8311,#2659,#2660);
#2191=AXIS2_PLACEMENT_3D('',#8312,#2661,#2662);
#2192=AXIS2_PLACEMENT_3D('',#8314,#2663,#2664);
#2193=AXIS2_PLACEMENT_3D('',#8316,#2665,#2666);
#2194=AXIS2_PLACEMENT_3D('',#8317,#2667,#2668);
#2195=AXIS2_PLACEMENT_3D('',#8318,#2669,#2670);
#2196=AXIS2_PLACEMENT_3D('',#8323,#2673,#2674);
#2197=AXIS2_PLACEMENT_3D('',#8324,#2675,#2676);
#2198=AXIS2_PLACEMENT_3D('',#8326,#2677,#2678);
#2199=AXIS2_PLACEMENT_3D('',#8328,#2679,#2680);
#2200=AXIS2_PLACEMENT_3D('',#8329,#2681,#2682);
#2201=AXIS2_PLACEMENT_3D('',#8332,#2685,#2686);
#2202=AXIS2_PLACEMENT_3D('',#8335,#2689,#2690);
#2203=AXIS2_PLACEMENT_3D('',#8338,#2693,#2694);
#2204=AXIS2_PLACEMENT_3D('',#8341,#2697,#2698);
#2205=AXIS2_PLACEMENT_3D('',#8342,#2699,#2700);
#2206=AXIS2_PLACEMENT_3D('',#8343,#2701,#2702);
#2207=AXIS2_PLACEMENT_3D('',#8344,#2703,#2704);
#2208=AXIS2_PLACEMENT_3D('',#8345,#2705,#2706);
#2209=AXIS2_PLACEMENT_3D('',#8351,#2710,#2711);
#2210=AXIS2_PLACEMENT_3D('',#8365,#2720,#2721);
#2211=AXIS2_PLACEMENT_3D('',#8369,#2724,#2725);
#2212=AXIS2_PLACEMENT_3D('',#8381,#2733,#2734);
#2213=AXIS2_PLACEMENT_3D('',#8387,#2738,#2739);
#2214=AXIS2_PLACEMENT_3D('',#8391,#2742,#2743);
#2215=AXIS2_PLACEMENT_3D('',#8395,#2746,#2747);
#2216=AXIS2_PLACEMENT_3D('',#8397,#2749,#2750);
#2217=AXIS2_PLACEMENT_3D('',#8398,#2751,#2752);
#2218=AXIS2_PLACEMENT_3D('',#8400,#2754,#2755);
#2219=AXIS2_PLACEMENT_3D('',#8402,#2757,#2758);
#2220=AXIS2_PLACEMENT_3D('',#8403,#2759,#2760);
#2221=AXIS2_PLACEMENT_3D('',#8405,#2762,#2763);
#2222=AXIS2_PLACEMENT_3D('',#8407,#2765,#2766);
#2223=AXIS2_PLACEMENT_3D('',#8408,#2767,#2768);
#2224=AXIS2_PLACEMENT_3D('',#8409,#2769,#2770);
#2225=AXIS2_PLACEMENT_3D('',#8410,#2771,#2772);
#2226=AXIS2_PLACEMENT_3D('',#8411,#2773,#2774);
#2227=AXIS2_PLACEMENT_3D('',#8412,#2775,#2776);
#2228=AXIS2_PLACEMENT_3D('',#8413,#2777,#2778);
#2229=AXIS2_PLACEMENT_3D('',#8414,#2779,#2780);
#2230=DIRECTION('',(0.,0.,1.));
#2231=DIRECTION('',(1.,0.,0.));
#2232=DIRECTION('',(0.390731128489275,0.,0.92050485345244));
#2233=DIRECTION('',(0.,-1.,0.));
#2234=DIRECTION('',(0.390731128489275,0.,0.92050485345244));
#2235=DIRECTION('',(0.,-1.,0.));
#2236=DIRECTION('',(-0.92050485345244,0.,0.390731128489275));
#2237=DIRECTION('',(0.390731128489275,0.,0.92050485345244));
#2238=DIRECTION('',(0.390731128489275,0.,0.92050485345244));
#2239=DIRECTION('',(0.,-1.,0.));
#2240=DIRECTION('',(0.390731128489275,0.,0.92050485345244));
#2241=DIRECTION('',(0.,1.,0.));
#2242=DIRECTION('',(0.92050485345244,0.,-0.390731128489275));
#2243=DIRECTION('',(-0.390731128489275,0.,-0.92050485345244));
#2244=DIRECTION('',(-0.92050485345244,0.,0.390731128489275));
#2245=DIRECTION('',(-1.12628745196333E-17,-1.,-2.6533669583054E-17));
#2246=DIRECTION('',(0.92050485345244,0.,-0.390731128489275));
#2247=DIRECTION('',(1.12628745196333E-17,1.,2.6533669583054E-17));
#2248=DIRECTION('',(-1.12628745196333E-17,-1.,-2.6533669583054E-17));
#2249=DIRECTION('',(-0.390731128489275,2.8825127302194E-17,-0.92050485345244));
#2250=DIRECTION('',(-0.92050485345244,6.79077443500444E-17,0.390731128489275));
#2251=DIRECTION('',(-1.12628745196333E-17,-1.,-2.6533669583054E-17));
#2252=DIRECTION('',(-0.390731128489275,2.8825127302194E-17,-0.92050485345244));
#2253=DIRECTION('',(-0.92050485345244,6.79077443500444E-17,0.390731128489275));
#2254=DIRECTION('',(-1.12628745196333E-17,-1.,-2.6533669583054E-17));
#2255=DIRECTION('',(-0.92050485345244,0.,0.390731128489275));
#2256=DIRECTION('',(-1.12628745196333E-17,-1.,-2.6533669583054E-17));
#2257=DIRECTION('',(0.92050485345244,0.,-0.390731128489275));
#2258=DIRECTION('',(1.12628745196333E-17,1.,2.6533669583054E-17));
#2259=DIRECTION('',(0.390731128489275,-2.8825127302194E-17,0.92050485345244));
#2260=DIRECTION('',(0.92050485345244,0.,-0.390731128489275));
#2261=DIRECTION('',(-0.92050485345244,0.,0.390731128489275));
#2262=DIRECTION('',(-1.12628745196333E-17,1.,-2.6533669583054E-17));
#2263=DIRECTION('',(0.92050485345244,0.,-0.390731128489275));
#2264=DIRECTION('',(1.12628745196333E-17,-1.,2.6533669583054E-17));
#2265=DIRECTION('',(-7.37722827808567E-17,-1.,3.98628786026127E-34));
#2266=DIRECTION('',(-7.37722827808567E-17,-1.,3.98628786026127E-34));
#2267=DIRECTION('',(-0.390731128489275,2.8825127302194E-17,-0.92050485345244));
#2268=DIRECTION('',(-0.92050485345244,6.79077443500444E-17,0.390731128489275));
#2269=DIRECTION('',(-1.95732265739316E-16,-1.,5.17689413512189E-17));
#2270=DIRECTION('',(-0.390731128489275,2.8825127302194E-17,-0.92050485345244));
#2271=DIRECTION('',(-0.92050485345244,6.79077443500444E-17,0.390731128489275));
#2272=DIRECTION('',(0.92050485345244,6.84227765783602E-49,-0.390731128489275));
#2273=DIRECTION('',(-1.12628745196333E-17,-1.,-2.6533669583054E-17));
#2274=DIRECTION('',(-0.92050485345244,-6.84227765783602E-49,0.390731128489275));
#2275=DIRECTION('',(1.12628745196333E-17,1.,2.6533669583054E-17));
#2276=DIRECTION('',(0.390731128489275,-2.8825127302194E-17,0.92050485345244));
#2277=DIRECTION('',(0.92050485345244,0.,-0.390731128489275));
#2278=DIRECTION('',(2.17616678937528E-15,-1.,0.));
#2279=DIRECTION('',(0.,0.,-1.));
#2280=DIRECTION('',(2.17616678937528E-15,-1.,0.));
#2281=DIRECTION('',(0.,0.,1.));
#2282=DIRECTION('',(-1.00667936457877E-30,4.6259292692715E-16,-1.));
#2283=DIRECTION('',(-1.,-2.17616678937528E-15,0.));
#2284=DIRECTION('',(2.77555756156289E-15,-1.,0.));
#2285=DIRECTION('',(-2.17616678937528E-15,1.,5.13992141030082E-16));
#2286=DIRECTION('',(-1.,-2.17616678937528E-15,0.));
#2287=DIRECTION('',(2.77555756156289E-15,-1.,0.));
#2288=DIRECTION('',(2.51669841144692E-31,-1.15648231731787E-16,1.));
#2289=DIRECTION('',(-1.,-2.17616678937528E-15,0.));
#2290=DIRECTION('',(2.77555756156289E-15,-1.,0.));
#2291=DIRECTION('',(2.17616678937528E-15,-1.,-2.56996070515041E-16));
#2292=DIRECTION('',(-1.,-2.17616678937528E-15,0.));
#2293=DIRECTION('',(2.77555756156289E-15,-1.,0.));
#2294=DIRECTION('',(-1.,-2.17616678937528E-15,0.));
#2295=DIRECTION('',(2.17881268582687E-15,-1.,0.));
#2296=DIRECTION('',(2.17616678937528E-15,-1.,0.));
#2297=DIRECTION('',(0.,0.,1.));
#2298=DIRECTION('',(2.17616678937528E-15,-1.,0.));
#2299=DIRECTION('',(1.,2.17616678937528E-15,0.));
#2300=DIRECTION('',(2.77555756156289E-15,-1.,0.));
#2301=DIRECTION('',(-1.00667936457877E-30,4.6259292692715E-16,-1.));
#2302=DIRECTION('',(1.,2.17616678937528E-15,0.));
#2303=DIRECTION('',(2.77555756156289E-15,-1.,0.));
#2304=DIRECTION('',(-1.,-2.17616678937528E-15,0.));
#2305=DIRECTION('',(2.17881268582687E-15,-1.,0.));
#2306=DIRECTION('',(2.17616678937528E-15,-1.,0.));
#2307=DIRECTION('',(0.,0.,-1.));
#2308=DIRECTION('',(2.17616678937528E-15,-1.,0.));
#2309=DIRECTION('',(1.,2.17616678937528E-15,0.));
#2310=DIRECTION('',(2.77555756156289E-15,-1.,0.));
#2311=DIRECTION('',(2.51669841144692E-31,-1.15648231731787E-16,1.));
#2312=DIRECTION('',(1.,2.17616678937528E-15,0.));
#2313=DIRECTION('',(2.77555756156289E-15,-1.,0.));
#2314=DIRECTION('',(-1.,-2.17616678937528E-15,0.));
#2315=DIRECTION('',(2.17881268582687E-15,-1.,0.));
#2316=DIRECTION('',(0.,0.,1.));
#2317=DIRECTION('',(1.,0.,0.));
#2318=DIRECTION('',(0.,0.,1.));
#2319=DIRECTION('',(1.,0.,0.));
#2320=DIRECTION('',(0.,0.,1.));
#2321=DIRECTION('',(1.,0.,0.));
#2322=DIRECTION('',(0.,0.,1.));
#2323=DIRECTION('',(1.,0.,0.));
#2324=DIRECTION('',(0.,0.,1.));
#2325=DIRECTION('',(1.,0.,0.));
#2326=DIRECTION('',(0.,0.,1.));
#2327=DIRECTION('',(1.,0.,0.));
#2328=DIRECTION('',(0.,0.,1.));
#2329=DIRECTION('',(0.,0.,1.));
#2330=DIRECTION('',(0.405622950536126,-2.99237310093565E-17,0.914040492537594));
#2331=DIRECTION('',(-0.914040492537594,0.,0.405622950536126));
#2332=DIRECTION('',(0.,0.,1.));
#2333=DIRECTION('',(1.,0.,0.));
#2334=DIRECTION('',(0.,0.,-1.));
#2335=DIRECTION('',(0.,0.,-1.));
#2336=DIRECTION('',(1.,0.,0.));
#2337=DIRECTION('',(0.,0.,1.));
#2338=DIRECTION('',(1.,0.,0.));
#2339=DIRECTION('',(0.,0.,1.));
#2340=DIRECTION('',(0.,0.,1.));
#2341=DIRECTION('',(1.,0.,0.));
#2342=DIRECTION('',(0.405622950536126,-2.99237310093565E-17,0.914040492537594));
#2343=DIRECTION('',(-0.914040492537594,0.,0.405622950536126));
#2344=DIRECTION('',(0.,0.,-1.));
#2345=DIRECTION('',(0.,0.,-1.));
#2346=DIRECTION('',(1.,0.,0.));
#2347=DIRECTION('',(0.,0.,1.));
#2348=DIRECTION('',(1.,0.,0.));
#2349=DIRECTION('',(0.,1.,0.));
#2350=DIRECTION('',(0.,0.,-1.));
#2351=DIRECTION('',(1.,0.,0.));
#2352=DIRECTION('',(0.,0.,-1.));
#2353=DIRECTION('',(1.,0.,0.));
#2354=DIRECTION('',(0.,0.,-1.));
#2355=DIRECTION('',(1.,0.,0.));
#2356=DIRECTION('',(0.,1.,0.));
#2357=DIRECTION('',(0.,0.,1.));
#2358=DIRECTION('',(1.,0.,0.));
#2359=DIRECTION('',(-0.390731128489275,0.,-0.92050485345244));
#2360=DIRECTION('',(-0.92050485345244,0.,0.390731128489274));
#2361=DIRECTION('',(-0.390731128489275,0.,-0.92050485345244));
#2362=DIRECTION('',(0.,-1.,0.));
#2363=DIRECTION('',(0.,0.,-1.));
#2364=DIRECTION('',(0.,1.,0.));
#2365=DIRECTION('',(0.390731128489275,0.,0.92050485345244));
#2366=DIRECTION('',(-0.92050485345244,0.,0.390731128489275));
#2367=DIRECTION('',(0.390731128489275,0.,0.92050485345244));
#2368=DIRECTION('',(0.,-1.,0.));
#2369=DIRECTION('',(0.390731128489275,0.,0.92050485345244));
#2370=DIRECTION('',(0.92050485345244,0.,-0.390731128489275));
#2371=DIRECTION('',(-0.390731128489275,0.,-0.92050485345244));
#2372=DIRECTION('',(0.390731128489274,0.,0.92050485345244));
#2373=DIRECTION('',(0.92050485345244,0.,-0.390731128489274));
#2374=DIRECTION('',(-0.92050485345244,0.,0.390731128489274));
#2375=DIRECTION('',(0.390731128489274,0.,0.92050485345244));
#2376=DIRECTION('',(0.92050485345244,0.,-0.390731128489274));
#2377=DIRECTION('',(0.,1.,0.));
#2378=DIRECTION('',(0.,0.,1.));
#2379=DIRECTION('',(0.,0.,1.));
#2380=DIRECTION('',(1.,0.,0.));
#2381=DIRECTION('',(0.,0.,-1.));
#2382=DIRECTION('',(1.,0.,0.));
#2383=DIRECTION('',(0.,0.,1.));
#2384=DIRECTION('',(1.,0.,0.));
#2385=DIRECTION('',(1.95732265739316E-16,1.,0.));
#2386=DIRECTION('',(-1.95732265739316E-16,-1.,0.));
#2387=DIRECTION('',(1.,-1.95732265739316E-16,0.));
#2388=DIRECTION('',(1.94289029309402E-16,1.,0.));
#2389=DIRECTION('',(-1.95732265739316E-16,-1.,5.17689413512189E-17));
#2390=DIRECTION('',(-1.,0.,0.));
#2391=DIRECTION('',(0.191079256207163,-0.978217847057362,-0.0811083321600038));
#2392=DIRECTION('',(0.981451443297546,0.19171088766462,0.));
#2393=DIRECTION('',(-1.96236962695592E-16,-1.,5.19831724989755E-17));
#2394=DIRECTION('',(1.,0.,0.));
#2395=DIRECTION('',(1.95732265739316E-16,1.,-5.17689413512189E-17));
#2396=DIRECTION('',(-1.,1.95732265739317E-16,0.));
#2397=DIRECTION('',(-0.801506818585803,0.59798563507869,0.));
#2398=DIRECTION('',(0.597985635078693,0.801506818585804,0.));
#2399=DIRECTION('',(-0.721273689998475,0.692650174414172,0.));
#2400=DIRECTION('',(0.692650174414174,0.721273689998476,0.));
#2401=DIRECTION('',(0.,0.,1.));
#2402=DIRECTION('',(1.,0.,0.));
#2403=DIRECTION('',(0.191079256207163,0.978217847057361,-0.0811083321600063));
#2404=DIRECTION('',(-0.981451443297553,0.19171088766462,0.));
#2405=DIRECTION('',(0.801506818585803,0.59798563507869,0.));
#2406=DIRECTION('',(0.597985635078693,-0.801506818585804,0.));
#2407=DIRECTION('',(0.,0.,1.));
#2408=DIRECTION('',(1.,0.,0.));
#2409=DIRECTION('',(-0.721273689998475,-0.692650174414172,0.));
#2410=DIRECTION('',(0.692650174414174,-0.721273689998476,0.));
#2411=DIRECTION('',(0.,0.,1.));
#2412=DIRECTION('',(1.,0.,0.));
#2413=DIRECTION('',(7.37722827808567E-17,1.,0.));
#2414=DIRECTION('',(-1.,7.37722827808567E-17,0.));
#2415=DIRECTION('',(7.37722827808567E-17,1.,0.));
#2416=DIRECTION('',(-1.,7.37722827808567E-17,0.));
#2417=DIRECTION('',(0.,0.,-1.));
#2418=DIRECTION('',(1.,0.,0.));
#2419=DIRECTION('',(0.,0.,1.));
#2420=DIRECTION('',(1.,0.,0.));
#2421=DIRECTION('',(0.,0.,-1.));
#2422=DIRECTION('',(1.,0.,0.));
#2423=DIRECTION('',(0.,0.,-1.));
#2424=DIRECTION('',(1.,0.,0.));
#2425=DIRECTION('',(0.,0.,-1.));
#2426=DIRECTION('',(1.,0.,0.));
#2427=DIRECTION('',(-1.95732265739316E-16,-1.,0.));
#2428=DIRECTION('',(0.,0.,-1.));
#2429=DIRECTION('',(1.,0.,0.));
#2430=DIRECTION('',(0.,0.,1.));
#2431=DIRECTION('',(1.,0.,0.));
#2432=DIRECTION('',(0.,0.,-1.));
#2433=DIRECTION('',(-1.,0.,0.));
#2434=DIRECTION('',(0.,0.,-1.));
#2435=DIRECTION('',(1.,0.,0.));
#2436=DIRECTION('',(0.,0.,1.));
#2437=DIRECTION('',(1.,0.,0.));
#2438=DIRECTION('',(-1.95732265739316E-16,-1.,0.));
#2439=DIRECTION('',(0.,0.,1.));
#2440=DIRECTION('',(1.,0.,0.));
#2441=DIRECTION('',(0.,0.,1.));
#2442=DIRECTION('',(1.,0.,0.));
#2443=DIRECTION('',(0.,0.,1.));
#2444=DIRECTION('',(0.,0.,-1.));
#2445=DIRECTION('',(1.,-1.95732265739316E-16,0.));
#2446=DIRECTION('',(1.94289029309402E-16,1.,0.));
#2447=DIRECTION('',(0.,0.,1.));
#2448=DIRECTION('',(0.,0.,-1.));
#2449=DIRECTION('',(0.,0.,1.));
#2450=DIRECTION('',(1.,0.,0.));
#2451=DIRECTION('',(0.,0.,1.));
#2452=DIRECTION('',(1.,0.,0.));
#2453=DIRECTION('',(0.,0.,1.));
#2454=DIRECTION('',(1.,0.,0.));
#2455=DIRECTION('',(0.,0.,-1.));
#2456=DIRECTION('',(-1.,0.,0.));
#2457=DIRECTION('',(0.,0.,-1.));
#2458=DIRECTION('',(-1.,0.,0.));
#2459=DIRECTION('',(0.,0.,1.));
#2460=DIRECTION('',(1.,1.22464679914735E-16,0.));
#2461=DIRECTION('',(0.,0.,-1.));
#2462=DIRECTION('',(-1.,0.,0.));
#2463=DIRECTION('',(0.,0.,-1.));
#2464=DIRECTION('',(-1.,0.,0.));
#2465=DIRECTION('',(0.,0.,-1.));
#2466=DIRECTION('',(0.,0.,1.));
#2467=DIRECTION('',(0.,0.,1.));
#2468=DIRECTION('',(1.,0.,0.));
#2469=DIRECTION('',(0.,0.,1.));
#2470=DIRECTION('',(1.,0.,0.));
#2471=DIRECTION('',(0.,0.,1.));
#2472=DIRECTION('',(0.,0.,-1.));
#2473=DIRECTION('',(0.,0.,1.));
#2474=DIRECTION('',(1.,0.,0.));
#2475=DIRECTION('',(0.,0.,1.));
#2476=DIRECTION('',(0.,0.,-1.));
#2477=DIRECTION('',(1.,0.,0.));
#2478=DIRECTION('',(0.,0.,-1.));
#2479=DIRECTION('',(0.,0.,1.));
#2480=DIRECTION('',(1.,0.,0.));
#2481=DIRECTION('',(0.438671268560459,-3.23617808720793E-17,0.898647605093096));
#2482=DIRECTION('',(-0.898647605093096,0.,0.438671268560459));
#2483=DIRECTION('',(0.,0.,1.));
#2484=DIRECTION('',(1.,0.,0.));
#2485=DIRECTION('',(0.,0.,1.));
#2486=DIRECTION('',(0.,0.,-1.));
#2487=DIRECTION('',(1.,0.,0.));
#2488=DIRECTION('',(0.,0.,-1.));
#2489=DIRECTION('',(0.438671268560459,-3.23617808720793E-17,0.898647605093096));
#2490=DIRECTION('',(-0.898647605093096,0.,0.438671268560459));
#2491=DIRECTION('',(0.,0.,1.));
#2492=DIRECTION('',(1.,0.,0.));
#2493=DIRECTION('',(0.,0.,1.));
#2494=DIRECTION('',(1.,0.,0.));
#2495=DIRECTION('',(7.37722827808567E-17,1.,0.));
#2496=DIRECTION('',(7.37722827808567E-17,1.,0.));
#2497=DIRECTION('',(0.,0.,-1.));
#2498=DIRECTION('',(1.,0.,0.));
#2499=DIRECTION('',(0.,0.,-1.));
#2500=DIRECTION('',(1.,0.,0.));
#2501=DIRECTION('',(0.,0.,-1.));
#2502=DIRECTION('',(1.,0.,0.));
#2503=DIRECTION('',(0.,0.,1.));
#2504=DIRECTION('',(1.,0.,0.));
#2505=DIRECTION('',(-0.390731128489275,0.,-0.92050485345244));
#2506=DIRECTION('',(-0.390731128489275,0.,-0.92050485345244));
#2507=DIRECTION('',(-0.92050485345244,0.,0.390731128489275));
#2508=DIRECTION('',(0.,-1.,0.));
#2509=DIRECTION('',(0.,0.,-1.));
#2510=DIRECTION('',(0.,1.,0.));
#2511=DIRECTION('',(-0.390731128489275,0.,-0.92050485345244));
#2512=DIRECTION('',(-0.92050485345244,0.,0.390731128489275));
#2513=DIRECTION('',(0.390731128489275,0.,0.92050485345244));
#2514=DIRECTION('',(-0.390731128489275,0.,-0.92050485345244));
#2515=DIRECTION('',(0.,-1.,0.));
#2516=DIRECTION('',(0.92050485345244,0.,-0.390731128489275));
#2517=DIRECTION('',(-0.390731128489275,0.,-0.92050485345244));
#2518=DIRECTION('',(0.390731128489274,0.,0.92050485345244));
#2519=DIRECTION('',(0.92050485345244,0.,-0.390731128489274));
#2520=DIRECTION('',(-0.92050485345244,0.,0.390731128489275));
#2521=DIRECTION('',(0.390731128489274,0.,0.92050485345244));
#2522=DIRECTION('',(0.92050485345244,0.,-0.390731128489274));
#2523=DIRECTION('',(0.,1.,0.));
#2524=DIRECTION('',(0.,0.,1.));
#2525=DIRECTION('',(0.,0.,-1.));
#2526=DIRECTION('',(1.,0.,0.));
#2527=DIRECTION('',(0.,0.,1.));
#2528=DIRECTION('',(1.,0.,0.));
#2529=DIRECTION('',(0.,0.,1.));
#2530=DIRECTION('',(1.,0.,0.));
#2531=DIRECTION('',(-1.95732265739316E-16,-1.,0.));
#2532=DIRECTION('',(1.95732265739316E-16,1.,-5.17689413512189E-17));
#2533=DIRECTION('',(1.,-1.95732265739316E-16,0.));
#2534=DIRECTION('',(1.94289029309402E-16,1.,0.));
#2535=DIRECTION('',(0.191079256207163,-0.978217847057362,-0.0811083321600038));
#2536=DIRECTION('',(0.98145144329755,0.191710887664622,0.));
#2537=DIRECTION('',(0.,-1.,0.));
#2538=DIRECTION('',(0.,0.,-1.));
#2539=DIRECTION('',(0.,-1.,0.));
#2540=DIRECTION('',(0.,0.,-1.));
#2541=DIRECTION('',(1.95732265739316E-16,1.,-5.17689413512189E-17));
#2542=DIRECTION('',(-1.,1.95732265739317E-16,0.));
#2543=DIRECTION('',(-0.721273689998475,0.692650174414172,-6.62051792654374E-17));
#2544=DIRECTION('',(-0.692650174414171,-0.721273689998474,0.));
#2545=DIRECTION('',(-0.801506818585803,0.597985635078691,1.85385692580837E-15));
#2546=DIRECTION('',(-0.597985635078691,-0.801506818585804,0.));
#2547=DIRECTION('',(0.,0.,1.));
#2548=DIRECTION('',(1.,0.,0.));
#2549=DIRECTION('',(0.191079256207163,0.978217847057361,-0.0811083321600063));
#2550=DIRECTION('',(-0.98145144329755,0.191710887664622,0.));
#2551=DIRECTION('',(0.801506818585803,0.597985635078691,0.));
#2552=DIRECTION('',(-0.597985635078691,0.801506818585804,0.));
#2553=DIRECTION('',(0.,0.,1.));
#2554=DIRECTION('',(1.,0.,0.));
#2555=DIRECTION('',(-0.721273689998475,-0.692650174414172,0.));
#2556=DIRECTION('',(0.692650174414174,-0.721273689998476,0.));
#2557=DIRECTION('',(0.,0.,1.));
#2558=DIRECTION('',(1.,0.,0.));
#2559=DIRECTION('',(7.37722827808567E-17,1.,0.));
#2560=DIRECTION('',(-1.,7.37722827808567E-17,0.));
#2561=DIRECTION('',(7.37722827808567E-17,1.,0.));
#2562=DIRECTION('',(-1.,7.37722827808567E-17,0.));
#2563=DIRECTION('',(1.,0.,0.));
#2564=DIRECTION('',(-1.,0.,0.));
#2565=DIRECTION('',(0.,0.,-1.));
#2566=DIRECTION('',(1.,0.,0.));
#2567=DIRECTION('',(0.,0.,-1.));
#2568=DIRECTION('',(1.,0.,0.));
#2569=DIRECTION('',(0.,0.,-1.));
#2570=DIRECTION('',(1.,0.,0.));
#2571=DIRECTION('',(0.,0.,1.));
#2572=DIRECTION('',(1.,0.,0.));
#2573=DIRECTION('',(-1.95732265739316E-16,-1.,0.));
#2574=DIRECTION('',(0.,0.,-1.));
#2575=DIRECTION('',(1.,0.,0.));
#2576=DIRECTION('',(0.,0.,-1.));
#2577=DIRECTION('',(1.,0.,0.));
#2578=DIRECTION('',(0.,0.,-1.));
#2579=DIRECTION('',(1.,0.,0.));
#2580=DIRECTION('',(1.,0.,0.));
#2581=DIRECTION('',(-1.,0.,0.));
#2582=DIRECTION('',(0.,0.,1.));
#2583=DIRECTION('',(1.,0.,0.));
#2584=DIRECTION('',(0.,0.,-1.));
#2585=DIRECTION('',(1.,0.,0.));
#2586=DIRECTION('',(0.,0.,1.));
#2587=DIRECTION('',(1.,0.,0.));
#2588=DIRECTION('',(0.,0.,1.));
#2589=DIRECTION('',(1.,0.,0.));
#2590=DIRECTION('',(0.,0.,-1.));
#2591=DIRECTION('',(0.,0.,1.));
#2592=DIRECTION('',(0.,0.,-1.));
#2593=DIRECTION('',(-1.,0.,0.));
#2594=DIRECTION('',(0.,0.,-1.));
#2595=DIRECTION('',(1.,0.,0.));
#2596=DIRECTION('',(0.,0.,1.));
#2597=DIRECTION('',(1.,0.,0.));
#2598=DIRECTION('',(-1.95732265739316E-16,-1.,0.));
#2599=DIRECTION('',(0.,0.,1.));
#2600=DIRECTION('',(1.,0.,0.));
#2601=DIRECTION('',(0.,0.,1.));
#2602=DIRECTION('',(1.,0.,0.));
#2603=DIRECTION('',(0.,0.,-1.));
#2604=DIRECTION('',(0.,0.,1.));
#2605=DIRECTION('',(1.,-1.95732265739316E-16,0.));
#2606=DIRECTION('',(1.94289029309402E-16,1.,0.));
#2607=DIRECTION('',(0.,0.,-1.));
#2608=DIRECTION('',(0.,0.,1.));
#2609=DIRECTION('',(0.,0.,1.));
#2610=DIRECTION('',(1.,0.,0.));
#2611=DIRECTION('',(0.,0.,1.));
#2612=DIRECTION('',(1.,0.,0.));
#2613=DIRECTION('',(0.,0.,1.));
#2614=DIRECTION('',(1.,0.,0.));
#2615=DIRECTION('',(0.,0.,-1.));
#2616=DIRECTION('',(0.,0.,1.));
#2617=DIRECTION('',(1.,1.22464679914735E-16,0.));
#2618=DIRECTION('',(0.,0.,1.));
#2619=DIRECTION('',(0.,0.,1.));
#2620=DIRECTION('',(1.,0.,0.));
#2621=DIRECTION('',(0.,0.,-1.));
#2622=DIRECTION('',(-1.,0.,0.));
#2623=DIRECTION('',(0.,0.,-1.));
#2624=DIRECTION('',(-1.,0.,0.));
#2625=DIRECTION('',(0.,0.,-1.));
#2626=DIRECTION('',(-1.,0.,0.));
#2627=DIRECTION('',(0.,0.,-1.));
#2628=DIRECTION('',(-1.,0.,0.));
#2629=DIRECTION('',(0.,0.,1.));
#2630=DIRECTION('',(-0.500000000000003,-0.866025403784437,0.));
#2631=DIRECTION('',(0.,0.,-1.));
#2632=DIRECTION('',(-1.,0.,0.));
#2633=DIRECTION('',(0.,0.,1.));
#2634=DIRECTION('',(-0.500000000000003,-0.866025403784437,0.));
#2635=DIRECTION('',(0.,0.,-1.));
#2636=DIRECTION('',(0.500000000000003,0.866025403784437,0.));
#2637=DIRECTION('',(0.,0.,-1.));
#2638=DIRECTION('',(0.,0.,1.));
#2639=DIRECTION('',(0.,0.,1.));
#2640=DIRECTION('',(-0.500000000000003,-0.866025403784437,0.));
#2641=DIRECTION('',(0.,0.,-1.));
#2642=DIRECTION('',(-1.,0.,0.));
#2643=DIRECTION('',(0.,0.,1.));
#2644=DIRECTION('',(-0.499999999999999,0.866025403784439,0.));
#2645=DIRECTION('',(0.,0.,-1.));
#2646=DIRECTION('',(-1.,0.,0.));
#2647=DIRECTION('',(0.,0.,1.));
#2648=DIRECTION('',(-0.499999999999999,0.866025403784439,0.));
#2649=DIRECTION('',(0.,0.,-1.));
#2650=DIRECTION('',(0.499999999999999,-0.866025403784439,0.));
#2651=DIRECTION('',(0.,0.,-1.));
#2652=DIRECTION('',(0.,0.,1.));
#2653=DIRECTION('',(0.,0.,1.));
#2654=DIRECTION('',(-0.499999999999999,0.866025403784439,0.));
#2655=DIRECTION('',(0.,0.,1.));
#2656=DIRECTION('',(-0.500000000000003,-0.866025403784437,0.));
#2657=DIRECTION('',(0.,0.,-1.));
#2658=DIRECTION('',(0.,0.,1.));
#2659=DIRECTION('',(0.,0.,1.));
#2660=DIRECTION('',(-0.500000000000003,-0.866025403784437,0.));
#2661=DIRECTION('',(0.,0.,-1.));
#2662=DIRECTION('',(-1.,0.,0.));
#2663=DIRECTION('',(0.,0.,-1.));
#2664=DIRECTION('',(-0.500000000000003,-0.866025403784437,0.));
#2665=DIRECTION('',(0.,0.,-1.));
#2666=DIRECTION('',(-1.,0.,0.));
#2667=DIRECTION('',(0.,0.,-1.));
#2668=DIRECTION('',(0.500000000000003,0.866025403784437,0.));
#2669=DIRECTION('',(0.,0.,-1.));
#2670=DIRECTION('',(-0.499999999999999,0.866025403784439,0.));
#2671=DIRECTION('',(0.,0.,-1.));
#2672=DIRECTION('',(0.,0.,1.));
#2673=DIRECTION('',(0.,0.,1.));
#2674=DIRECTION('',(-0.499999999999999,0.866025403784439,0.));
#2675=DIRECTION('',(0.,0.,-1.));
#2676=DIRECTION('',(-1.,0.,0.));
#2677=DIRECTION('',(0.,0.,-1.));
#2678=DIRECTION('',(-0.499999999999999,0.866025403784439,0.));
#2679=DIRECTION('',(0.,0.,-1.));
#2680=DIRECTION('',(-1.,0.,0.));
#2681=DIRECTION('',(0.,0.,-1.));
#2682=DIRECTION('',(0.499999999999999,-0.866025403784439,0.));
#2683=DIRECTION('',(0.,0.,1.));
#2684=DIRECTION('',(0.,0.,-1.));
#2685=DIRECTION('',(0.,0.,1.));
#2686=DIRECTION('',(-0.499999999999999,0.866025403784439,0.));
#2687=DIRECTION('',(0.,0.,1.));
#2688=DIRECTION('',(0.,0.,-1.));
#2689=DIRECTION('',(0.,0.,1.));
#2690=DIRECTION('',(-0.500000000000003,-0.866025403784437,0.));
#2691=DIRECTION('',(1.,0.,0.));
#2692=DIRECTION('',(-1.,0.,0.));
#2693=DIRECTION('',(0.,1.,4.6259292692715E-16));
#2694=DIRECTION('',(0.,-4.63171168085807E-16,1.));
#2695=DIRECTION('',(-1.,0.,0.));
#2696=DIRECTION('',(1.,0.,0.));
#2697=DIRECTION('',(0.,-1.,-1.15648231731787E-16));
#2698=DIRECTION('',(0.,1.16226472890446E-16,-1.));
#2699=DIRECTION('',(0.,0.,-1.));
#2700=DIRECTION('',(-1.,0.,0.));
#2701=DIRECTION('',(0.,0.,-1.));
#2702=DIRECTION('',(-1.,0.,0.));
#2703=DIRECTION('',(0.,0.,-1.));
#2704=DIRECTION('',(-1.,0.,0.));
#2705=DIRECTION('',(-0.390731128489275,0.,-0.92050485345244));
#2706=DIRECTION('',(-0.92050485345244,0.,0.390731128489274));
#2707=DIRECTION('',(0.,1.,0.));
#2708=DIRECTION('',(0.390731128489275,0.,0.92050485345244));
#2709=DIRECTION('',(0.390731128489275,0.,0.92050485345244));
#2710=DIRECTION('',(-0.92050485345244,0.,0.390731128489275));
#2711=DIRECTION('',(0.390731128489275,0.,0.92050485345244));
#2712=DIRECTION('',(-0.92050485345244,0.,0.390731128489274));
#2713=DIRECTION('',(0.390731128489275,0.,0.92050485345244));
#2714=DIRECTION('',(-0.92050485345244,0.,0.390731128489274));
#2715=DIRECTION('',(-0.390731128489275,0.,-0.92050485345244));
#2716=DIRECTION('',(0.92050485345244,0.,-0.390731128489274));
#2717=DIRECTION('',(0.92050485345244,0.,-0.390731128489274));
#2718=DIRECTION('',(0.92050485345244,0.,-0.390731128489274));
#2719=DIRECTION('',(-0.390731128489275,0.,-0.92050485345244));
#2720=DIRECTION('',(0.,-1.,0.));
#2721=DIRECTION('',(0.,0.,-1.));
#2722=DIRECTION('',(0.,-1.,0.));
#2723=DIRECTION('',(0.390731128489275,0.,0.92050485345244));
#2724=DIRECTION('',(0.92050485345244,0.,-0.390731128489275));
#2725=DIRECTION('',(-0.390731128489275,0.,-0.92050485345244));
#2726=DIRECTION('',(0.92050485345244,0.,-0.390731128489274));
#2727=DIRECTION('',(0.92050485345244,0.,-0.390731128489274));
#2728=DIRECTION('',(-0.390731128489275,0.,-0.92050485345244));
#2729=DIRECTION('',(-0.92050485345244,0.,0.390731128489274));
#2730=DIRECTION('',(-0.92050485345244,0.,0.390731128489274));
#2731=DIRECTION('',(-0.92050485345244,0.,0.390731128489274));
#2732=DIRECTION('',(-0.390731128489275,0.,-0.92050485345244));
#2733=DIRECTION('',(0.,1.,0.));
#2734=DIRECTION('',(0.,0.,1.));
#2735=DIRECTION('',(0.92050485345244,0.,-0.390731128489274));
#2736=DIRECTION('',(-0.390731128489275,0.,-0.92050485345244));
#2737=DIRECTION('',(-0.390731128489275,0.,-0.92050485345244));
#2738=DIRECTION('',(0.,1.,0.));
#2739=DIRECTION('',(0.,0.,1.));
#2740=DIRECTION('',(0.,1.,0.));
#2741=DIRECTION('',(-0.390731128489275,0.,-0.92050485345244));
#2742=DIRECTION('',(-0.92050485345244,0.,0.390731128489275));
#2743=DIRECTION('',(0.390731128489275,0.,0.92050485345244));
#2744=DIRECTION('',(-0.920504853452441,0.,0.390731128489273));
#2745=DIRECTION('',(-0.390731128489275,0.,-0.92050485345244));
#2746=DIRECTION('',(0.,-1.,0.));
#2747=DIRECTION('',(0.,0.,-1.));
#2748=DIRECTION('',(0.,-1.,0.));
#2749=DIRECTION('',(0.92050485345244,0.,-0.390731128489275));
#2750=DIRECTION('',(-0.390731128489275,0.,-0.92050485345244));
#2751=DIRECTION('',(0.390731128489274,0.,0.92050485345244));
#2752=DIRECTION('',(0.92050485345244,0.,-0.390731128489274));
#2753=DIRECTION('',(0.,1.,0.));
#2754=DIRECTION('',(0.390731128489274,0.,0.92050485345244));
#2755=DIRECTION('',(0.92050485345244,0.,-0.390731128489274));
#2756=DIRECTION('',(0.,1.,0.));
#2757=DIRECTION('',(0.390731128489274,0.,0.92050485345244));
#2758=DIRECTION('',(0.92050485345244,0.,-0.390731128489274));
#2759=DIRECTION('',(-0.92050485345244,0.,0.390731128489275));
#2760=DIRECTION('',(0.390731128489275,0.,0.92050485345244));
#2761=DIRECTION('',(0.,-1.,0.));
#2762=DIRECTION('',(0.390731128489274,0.,0.92050485345244));
#2763=DIRECTION('',(0.92050485345244,0.,-0.390731128489274));
#2764=DIRECTION('',(0.,-1.,0.));
#2765=DIRECTION('',(0.390731128489274,0.,0.92050485345244));
#2766=DIRECTION('',(0.92050485345244,0.,-0.390731128489274));
#2767=DIRECTION('',(0.92050485345244,0.,-0.390731128489275));
#2768=DIRECTION('',(-0.390731128489275,0.,-0.92050485345244));
#2769=DIRECTION('',(0.,0.,-1.));
#2770=DIRECTION('',(-1.,0.,0.));
#2771=DIRECTION('',(0.,0.,-1.));
#2772=DIRECTION('',(-1.,0.,0.));
#2773=DIRECTION('',(-1.,0.,0.));
#2774=DIRECTION('',(0.,0.,0.999999999999999));
#2775=DIRECTION('',(-1.,0.,0.));
#2776=DIRECTION('',(0.,0.,0.999999999999999));
#2777=DIRECTION('',(1.,0.,0.));
#2778=DIRECTION('',(0.,0.,-0.999999999999999));
#2779=DIRECTION('',(1.,0.,0.));
#2780=DIRECTION('',(0.,0.,-0.999999999999999));
#2781=CARTESIAN_POINT('',(0.,0.,0.));
#2782=CARTESIAN_POINT('',(77.502638800287,-3.,78.9972005122343));
#2783=CARTESIAN_POINT('',(69.9918065557376,-3.,61.3027885996073));
#2784=CARTESIAN_POINT('',(71.5244525344011,-3.,64.913476254412));
#2785=CARTESIAN_POINT('',(71.5244525344011,-3.,64.913476254412));
#2786=CARTESIAN_POINT('',(71.5244525344011,2.99999999999999,64.913476254412));
#2787=CARTESIAN_POINT('',(77.502638800287,3.,78.9972005122343));
#2788=CARTESIAN_POINT('',(69.9918065557376,2.99999999999998,61.3027885996073));
#2789=CARTESIAN_POINT('',(69.9918065557376,3.,61.3027885996073));
#2790=CARTESIAN_POINT('',(77.502638800287,-3.,78.9972005122343));
#2791=CARTESIAN_POINT('',(72.9001145330248,2.99999999999998,80.9508561546807));
#2792=CARTESIAN_POINT('',(65.3892822884754,3.,63.2564442420537));
#2793=CARTESIAN_POINT('',(66.9219282671389,2.99999999999998,66.8671318968584));
#2794=CARTESIAN_POINT('',(66.9219282671389,3.,66.8671318968584));
#2795=CARTESIAN_POINT('',(66.9219282671389,-3.,66.8671318968584));
#2796=CARTESIAN_POINT('',(72.9001145330248,-3.,80.9508561546807));
#2797=CARTESIAN_POINT('',(65.3892822884754,-3.,63.2564442420537));
#2798=CARTESIAN_POINT('',(65.3892822884754,-3.,63.2564442420537));
#2799=CARTESIAN_POINT('',(72.9001145330248,3.,80.9508561546807));
#2800=CARTESIAN_POINT('',(35.9472638210133,89.5000000000001,84.6864465176245));
#2801=CARTESIAN_POINT('',(161.135923890545,89.5000000000001,31.5470130430831));
#2802=CARTESIAN_POINT('',(84.7340210539926,89.5000000000001,63.9776967076929));
#2803=CARTESIAN_POINT('',(84.7340210539926,-3.54549065816987E-15,63.9776967076929));
#2804=CARTESIAN_POINT('',(84.7340210539926,-89.5000000000001,63.9776967076929));
#2805=CARTESIAN_POINT('',(35.9472638210133,-89.5000000000001,84.6864465176245));
#2806=CARTESIAN_POINT('',(161.135923890545,-89.5000000000001,31.5470130430831));
#2807=CARTESIAN_POINT('',(161.135923890545,-3.54549065816987E-15,31.5470130430831));
#2808=CARTESIAN_POINT('',(55.8533242536608,-3.54549065816987E-15,76.2368251740191));
#2809=CARTESIAN_POINT('',(55.8533242536608,-48.4922254385055,76.2368251740191));
#2810=CARTESIAN_POINT('',(55.8533242536609,-85.3284521880855,76.2368251740191));
#2811=CARTESIAN_POINT('',(33.2799410578172,-44.0828750222192,85.8186578573038));
#2812=CARTESIAN_POINT('',(56.2799410578172,-44.0828750222192,76.0557370844829));
#2813=CARTESIAN_POINT('',(56.2799410578172,-3.54549065816987E-15,76.0557370844829));
#2814=CARTESIAN_POINT('',(56.2799410578172,44.0828750222192,76.0557370844829));
#2815=CARTESIAN_POINT('',(33.2799410578172,44.0828750222191,85.8186578573038));
#2816=CARTESIAN_POINT('',(55.8533242536609,48.4922254385055,76.2368251740191));
#2817=CARTESIAN_POINT('',(55.8533242536609,-3.54549065816987E-15,76.2368251740191));
#2818=CARTESIAN_POINT('',(55.8533242536609,85.3284521880856,76.2368251740191));
#2819=CARTESIAN_POINT('',(55.8533242536608,-85.3284521880853,76.2368251740191));
#2820=CARTESIAN_POINT('',(57.378803934858,-90.381364550896,75.5892974667114));
#2821=CARTESIAN_POINT('',(59.1707616723,-95.3107385706841,74.8286565354553));
#2822=CARTESIAN_POINT('',(63.4798277435211,-104.843931969345,72.9995665068389));
#2823=CARTESIAN_POINT('',(65.9844549031815,-109.416045279184,71.9364153535682));
#2824=CARTESIAN_POINT('',(71.8185080131352,-117.826124279974,69.4600067319637));
#2825=CARTESIAN_POINT('',(75.2133937600929,-121.741560743624,68.0189632284711));
#2826=CARTESIAN_POINT('',(82.878962689044,-128.292306772258,64.7651222662126));
#2827=CARTESIAN_POINT('',(87.2178805919138,-130.962847622064,62.9233608868433));
#2828=CARTESIAN_POINT('',(96.3840180204665,-134.448810370582,59.0325663865063));
#2829=CARTESIAN_POINT('',(101.320010078494,-135.297088817864,56.9373620648632));
#2830=CARTESIAN_POINT('',(111.034956829816,-135.093384037903,52.8136118281096));
#2831=CARTESIAN_POINT('',(115.92843083442,-134.055063059706,50.7364553493787));
#2832=CARTESIAN_POINT('',(125.09407239452,-130.573491333097,46.8458713327123));
#2833=CARTESIAN_POINT('',(129.468061621135,-128.116992670591,44.9892230596421));
#2834=CARTESIAN_POINT('',(137.619005696312,-122.278952560681,41.5293525713966));
#2835=CARTESIAN_POINT('',(141.360587119786,-118.940412262364,39.941145484334));
#2836=CARTESIAN_POINT('',(148.389291872893,-111.612146801883,36.9576373260674));
#2837=CARTESIAN_POINT('',(151.653663486591,-107.633247299754,35.5719937853031));
#2838=CARTESIAN_POINT('',(157.623927262193,-99.3388276229154,33.0377671664315));
#2839=CARTESIAN_POINT('',(160.34956636982,-95.0059210245036,31.8808020071677));
#2840=CARTESIAN_POINT('',(167.830916349244,-81.5148081349971,28.7051573496521));
#2841=CARTESIAN_POINT('',(171.904265902001,-71.7697274578104,26.9761230468883));
#2842=CARTESIAN_POINT('',(178.093397987544,-51.9351368411263,24.3489923423802));
#2843=CARTESIAN_POINT('',(180.271697651129,-41.7447675150033,23.4243589930305));
#2844=CARTESIAN_POINT('',(183.120605521596,-20.8854547450311,22.2150693483162));
#2845=CARTESIAN_POINT('',(183.778797628775,-10.3426394004723,21.9356833745905));
#2846=CARTESIAN_POINT('',(183.770344621726,10.5526594060219,21.9392714632039));
#2847=CARTESIAN_POINT('',(183.110233991627,20.9734969643212,22.2194718015939));
#2848=CARTESIAN_POINT('',(180.271925765456,41.7309251980253,23.4242621642435));
#2849=CARTESIAN_POINT('',(178.048265943956,52.1235260107308,24.3681497582875));
#2850=CARTESIAN_POINT('',(171.833557821865,71.9518074952308,27.0061368462083));
#2851=CARTESIAN_POINT('',(167.833194696005,81.52329622534,28.7041902488297));
#2852=CARTESIAN_POINT('',(157.761743910685,99.6598445569862,32.9792674698924));
#2853=CARTESIAN_POINT('',(151.853261611439,108.012887134153,35.4872694079426));
#2854=CARTESIAN_POINT('',(141.309163890583,118.987776793843,39.962973350099));
#2855=CARTESIAN_POINT('',(137.491423872086,122.380150219475,41.5835078427866));
#2856=CARTESIAN_POINT('',(129.389582394075,128.163184753427,45.0225355151245));
#2857=CARTESIAN_POINT('',(125.01710321228,130.616076482723,46.8785428121975));
#2858=CARTESIAN_POINT('',(118.068899192769,133.23500106074,49.8278804363662));
#2859=CARTESIAN_POINT('',(115.721766746812,133.92127508372,50.8241790499832));
#2860=CARTESIAN_POINT('',(110.911965135374,134.881158782918,52.8658187050033));
#2861=CARTESIAN_POINT('',(108.446910290227,135.155486116504,53.9121724073436));
#2862=CARTESIAN_POINT('',(103.570250228609,135.241299828976,55.9821917907156));
#2863=CARTESIAN_POINT('',(101.15613757222,135.052569698611,57.0069218168456));
#2864=CARTESIAN_POINT('',(96.3331144636262,134.19887632243,59.0541736644407));
#2865=CARTESIAN_POINT('',(93.9334484114025,133.528033595595,60.0727714709227));
#2866=CARTESIAN_POINT('',(87.0455443294581,130.873604022989,62.9965132901755));
#2867=CARTESIAN_POINT('',(82.8115399801398,128.248225758398,64.793741508183));
#2868=CARTESIAN_POINT('',(75.115441326504,121.643996739333,68.0605415697161));
#2869=CARTESIAN_POINT('',(71.7831970238324,117.789169420994,69.4749953576581));
#2870=CARTESIAN_POINT('',(65.900019366577,109.280095946487,71.9722561124501));
#2871=CARTESIAN_POINT('',(63.4187396323543,104.720424301837,73.0254968715989));
#2872=CARTESIAN_POINT('',(59.1609016076637,95.2770513279241,74.8328418845797));
#2873=CARTESIAN_POINT('',(57.3763410577323,90.3732066612249,75.5903428960268));
#2874=CARTESIAN_POINT('',(55.853324253661,85.3284521880855,76.2368251740191));
#2875=CARTESIAN_POINT('',(35.9472638210133,-5.,84.6864465176245));
#2876=CARTESIAN_POINT('',(75.0456060938098,-5.,68.0901848672789));
#2877=CARTESIAN_POINT('',(66.7610624127378,-5.,71.6067650236824));
#2878=CARTESIAN_POINT('',(75.0456060938098,-3.54549065816987E-15,68.0901848672789));
#2879=CARTESIAN_POINT('',(75.0456060938098,5.,68.0901848672789));
#2880=CARTESIAN_POINT('',(35.9472638210133,4.99999999999999,84.6864465176245));
#2881=CARTESIAN_POINT('',(66.7610624127378,4.99999999999999,71.6067650236824));
#2882=CARTESIAN_POINT('',(66.7610624127378,-3.54549065816987E-15,71.6067650236824));
#2883=CARTESIAN_POINT('',(35.9472638210133,-3.54549065816987E-15,84.6864465176245));
#2884=CARTESIAN_POINT('',(36.7287260779919,87.5000000000001,86.5274562245293));
#2885=CARTESIAN_POINT('',(160.076376440619,87.5000000000001,34.1694850069665));
#2886=CARTESIAN_POINT('',(87.356493017876,87.5000000000001,65.0372441576192));
#2887=CARTESIAN_POINT('',(160.076376440619,-83.9000000000001,34.1694850069665));
#2888=CARTESIAN_POINT('',(160.076376440619,-87.5000000000001,34.1694850069665));
#2889=CARTESIAN_POINT('',(158.603568675095,-87.5000000000001,34.7946548125493));
#2890=CARTESIAN_POINT('',(87.356493017876,-87.5000000000001,65.0372441576192));
#2891=CARTESIAN_POINT('',(87.356493017876,-83.9000000000001,65.0372441576192));
#2892=CARTESIAN_POINT('',(56.6347865106394,-5.07165643206435E-15,78.077834880924));
#2893=CARTESIAN_POINT('',(56.6347865106394,-48.4922254385055,78.077834880924));
#2894=CARTESIAN_POINT('',(56.6347865106394,-85.3284521880856,78.077834880924));
#2895=CARTESIAN_POINT('',(56.6347865106394,-85.3284521880853,78.077834880924));
#2896=CARTESIAN_POINT('',(58.2638586666588,-90.7244984051938,77.3863347769054));
#2897=CARTESIAN_POINT('',(60.5890581630182,-96.969383741959,76.3993461480376));
#2898=CARTESIAN_POINT('',(63.2753317860465,-102.589053535449,75.259090645614));
#2899=CARTESIAN_POINT('',(64.1028783205552,-104.237441540899,74.9078179824735));
#2900=CARTESIAN_POINT('',(64.3821612814717,-104.781277549782,74.789269398968));
#2901=CARTESIAN_POINT('',(65.0059408029368,-105.962459480977,74.5244907012387));
#2902=CARTESIAN_POINT('',(65.9540319356124,-107.709846448978,74.1220498919464));
#2903=CARTESIAN_POINT('',(67.2678408477574,-109.942152024485,73.564371095429));
#2904=CARTESIAN_POINT('',(68.4609001225564,-111.810068652288,73.0579474790316));
#2905=CARTESIAN_POINT('',(68.9815276281857,-112.592314903324,72.8369542142659));
#2906=CARTESIAN_POINT('',(69.3306829403516,-113.109748082551,72.6887465773057));
#2907=CARTESIAN_POINT('',(69.4894224753026,-113.342108326048,72.6213656423821));
#2908=CARTESIAN_POINT('',(71.2311136338108,-115.85289640783,71.8820616079805));
#2909=CARTESIAN_POINT('',(73.6603281686174,-118.951236251313,70.8509212147847));
#2910=CARTESIAN_POINT('',(76.6815911919513,-122.129555270648,69.5684711482342));
#2911=CARTESIAN_POINT('',(78.01652807325,-123.398175393635,69.0018240608935));
#2912=CARTESIAN_POINT('',(78.9153992988487,-124.223140675719,68.6202758626114));
#2913=CARTESIAN_POINT('',(79.3289914029658,-124.590792400874,68.4447164302305));
#2914=CARTESIAN_POINT('',(81.8222367958715,-126.721499186208,67.3863965503115));
#2915=CARTESIAN_POINT('',(84.9125304168176,-128.961035162207,66.0746447335266));
#2916=CARTESIAN_POINT('',(88.1504227619527,-130.724602888601,64.700240975419));
#2917=CARTESIAN_POINT('',(90.3418173751959,-131.794543984063,63.7700491497198));
#2918=CARTESIAN_POINT('',(91.4233657909188,-132.265010604142,63.310959084734));
#2919=CARTESIAN_POINT('',(94.9005031076685,-133.587465780687,61.8350018612711));
#2920=CARTESIAN_POINT('',(98.436138534539,-134.559869297904,60.3342136632661));
#2921=CARTESIAN_POINT('',(102.059521126591,-135.00719532613,58.796179003448));
#2922=CARTESIAN_POINT('',(104.494608891332,-135.188728791839,57.7625455720551));
#2923=CARTESIAN_POINT('',(105.768448713102,-135.220178396148,57.2218326478288));
#2924=CARTESIAN_POINT('',(109.339939707197,-135.145352491352,55.705824664516));
#2925=CARTESIAN_POINT('',(112.917406224284,-134.747819635019,54.1872802221795));
#2926=CARTESIAN_POINT('',(117.101574326121,-133.719294137441,52.4112062361621));
#2927=CARTESIAN_POINT('',(119.196272668349,-133.063847097354,51.5220595423305));
#2928=CARTESIAN_POINT('',(120.094560734584,-132.752687446324,51.1407588805121));
#2929=CARTESIAN_POINT('',(120.693543935469,-132.538524617481,50.8865055964035));
#2930=CARTESIAN_POINT('',(121.018015210459,-132.418617177259,50.7487757115872));
#2931=CARTESIAN_POINT('',(123.490303159369,-131.479557349547,49.6993517388562));
#2932=CARTESIAN_POINT('',(126.767530380841,-129.96397939181,48.3082513163449));
#2933=CARTESIAN_POINT('',(130.55743789601,-127.734683279739,46.6995310203922));
#2934=CARTESIAN_POINT('',(132.44401059279,-126.504754766691,45.8987284216601));
#2935=CARTESIAN_POINT('',(133.250745806953,-125.95293959174,45.5562896398987));
#2936=CARTESIAN_POINT('',(133.788170184927,-125.579573262867,45.3281665258313));
#2937=CARTESIAN_POINT('',(134.083395238014,-125.371013210948,45.202850925682));
#2938=CARTESIAN_POINT('',(136.257801337206,-123.813647853146,44.2798702963625));
#2939=CARTESIAN_POINT('',(139.123831133035,-121.53519264584,43.0633128255264));
#2940=CARTESIAN_POINT('',(142.409470472759,-118.523550792731,41.6686416706664));
#2941=CARTESIAN_POINT('',(143.805159742195,-117.15710911756,41.0762067245368));
#2942=CARTESIAN_POINT('',(144.732854393783,-116.229317328815,40.6824237078052));
#2943=CARTESIAN_POINT('',(145.229862910177,-115.720990769901,40.4714561091541));
#2944=CARTESIAN_POINT('',(147.362557125882,-113.49743458101,39.5661811239116));
#2945=CARTESIAN_POINT('',(149.862655640061,-110.689520608827,38.5049522665994));
#2946=CARTESIAN_POINT('',(152.675951786771,-107.169239519964,37.3107789017815));
#2947=CARTESIAN_POINT('',(153.859474681111,-105.608180170169,36.8084032387266));
#2948=CARTESIAN_POINT('',(154.643562065283,-104.555836724846,36.4755778904382));
#2949=CARTESIAN_POINT('',(155.054334364765,-103.994404196647,36.3012153941117));
#2950=CARTESIAN_POINT('',(156.883950697795,-101.452570520084,35.5245893374143));
#2951=CARTESIAN_POINT('',(159.007289787852,-98.3053260558135,34.623285367412));
#2952=CARTESIAN_POINT('',(161.022328113537,-95.0125155129491,33.7679523444614));
#2953=CARTESIAN_POINT('',(162.3416201608,-92.7849604669075,33.2079460951725));
#2954=CARTESIAN_POINT('',(163.012445753572,-91.6131494811727,32.923197524972));
#2955=CARTESIAN_POINT('',(166.074276752079,-86.0918190486495,31.623527374616));
#2956=CARTESIAN_POINT('',(169.430810632242,-79.1969643834857,30.1987632727323));
#2957=CARTESIAN_POINT('',(172.790856019189,-70.6817655183898,28.7725086246521));
#2958=CARTESIAN_POINT('',(174.331901011018,-66.3063656469072,28.1183738349747));
#2959=CARTESIAN_POINT('',(174.962567928593,-64.4059513222144,27.8506716110478));
#2960=CARTESIAN_POINT('',(175.376394554516,-63.1333988943747,27.6750126300662));
#2961=CARTESIAN_POINT('',(175.593078885938,-62.4524004398731,27.5830355883103));
#2962=CARTESIAN_POINT('',(177.278016728253,-57.0526858262299,26.8678219073692));
#2963=CARTESIAN_POINT('',(179.238473578328,-49.6357109563695,26.0356573462466));
#2964=CARTESIAN_POINT('',(181.024951092313,-40.6022016844449,25.2773426318352));
#2965=CARTESIAN_POINT('',(181.793009313197,-35.990354067544,24.9513212596874));
#2966=CARTESIAN_POINT('',(182.095352721552,-33.993470878671,24.8229840969936));
#2967=CARTESIAN_POINT('',(182.290954015879,-32.6576871822348,24.7399562735338));
#2968=CARTESIAN_POINT('',(182.390742721481,-31.9511531329453,24.6975984810635));
#2969=CARTESIAN_POINT('',(183.17258281822,-26.2267751065927,24.3657270496953));
#2970=CARTESIAN_POINT('',(183.6932689339,-21.0642636671477,24.1447089064391));
#2971=CARTESIAN_POINT('',(184.386075446862,-10.5908899562169,23.8506299891805));
#2972=CARTESIAN_POINT('',(184.558182677491,-5.24723962468583,23.7775748040912));
#2973=CARTESIAN_POINT('',(184.553884086968,5.45725963023533,23.779399447513));
#2974=CARTESIAN_POINT('',(184.291835709684,13.3773469856306,23.8906323842989));
#2975=CARTESIAN_POINT('',(183.533169842664,22.427946500116,24.2126669387665));
#2976=CARTESIAN_POINT('',(183.040601219108,26.9058706573232,24.4217499147213));
#2977=CARTESIAN_POINT('',(182.805235589716,28.8148290961186,24.5216566969993));
#2978=CARTESIAN_POINT('',(182.642932994406,30.0852120743615,24.5905500613142));
#2979=CARTESIAN_POINT('',(182.56499752565,30.6760387823874,24.6236317050904));
#2980=CARTESIAN_POINT('',(181.732899014479,36.7615894714604,24.976836567688));
#2981=CARTESIAN_POINT('',(180.334395674245,44.6543052231518,25.5704660160025));
#2982=CARTESIAN_POINT('',(178.196990791293,53.4751078910809,26.477740560859));
#2983=CARTESIAN_POINT('',(177.001833936647,57.7886677977845,26.9850545470763));
#2984=CARTESIAN_POINT('',(176.462526481834,59.6165845948159,27.2139769798385));
#2985=CARTESIAN_POINT('',(176.096966539904,60.8305842963005,27.3691479690032));
#2986=CARTESIAN_POINT('',(175.922821745216,61.3981208122601,27.4430680487221));
#2987=CARTESIAN_POINT('',(174.118793297274,67.1540342787465,28.2088326925991));
#2988=CARTESIAN_POINT('',(171.398177342867,74.5605478778436,29.3636656498229));
#2989=CARTESIAN_POINT('',(167.672447187711,82.7324144534084,30.9451442726793));
#2990=CARTESIAN_POINT('',(165.671662558046,86.701081252012,31.7944269606313));
#2991=CARTESIAN_POINT('',(164.784629241314,88.3768099180182,32.170950264723));
#2992=CARTESIAN_POINT('',(164.186706099108,89.4883782434899,32.4247535806186));
#2993=CARTESIAN_POINT('',(163.898643702545,90.015829503767,32.5470288134563));
#2994=CARTESIAN_POINT('',(162.300082991436,92.8945339407476,33.2255775775041));
#2995=CARTESIAN_POINT('',(160.309139823666,96.2501698928865,34.0706828127272));
#2996=CARTESIAN_POINT('',(157.85919974433,99.9921621022993,35.1106206776278));
#2997=CARTESIAN_POINT('',(156.7819740567,101.558819534601,35.567875853401));
#2998=CARTESIAN_POINT('',(156.057767738743,102.595023708449,35.8752831971137));
#2999=CARTESIAN_POINT('',(155.710627271272,103.084093304555,36.022635583242));
#3000=CARTESIAN_POINT('',(153.779879072315,105.75801033562,36.8421895701417));
#3001=CARTESIAN_POINT('',(151.406536122486,108.826185995489,37.8496138825728));
#3002=CARTESIAN_POINT('',(148.538857069963,112.159805904872,39.0668714213406));
#3003=CARTESIAN_POINT('',(147.080322807604,113.765136269448,39.6859824842907));
#3004=CARTESIAN_POINT('',(146.449944966001,114.439960799242,39.9535620027479));
#3005=CARTESIAN_POINT('',(146.028517131784,114.886916219575,40.1324475052224));
#3006=CARTESIAN_POINT('',(145.836760506982,115.088586023816,40.2138433632925));
#3007=CARTESIAN_POINT('',(143.753844434768,117.256633974989,41.0979887802255));
#3008=CARTESIAN_POINT('',(140.942313720235,119.9447726815,42.2914127635444));
#3009=CARTESIAN_POINT('',(137.602153304681,122.726398689422,43.7092267420476));
#3010=CARTESIAN_POINT('',(135.917062784753,124.028577739299,44.4245052307903));
#3011=CARTESIAN_POINT('',(135.191664637895,124.567661484799,44.7324184758567));
#3012=CARTESIAN_POINT('',(134.707351096554,124.922829983985,44.9379973773053));
#3013=CARTESIAN_POINT('',(134.490273528391,125.080147066433,45.0301413381546));
#3014=CARTESIAN_POINT('',(132.075500283408,126.803830846598,46.0551517675066));
#3015=CARTESIAN_POINT('',(128.833709461693,128.839248206076,47.431210330744));
#3016=CARTESIAN_POINT('',(125.012957136652,130.753953350838,49.0530234716981));
#3017=CARTESIAN_POINT('',(123.36720691884,131.475980889743,49.7516029929307));
#3018=CARTESIAN_POINT('',(122.268199010154,131.935430275618,50.2181041729832));
#3019=CARTESIAN_POINT('',(121.765504579261,132.136212581923,50.4314852991463));
#3020=CARTESIAN_POINT('',(118.770128964212,133.265280679313,51.7029468128227));
#3021=CARTESIAN_POINT('',(116.373946473205,133.95327181588,52.7200659352976));
#3022=CARTESIAN_POINT('',(111.581817493254,134.898727406327,54.7542040033153));
#3023=CARTESIAN_POINT('',(109.232469072409,135.155371062588,55.7514432424656));
#3024=CARTESIAN_POINT('',(104.347615960384,135.241414882893,57.8249403694034));
#3025=CARTESIAN_POINT('',(101.945750499311,135.053967723722,58.8444717695525));
#3026=CARTESIAN_POINT('',(98.3162571626968,134.41160065392,60.3851002865458));
#3027=CARTESIAN_POINT('',(97.1190794704415,134.139331202914,60.8932720674361));
#3028=CARTESIAN_POINT('',(94.7500309258297,133.478498112094,61.8988735130018));
#3029=CARTESIAN_POINT('',(93.5395097209848,133.075040349007,62.4127092789462));
#3030=CARTESIAN_POINT('',(90.1778084812292,131.779590516167,63.8396667948431));
#3031=CARTESIAN_POINT('',(86.9127091450059,130.169726538598,65.2256192354926));
#3032=CARTESIAN_POINT('',(83.2724799172595,127.741327144824,66.7708048679011));
#3033=CARTESIAN_POINT('',(81.7486073906213,126.582679243218,67.4176503785727));
#3034=CARTESIAN_POINT('',(80.7407425314901,125.784046130088,67.8454636294165));
#3035=CARTESIAN_POINT('',(80.2022594712061,125.33852707725,68.0740361274625));
#3036=CARTESIAN_POINT('',(77.915726666678,123.376447935329,69.0446117194219));
#3037=CARTESIAN_POINT('',(75.2785716766964,120.772765629535,70.1640175991106));
#3038=CARTESIAN_POINT('',(72.3885885120926,117.299058435672,71.3907426717546));
#3039=CARTESIAN_POINT('',(70.9902713440511,115.453185379465,71.9842930946617));
#3040=CARTESIAN_POINT('',(70.4009942179462,114.638735614103,72.2344263944616));
#3041=CARTESIAN_POINT('',(70.0103653916982,114.090577701039,72.4002384936894));
#3042=CARTESIAN_POINT('',(69.7884777302441,113.773862649634,72.4944242180043));
#3043=CARTESIAN_POINT('',(64.3300375542297,105.879273775131,74.8113946085092));
#3044=CARTESIAN_POINT('',(60.0006095737152,96.4772136099127,76.6491277548308));
#3045=CARTESIAN_POINT('',(56.6347865106394,85.3284521880854,78.0778348809239));
#3046=CARTESIAN_POINT('',(56.6347865106394,85.3284521880855,78.077834880924));
#3047=CARTESIAN_POINT('',(56.6347865106394,-5.07165643206435E-15,78.077834880924));
#3048=CARTESIAN_POINT('',(56.6347865106394,48.4922254385055,78.077834880924));
#3049=CARTESIAN_POINT('',(34.0614033147958,44.0828750222191,87.6596675642087));
#3050=CARTESIAN_POINT('',(57.0614033147958,44.0828750222191,77.8967467913878));
#3051=CARTESIAN_POINT('',(57.0614033147958,-44.0828750222191,77.8967467913878));
#3052=CARTESIAN_POINT('',(57.0614033147958,-44.0828750222192,77.8967467913878));
#3053=CARTESIAN_POINT('',(34.0614033147958,-44.0828750222192,87.6596675642087));
#3054=CARTESIAN_POINT('',(36.7287260779919,2.99999999999998,86.5274562245293));
#3055=CARTESIAN_POINT('',(69.3835343766213,2.99999999999998,72.6663124736087));
#3056=CARTESIAN_POINT('',(73.9860586438835,2.99999999999999,70.7126568311623));
#3057=CARTESIAN_POINT('',(73.9860586438835,-3.60314091277425E-15,70.7126568311623));
#3058=CARTESIAN_POINT('',(73.9860586438835,-3.,70.7126568311623));
#3059=CARTESIAN_POINT('',(36.7287260779919,-3.,86.5274562245293));
#3060=CARTESIAN_POINT('',(69.3835343766213,-3.,72.6663124736087));
#3061=CARTESIAN_POINT('',(69.3835343766213,-3.60314091277425E-15,72.6663124736087));
#3062=CARTESIAN_POINT('',(36.7287260779919,-3.60314091277425E-15,86.5274562245293));
#3063=CARTESIAN_POINT('',(57.3892099293281,1.2488849271669E-13,48.));
#3064=CARTESIAN_POINT('',(57.389209929328,55.0157121528707,48.));
#3065=CARTESIAN_POINT('',(57.3892099293282,-55.0157121528704,48.));
#3066=CARTESIAN_POINT('',(57.389209929328,55.0157121528707,67.));
#3067=CARTESIAN_POINT('',(57.389209929328,55.0157121528707,67.));
#3068=CARTESIAN_POINT('',(57.3892099293281,1.2488849271669E-13,67.));
#3069=CARTESIAN_POINT('',(57.3892099293282,-55.0157121528704,67.));
#3070=CARTESIAN_POINT('',(57.3892099293282,-55.0157121528704,48.));
#3071=CARTESIAN_POINT('',(57.3892099293281,-13.5000000000022,65.));
#3072=CARTESIAN_POINT('',(57.3892099293281,-13.5000000000022,60.));
#3073=CARTESIAN_POINT('',(57.3892099293281,-13.5000000000022,55.));
#3074=CARTESIAN_POINT('',(57.3892099293281,-8.5000000000022,60.));
#3075=CARTESIAN_POINT('',(57.3892099293281,-8.50000000000219,64.9999999999999));
#3076=CARTESIAN_POINT('',(57.3892099293282,-54.2059537634459,64.9999999999999));
#3077=CARTESIAN_POINT('',(57.3892099293281,8.50000000000218,64.9999999999999));
#3078=CARTESIAN_POINT('',(57.3892099293281,8.50000000000218,60.));
#3079=CARTESIAN_POINT('',(57.3892099293281,13.5000000000022,60.));
#3080=CARTESIAN_POINT('',(57.3892099293281,13.5000000000022,65.));
#3081=CARTESIAN_POINT('',(57.3892099293281,13.5000000000022,55.));
#3082=CARTESIAN_POINT('',(57.3892099293281,8.50000000000218,55.));
#3083=CARTESIAN_POINT('',(57.3892099293281,8.50000000000217,50.));
#3084=CARTESIAN_POINT('',(57.3892099293282,-54.2059537634459,50.));
#3085=CARTESIAN_POINT('',(57.3892099293281,-8.50000000000219,50.));
#3086=CARTESIAN_POINT('',(57.3892099293281,-8.50000000000219,55.));
#3087=CARTESIAN_POINT('',(57.3892099293282,-54.2059537634459,65.));
#3088=CARTESIAN_POINT('',(55.3892099293282,-54.2059537634459,50.));
#3089=CARTESIAN_POINT('',(55.3892099293281,-8.50000000000219,50.));
#3090=CARTESIAN_POINT('',(55.3892099293282,-45.3194640367462,50.));
#3091=CARTESIAN_POINT('',(55.3892099293282,-45.3194640367462,65.));
#3092=CARTESIAN_POINT('',(55.3892099293282,-45.3194640367462,65.));
#3093=CARTESIAN_POINT('',(55.3892099293282,-54.2059537634459,65.));
#3094=CARTESIAN_POINT('',(55.3892099293281,-8.50000000000219,65.));
#3095=CARTESIAN_POINT('',(55.3892099293281,-8.5000000000022,60.));
#3096=CARTESIAN_POINT('',(55.3892099293281,-13.5000000000022,60.));
#3097=CARTESIAN_POINT('',(55.3892099293281,-13.5000000000022,65.));
#3098=CARTESIAN_POINT('',(55.3892099293281,-13.5000000000022,55.));
#3099=CARTESIAN_POINT('',(55.3892099293281,-8.50000000000219,55.));
#3100=CARTESIAN_POINT('',(55.3892099293282,-54.2059537634459,65.));
#3101=CARTESIAN_POINT('',(55.3892099293282,-54.2059537634459,65.));
#3102=CARTESIAN_POINT('',(55.389209929328,45.3194640367464,65.));
#3103=CARTESIAN_POINT('',(55.3892099293281,8.50000000000218,65.));
#3104=CARTESIAN_POINT('',(55.389209929328,45.3194640367464,50.));
#3105=CARTESIAN_POINT('',(55.389209929328,45.3194640367464,50.));
#3106=CARTESIAN_POINT('',(55.3892099293282,-54.2059537634459,50.));
#3107=CARTESIAN_POINT('',(55.3892099293281,8.50000000000219,50.));
#3108=CARTESIAN_POINT('',(55.3892099293281,8.50000000000218,55.));
#3109=CARTESIAN_POINT('',(55.3892099293281,13.5000000000022,55.));
#3110=CARTESIAN_POINT('',(55.3892099293281,13.5000000000022,65.));
#3111=CARTESIAN_POINT('',(55.3892099293281,13.5000000000022,60.));
#3112=CARTESIAN_POINT('',(55.3892099293281,8.50000000000218,60.));
#3113=CARTESIAN_POINT('',(55.3892099293282,-54.2059537634459,65.));
#3114=CARTESIAN_POINT('',(0.,0.,1.97307542355947));
#3115=CARTESIAN_POINT('',(24.7624183789979,107.176595560894,1.97307542355947));
#3116=CARTESIAN_POINT('',(-105.198863636364,32.1434144050966,1.97307542355947));
#3117=CARTESIAN_POINT('',(24.7624183789979,107.176595560894,1.97307542355947));
#3118=CARTESIAN_POINT('',(26.4689813928474,111.507903243163,1.99466269427654));
#3119=CARTESIAN_POINT('',(29.1301290633647,115.473528774264,2.02650649842308));
#3120=CARTESIAN_POINT('',(35.809707313153,121.898422288745,2.11031694753673));
#3121=CARTESIAN_POINT('',(39.8775528908521,124.403893695837,2.16321213110511));
#3122=CARTESIAN_POINT('',(46.4643291764012,126.708030017863,2.24534371278271));
#3123=CARTESIAN_POINT('',(48.7706159264854,127.24433494585,2.27337927619659));
#3124=CARTESIAN_POINT('',(53.3730723299817,127.804725319907,2.32539305679201));
#3125=CARTESIAN_POINT('',(55.7050879956342,127.839687513165,2.34980240859967));
#3126=CARTESIAN_POINT('',(60.3754084932046,127.400873021863,2.39158659069068));
#3127=CARTESIAN_POINT('',(62.6478361013185,126.935302291604,2.40835134986035));
#3128=CARTESIAN_POINT('',(67.0711195836816,125.527050959958,2.431393347208));
#3129=CARTESIAN_POINT('',(69.2402557930396,124.569032395822,2.43756273153428));
#3130=CARTESIAN_POINT('',(75.2721975615455,121.086231141145,2.43755739206043));
#3131=CARTESIAN_POINT('',(78.8081395747179,117.866207973843,2.4120941432361));
#3132=CARTESIAN_POINT('',(82.8358976595492,112.197544343668,2.35020156284989));
#3133=CARTESIAN_POINT('',(83.9922967421617,110.132624981787,2.32548851457667));
#3134=CARTESIAN_POINT('',(85.8150787199183,105.850336856224,2.27327653750475));
#3135=CARTESIAN_POINT('',(86.4900893441479,103.633692085818,2.24583576817118));
#3136=CARTESIAN_POINT('',(87.7995950955058,96.755168483154,2.1634143799024));
#3137=CARTESIAN_POINT('',(87.6713019428309,92.0009665777106,2.11069188806007));
#3138=CARTESIAN_POINT('',(85.9913978477668,85.2012770201156,2.04734260542719));
#3139=CARTESIAN_POINT('',(85.1973797583773,83.0242675017044,2.02897583852111));
#3140=CARTESIAN_POINT('',(83.1460782700592,78.8475099738442,1.99719500205062));
#3141=CARTESIAN_POINT('',(81.8793895722468,76.8475200461294,1.98382491076228));
#3142=CARTESIAN_POINT('',(80.4364452573663,75.0331811557974,1.97307542355947));
#3143=CARTESIAN_POINT('',(80.4364452573663,75.0331811557974,1.97307542355947));
#3144=CARTESIAN_POINT('',(0.,0.,1.97307542355947));
#3145=CARTESIAN_POINT('',(80.436445257366,-75.0331811557978,1.97307542355947));
#3146=CARTESIAN_POINT('',(80.436445257366,-75.0331811557978,1.97307542355947));
#3147=CARTESIAN_POINT('',(83.3341862348929,-78.676761920085,1.99466269427654));
#3148=CARTESIAN_POINT('',(85.4379448514639,-82.9641961715252,2.02650649842308));
#3149=CARTESIAN_POINT('',(87.6622767267199,-91.9613273796482,2.11031694753672));
#3150=CARTESIAN_POINT('',(87.7981558248674,-96.7369206921537,2.16321213110511));
#3151=CARTESIAN_POINT('',(86.5002082707499,-103.593304445497,2.24534371278271));
#3152=CARTESIAN_POINT('',(85.8115185875192,-105.858759823475,2.27337927619658));
#3153=CARTESIAN_POINT('',(83.9956026857406,-110.124799175742,2.32539305679201));
#3154=CARTESIAN_POINT('',(82.8598730004485,-112.161865080849,2.34980240859967));
#3155=CARTESIAN_POINT('',(80.1446882546471,-115.987074029909,2.39158659069068));
#3156=CARTESIAN_POINT('',(78.6052783709275,-117.722268701668,2.40835134986035));
#3157=CARTESIAN_POINT('',(75.1740552016269,-120.848818899711,2.431393347208));
#3158=CARTESIAN_POINT('',(73.2598186831087,-122.248336679216,2.43756273153428));
#3159=CARTESIAN_POINT('',(67.2276534359731,-125.730750857552,2.43755739206043));
#3160=CARTESIAN_POINT('',(62.6710605657295,-127.182954883617,2.41209414323611));
#3161=CARTESIAN_POINT('',(55.7479748140732,-127.836763890291,2.35020156284989));
#3162=CARTESIAN_POINT('',(53.3815026486117,-127.805775191807,2.32548851457667));
#3163=CARTESIAN_POINT('',(48.7615413566713,-127.243206627323,2.27327653750475));
#3164=CARTESIAN_POINT('',(46.5043653622191,-126.719460590527,2.24583576817118));
#3165=CARTESIAN_POINT('',(39.8926363061021,-124.414264036273,2.1634143799024));
#3166=CARTESIAN_POINT('',(35.8395232576051,-121.926057954203,2.11069188806007));
#3167=CARTESIAN_POINT('',(30.7907714104122,-117.071373553158,2.04734260542719));
#3168=CARTESIAN_POINT('',(29.3024349078822,-115.295228957477,2.02897583852111));
#3169=CARTESIAN_POINT('',(26.7109075274664,-111.430370993843,1.99719500205062));
#3170=CARTESIAN_POINT('',(25.6122097916587,-109.333391438993,1.98382491076228));
#3171=CARTESIAN_POINT('',(24.7624183789974,-107.176595560894,1.97307542355947));
#3172=CARTESIAN_POINT('',(24.7624183789974,-107.176595560894,1.97307542355958));
#3173=CARTESIAN_POINT('',(0.,0.,1.97307542355947));
#3174=CARTESIAN_POINT('',(-105.198863636364,-32.1434144050966,1.97307542355947));
#3175=CARTESIAN_POINT('',(-105.198863636364,32.1434144050965,1.97307542355947));
#3176=CARTESIAN_POINT('',(-107.491599363905,32.4858713928633,1.98382491076228));
#3177=CARTESIAN_POINT('',(-109.856985797526,32.5828610199982,1.99719500205062));
#3178=CARTESIAN_POINT('',(-114.499814666259,32.2709614557724,2.02897583852111));
#3179=CARTESIAN_POINT('',(-116.782169258179,31.8700965330425,2.04734260542719));
#3180=CARTESIAN_POINT('',(-123.510825200436,29.9250913764919,2.11069188806007));
#3181=CARTESIAN_POINT('',(-127.692231401608,27.6590955531181,2.1634143799024));
#3182=CARTESIAN_POINT('',(-132.994454706367,23.0857685047083,2.24583576817118));
#3183=CARTESIAN_POINT('',(-134.57662007659,21.3928697710983,2.27327653750475));
#3184=CARTESIAN_POINT('',(-137.373799390773,17.673150210019,2.32548851457667));
#3185=CARTESIAN_POINT('',(-138.583872473622,15.6392195466231,2.35020156284989));
#3186=CARTESIAN_POINT('',(-141.479200140447,9.31674690977348,2.41209414323611));
#3187=CARTESIAN_POINT('',(-142.499850997518,4.64451971640676,2.43755739206043));
#3188=CARTESIAN_POINT('',(-142.500074476148,-2.3206957166063,2.43756273153428));
#3189=CARTESIAN_POINT('',(-142.245174785308,-4.67823206024733,2.431393347208));
#3190=CARTESIAN_POINT('',(-141.253114472246,-9.213033589937,2.40835134986035));
#3191=CARTESIAN_POINT('',(-140.520096747851,-11.4137989919542,2.39158659069068));
#3192=CARTESIAN_POINT('',(-138.564960996082,-15.6778224323163,2.34980240859967));
#3193=CARTESIAN_POINT('',(-137.368675015722,-17.6799261441652,2.32539305679202));
#3194=CARTESIAN_POINT('',(-134.582134514005,-21.385575122375,2.27337927619659));
#3195=CARTESIAN_POINT('',(-132.964537447151,-23.1147255723658,2.24534371278271));
#3196=CARTESIAN_POINT('',(-127.675708715719,-27.6669730036832,2.16321213110511));
#3197=CARTESIAN_POINT('',(-123.471984039873,-29.937094909097,2.11031694753673));
#3198=CARTESIAN_POINT('',(-114.568073914828,-32.5093326027393,2.02650649842308));
#3199=CARTESIAN_POINT('',(-109.80316762774,-32.8311413230785,1.99466269427654));
#3200=CARTESIAN_POINT('',(-105.198863636364,-32.1434144050965,1.97307542355947));
#3201=CARTESIAN_POINT('',(49.1541757475407,-79.1332949784036,77.6342516495956));
#3202=CARTESIAN_POINT('',(35.130445507391,-87.8442288647162,77.6342516497066));
#3203=CARTESIAN_POINT('',(18.7554473087258,-92.730644392642,77.6342516536068));
#3204=CARTESIAN_POINT('',(-14.2519304605151,-93.5287548500131,77.6342516455844));
#3205=CARTESIAN_POINT('',(-30.8443544105646,-89.4391797576854,77.6342516500927));
#3206=CARTESIAN_POINT('',(-59.7002186269516,-73.3936356195913,77.6342516490986));
#3207=CARTESIAN_POINT('',(-71.9291360629024,-61.456820458064,77.6342516496365));
#3208=CARTESIAN_POINT('',(-88.667489354633,-32.9972391409609,77.6342516495549));
#3209=CARTESIAN_POINT('',(-93.156917980143,-16.5084844790756,77.6342516495956));
#3210=CARTESIAN_POINT('',(-93.156917980143,16.5084844790757,77.6342516495956));
#3211=CARTESIAN_POINT('',(-88.6674893546328,32.9972391409611,77.6342516495549));
#3212=CARTESIAN_POINT('',(-71.9291360629025,61.4568204580645,77.6342516496364));
#3213=CARTESIAN_POINT('',(-59.7002186269469,73.3936356195842,77.6342516490995));
#3214=CARTESIAN_POINT('',(-30.8443544105695,89.439179757694,77.6342516500916));
#3215=CARTESIAN_POINT('',(-14.251930460516,93.5287548498091,77.6342516456059));
#3216=CARTESIAN_POINT('',(18.7554473087264,92.7306443928445,77.6342516535855));
#3217=CARTESIAN_POINT('',(35.1304455057439,87.8442288621277,77.6342516500321));
#3218=CARTESIAN_POINT('',(49.1541757475409,79.1332949784035,77.6342516495956));
#3219=CARTESIAN_POINT('',(49.1541757475407,-79.1332949784036,77.6342516495956));
#3220=CARTESIAN_POINT('',(49.1541757475408,79.1332949784035,77.6342516495956));
#3221=CARTESIAN_POINT('',(53.9111143358316,-85.9697867014558,76.6658498014476));
#3222=CARTESIAN_POINT('',(53.4665171470567,-84.5084550741714,76.853349638237));
#3223=CARTESIAN_POINT('',(52.9846853382745,-83.0620604586931,77.0327191963594));
#3224=CARTESIAN_POINT('',(52.0191905775448,-80.986285011023,77.2948305058472));
#3225=CARTESIAN_POINT('',(51.6611834877617,-80.2967097755616,77.3819949178482));
#3226=CARTESIAN_POINT('',(50.9169011597459,-79.4187780588694,77.5073260485006));
#3227=CARTESIAN_POINT('',(50.6246655723974,-79.1390590807109,77.5499376429007));
#3228=CARTESIAN_POINT('',(49.9011572786078,-78.867011728589,77.6162015336336));
#3229=CARTESIAN_POINT('',(49.4850830346032,-78.9277496312561,77.6342516560222));
#3230=CARTESIAN_POINT('',(49.1541757475409,-79.1332949784036,77.6342516495956));
#3231=CARTESIAN_POINT('',(53.9111143358316,-85.9697867014558,76.6658498014476));
#3232=CARTESIAN_POINT('',(53.9111143358317,85.9697867014558,76.6658498014476));
#3233=CARTESIAN_POINT('',(55.4686950599986,91.0893469250456,76.0089717314219));
#3234=CARTESIAN_POINT('',(57.2932605781354,96.0758977033909,75.2382520313885));
#3235=CARTESIAN_POINT('',(61.6509239377391,105.708478245809,73.3933986418731));
#3236=CARTESIAN_POINT('',(64.1919896447402,110.374789586549,72.3160089121363));
#3237=CARTESIAN_POINT('',(70.2295497286375,119.131031670019,69.748228127161));
#3238=CARTESIAN_POINT('',(73.6548824984785,123.124180183851,68.2883987583815));
#3239=CARTESIAN_POINT('',(81.5937464213419,130.046639020586,64.8868402236362));
#3240=CARTESIAN_POINT('',(85.9745848624668,132.847867369295,63.0022878201077));
#3241=CARTESIAN_POINT('',(93.1392637439274,135.789672975072,59.8886044489556));
#3242=CARTESIAN_POINT('',(95.641417801714,136.560863140994,58.7960259653567));
#3243=CARTESIAN_POINT('',(100.686440457253,137.616072593452,56.5774447584681));
#3244=CARTESIAN_POINT('',(103.217317024346,137.90537303483,55.4569118471898));
#3245=CARTESIAN_POINT('',(108.34813075058,138.019705286738,53.1630528207729));
#3246=CARTESIAN_POINT('',(110.952768241009,137.844966497761,51.9875355258767));
#3247=CARTESIAN_POINT('',(116.043791699887,137.072921729561,49.660989289316));
#3248=CARTESIAN_POINT('',(118.534880683117,136.474779415233,48.5078966847245));
#3249=CARTESIAN_POINT('',(125.929417410868,134.09264688101,45.0352263107907));
#3250=CARTESIAN_POINT('',(130.600028744421,131.757233049596,42.7683509262569));
#3251=CARTESIAN_POINT('',(139.221964480626,126.076602441362,38.5043705823139));
#3252=CARTESIAN_POINT('',(143.263102905025,122.671738047348,36.4709967752439));
#3253=CARTESIAN_POINT('',(154.354920691749,111.526313206047,30.891137023394));
#3254=CARTESIAN_POINT('',(160.490095717804,102.910976504669,27.8112224294521));
#3255=CARTESIAN_POINT('',(170.859446184446,84.1684890994641,22.4147966552032));
#3256=CARTESIAN_POINT('',(174.91456294356,74.244659409456,20.1643232773004));
#3257=CARTESIAN_POINT('',(181.014100246397,53.6890744267385,16.4410887242952));
#3258=CARTESIAN_POINT('',(183.056074743502,42.9219574876253,14.98214330769));
#3259=CARTESIAN_POINT('',(185.570994840939,21.5192491945008,13.11126347375));
#3260=CARTESIAN_POINT('',(186.111748252378,10.8264029882026,12.6687012161763));
#3261=CARTESIAN_POINT('',(186.118514843281,-10.6107800422398,12.6631927850033));
#3262=CARTESIAN_POINT('',(185.58014486872,-21.4288085089832,13.1046224576719));
#3263=CARTESIAN_POINT('',(183.055924097333,-42.9358110684082,14.9820950159124));
#3264=CARTESIAN_POINT('',(181.057042634353,-53.4940604549137,16.4124170193178));
#3265=CARTESIAN_POINT('',(174.985176834292,-74.0559753909074,20.1236063646628));
#3266=CARTESIAN_POINT('',(170.857131134038,-84.1591801944072,22.4152398574514));
#3267=CARTESIAN_POINT('',(163.154598720163,-98.1015557092673,26.4249503755844));
#3268=CARTESIAN_POINT('',(160.332914705476,-102.57302929765,27.8636640522382));
#3269=CARTESIAN_POINT('',(154.12187106812,-111.103845780081,31.0070661018464));
#3270=CARTESIAN_POINT('',(150.710641537777,-115.181271145557,32.7244005448921));
#3271=CARTESIAN_POINT('',(143.317386911927,-122.62404849151,36.4437058392439));
#3272=CARTESIAN_POINT('',(139.356845753534,-125.976719312526,38.4371005952243));
#3273=CARTESIAN_POINT('',(130.684985282743,-131.711900973403,42.7269220803127));
#3274=CARTESIAN_POINT('',(126.010790249482,-134.052593962294,44.9958498832077));
#3275=CARTESIAN_POINT('',(116.257853629857,-137.221832906288,49.578401697234));
#3276=CARTESIAN_POINT('',(111.073497546205,-138.063890002381,51.9438099682481));
#3277=CARTESIAN_POINT('',(100.849009556368,-137.868725470639,56.5165374389742));
#3278=CARTESIAN_POINT('',(95.6891216255227,-136.812806388416,58.7799767825853));
#3279=CARTESIAN_POINT('',(86.1531048372877,-132.944210896692,62.9251790788928));
#3280=CARTESIAN_POINT('',(81.6638664908951,-130.093858228724,64.8566792540596));
#3281=CARTESIAN_POINT('',(73.7554827448026,-123.225552429622,68.2454094376892));
#3282=CARTESIAN_POINT('',(70.2659714322017,-119.169594152944,69.7326897142076));
#3283=CARTESIAN_POINT('',(64.2783981393618,-110.514074220689,72.2793064406332));
#3284=CARTESIAN_POINT('',(61.7133926705873,-105.834495135445,73.3669314274819));
#3285=CARTESIAN_POINT('',(57.3033498788729,-96.1101091840075,75.2340009452162));
#3286=CARTESIAN_POINT('',(55.471209663704,-91.0976119982047,76.0079112584583));
#3287=CARTESIAN_POINT('',(53.9111143358316,-85.9697867014555,76.6658498014477));
#3288=CARTESIAN_POINT('',(53.9111143358316,85.9697867014556,76.6658498014477));
#3289=CARTESIAN_POINT('',(49.1541757475408,79.1332949784035,77.6342516495956));
#3290=CARTESIAN_POINT('',(49.4823202177353,78.9294657657,77.63425165672));
#3291=CARTESIAN_POINT('',(49.8957012444921,78.8674840115037,77.6164663257141));
#3292=CARTESIAN_POINT('',(50.614822041926,79.1327554492226,77.5510810863606));
#3293=CARTESIAN_POINT('',(50.9052768693094,79.4067860747597,77.5091080676685));
#3294=CARTESIAN_POINT('',(51.6519330667006,80.282488821513,77.3838905788986));
#3295=CARTESIAN_POINT('',(52.0088030677583,80.9661867320179,77.2973911595304));
#3296=CARTESIAN_POINT('',(52.9806480002904,83.0490094614827,77.0343228390604));
#3297=CARTESIAN_POINT('',(53.465497231206,84.5051026494266,76.8537797775382));
#3298=CARTESIAN_POINT('',(53.9111143358316,85.9697867014556,76.6658498014477));
#3299=CARTESIAN_POINT('',(110.,0.,1.97307542355947));
#3300=CARTESIAN_POINT('',(110.,220.,1.97307542355947));
#3301=CARTESIAN_POINT('',(-110.,220.,1.97307542355947));
#3302=CARTESIAN_POINT('',(-110.,0.,1.97307542355947));
#3303=CARTESIAN_POINT('',(-110.,-220.,1.97307542355947));
#3304=CARTESIAN_POINT('',(110.,-220.,1.97307542355947));
#3305=CARTESIAN_POINT('',(110.,0.,1.97307542355947));
#3306=CARTESIAN_POINT('',(119.075199671276,0.,2.01562448037288));
#3307=CARTESIAN_POINT('',(119.075199671276,238.150399342552,2.01562448037288));
#3308=CARTESIAN_POINT('',(-119.075199671276,238.150399342552,2.01562448037288));
#3309=CARTESIAN_POINT('',(-119.075199671276,0.,2.01562448037288));
#3310=CARTESIAN_POINT('',(-119.075199671276,-238.150399342552,2.01562448037288));
#3311=CARTESIAN_POINT('',(119.075199671276,-238.150399342552,2.01562448037288));
#3312=CARTESIAN_POINT('',(119.075199671276,0.,2.01562448037288));
#3313=CARTESIAN_POINT('',(126.670327462177,0.,2.09159157719089));
#3314=CARTESIAN_POINT('',(126.670327462177,253.340654924354,2.09159157719089));
#3315=CARTESIAN_POINT('',(-126.670327462177,253.340654924354,2.09159157719089));
#3316=CARTESIAN_POINT('',(-126.670327462177,0.,2.09159157719089));
#3317=CARTESIAN_POINT('',(-126.670327462177,-253.340654924354,2.09159157719089));
#3318=CARTESIAN_POINT('',(126.670327462177,-253.340654924354,2.09159157719089));
#3319=CARTESIAN_POINT('',(126.670327462177,0.,2.09159157719089));
#3320=CARTESIAN_POINT('',(139.66650469306,0.,2.33218501810518));
#3321=CARTESIAN_POINT('',(139.66650469306,279.333009386119,2.33218501810518));
#3322=CARTESIAN_POINT('',(-139.66650469306,279.333009386119,2.33218501810518));
#3323=CARTESIAN_POINT('',(-139.66650469306,0.,2.33218501810518));
#3324=CARTESIAN_POINT('',(-139.66650469306,-279.333009386119,2.33218501810518));
#3325=CARTESIAN_POINT('',(139.66650469306,-279.333009386119,2.33218501810518));
#3326=CARTESIAN_POINT('',(139.66650469306,0.,2.33218501810518));
#3327=CARTESIAN_POINT('',(145.066902587194,0.,2.49678802368633));
#3328=CARTESIAN_POINT('',(145.066902587194,290.133805174387,2.49678802368633));
#3329=CARTESIAN_POINT('',(-145.066902587194,290.133805174387,2.49678802368633));
#3330=CARTESIAN_POINT('',(-145.066902587194,0.,2.49678802368633));
#3331=CARTESIAN_POINT('',(-145.066902587194,-290.133805174387,2.49678802368633));
#3332=CARTESIAN_POINT('',(145.066902587194,-290.133805174387,2.49678802368633));
#3333=CARTESIAN_POINT('',(145.066902587194,0.,2.49678802368633));
#3334=CARTESIAN_POINT('',(154.276949678286,0.,2.9259477548828));
#3335=CARTESIAN_POINT('',(154.276949678286,308.553899356572,2.9259477548828));
#3336=CARTESIAN_POINT('',(-154.276949678286,308.553899356572,2.9259477548828));
#3337=CARTESIAN_POINT('',(-154.276949678286,0.,2.9259477548828));
#3338=CARTESIAN_POINT('',(-154.276949678286,-308.553899356572,2.9259477548828));
#3339=CARTESIAN_POINT('',(154.276949678286,-308.553899356572,2.9259477548828));
#3340=CARTESIAN_POINT('',(154.276949678286,0.,2.9259477548828));
#3341=CARTESIAN_POINT('',(158.085886681184,0.,3.19049997759243));
#3342=CARTESIAN_POINT('',(158.085886681184,316.171773362367,3.19049997759243));
#3343=CARTESIAN_POINT('',(-158.085886681184,316.171773362367,3.19049997759243));
#3344=CARTESIAN_POINT('',(-158.085886681184,0.,3.19049997759243));
#3345=CARTESIAN_POINT('',(-158.085886681184,-316.171773362367,3.19049997759243));
#3346=CARTESIAN_POINT('',(158.085886681184,-316.171773362367,3.19049997759243));
#3347=CARTESIAN_POINT('',(158.085886681184,0.,3.19049997759243));
#3348=CARTESIAN_POINT('',(164.575132056046,0.,3.82080564798154));
#3349=CARTESIAN_POINT('',(164.575132056046,329.150264112091,3.82080564798154));
#3350=CARTESIAN_POINT('',(-164.575132056046,329.150264112091,3.82080564798154));
#3351=CARTESIAN_POINT('',(-164.575132056046,0.,3.82080564798154));
#3352=CARTESIAN_POINT('',(-164.575132056046,-329.150264112091,3.82080564798154));
#3353=CARTESIAN_POINT('',(164.575132056046,-329.150264112091,3.82080564798154));
#3354=CARTESIAN_POINT('',(164.575132056046,0.,3.82080564798154));
#3355=CARTESIAN_POINT('',(167.254619264655,0.,4.18652397040945));
#3356=CARTESIAN_POINT('',(167.254619264655,334.509238529309,4.18652397040945));
#3357=CARTESIAN_POINT('',(-167.254619264655,334.509238529309,4.18652397040945));
#3358=CARTESIAN_POINT('',(-167.254619264655,0.,4.18652397040945));
#3359=CARTESIAN_POINT('',(-167.254619264655,-334.509238529309,4.18652397040945));
#3360=CARTESIAN_POINT('',(167.254619264655,-334.509238529309,4.18652397040945));
#3361=CARTESIAN_POINT('',(167.254619264655,0.,4.18652397040945));
#3362=CARTESIAN_POINT('',(174.115806055507,0.,5.42274203548611));
#3363=CARTESIAN_POINT('',(174.115806055507,348.231612111014,5.42274203548611));
#3364=CARTESIAN_POINT('',(-174.115806055507,348.231612111014,5.42274203548611));
#3365=CARTESIAN_POINT('',(-174.115806055507,0.,5.42274203548611));
#3366=CARTESIAN_POINT('',(-174.115806055507,-348.231612111014,5.42274203548611));
#3367=CARTESIAN_POINT('',(174.115806055507,-348.231612111014,5.42274203548611));
#3368=CARTESIAN_POINT('',(174.115806055507,0.,5.42274203548611));
#3369=CARTESIAN_POINT('',(177.153908428239,0.,6.43122943599262));
#3370=CARTESIAN_POINT('',(177.153908428239,354.307816856478,6.43122943599261));
#3371=CARTESIAN_POINT('',(-177.153908428239,354.307816856478,6.43122943599261));
#3372=CARTESIAN_POINT('',(-177.153908428239,0.,6.43122943599262));
#3373=CARTESIAN_POINT('',(-177.153908428239,-354.307816856478,6.43122943599261));
#3374=CARTESIAN_POINT('',(177.153908428239,-354.307816856478,6.43122943599261));
#3375=CARTESIAN_POINT('',(177.153908428239,0.,6.43122943599262));
#3376=CARTESIAN_POINT('',(181.880175869427,0.,8.69889523556318));
#3377=CARTESIAN_POINT('',(181.880175869427,363.760351738855,8.69889523556318));
#3378=CARTESIAN_POINT('',(-181.880175869427,363.760351738855,8.69889523556318));
#3379=CARTESIAN_POINT('',(-181.880175869427,0.,8.69889523556318));
#3380=CARTESIAN_POINT('',(-181.880175869427,-363.760351738855,8.69889523556318));
#3381=CARTESIAN_POINT('',(181.880175869427,-363.760351738855,8.69889523556318));
#3382=CARTESIAN_POINT('',(181.880175869427,0.,8.69889523556318));
#3383=CARTESIAN_POINT('',(183.55763837582,0.,9.95817194869302));
#3384=CARTESIAN_POINT('',(183.55763837582,367.11527675164,9.95817194869302));
#3385=CARTESIAN_POINT('',(-183.55763837582,367.11527675164,9.95817194869302));
#3386=CARTESIAN_POINT('',(-183.55763837582,0.,9.95817194869302));
#3387=CARTESIAN_POINT('',(-183.55763837582,-367.11527675164,9.95817194869302));
#3388=CARTESIAN_POINT('',(183.55763837582,-367.11527675164,9.95817194869302));
#3389=CARTESIAN_POINT('',(183.55763837582,0.,9.95817194869302));
#3390=CARTESIAN_POINT('',(186.255199019956,0.,12.6678569822515));
#3391=CARTESIAN_POINT('',(186.255199019956,372.510398039913,12.6678569822515));
#3392=CARTESIAN_POINT('',(-186.255199019956,372.510398039913,12.6678569822515));
#3393=CARTESIAN_POINT('',(-186.255199019956,0.,12.6678569822515));
#3394=CARTESIAN_POINT('',(-186.255199019956,-372.510398039913,12.6678569822515));
#3395=CARTESIAN_POINT('',(186.255199019956,-372.510398039913,12.6678569822515));
#3396=CARTESIAN_POINT('',(186.255199019956,0.,12.6678569822515));
#3397=CARTESIAN_POINT('',(187.252547579351,0.,14.1167466811282));
#3398=CARTESIAN_POINT('',(187.252547579351,374.505095158703,14.1167466811282));
#3399=CARTESIAN_POINT('',(-187.252547579351,374.505095158703,14.1167466811282));
#3400=CARTESIAN_POINT('',(-187.252547579351,0.,14.1167466811282));
#3401=CARTESIAN_POINT('',(-187.252547579351,-374.505095158703,14.1167466811282));
#3402=CARTESIAN_POINT('',(187.252547579351,-374.505095158703,14.1167466811282));
#3403=CARTESIAN_POINT('',(187.252547579351,0.,14.1167466811282));
#3404=CARTESIAN_POINT('',(188.79023366456,0.,17.1717322101207));
#3405=CARTESIAN_POINT('',(188.79023366456,377.58046732912,17.1717322101207));
#3406=CARTESIAN_POINT('',(-188.79023366456,377.58046732912,17.1717322101207));
#3407=CARTESIAN_POINT('',(-188.79023366456,0.,17.1717322101207));
#3408=CARTESIAN_POINT('',(-188.79023366456,-377.58046732912,17.1717322101207));
#3409=CARTESIAN_POINT('',(188.79023366456,-377.58046732912,17.1717322101207));
#3410=CARTESIAN_POINT('',(188.79023366456,0.,17.1717322101207));
#3411=CARTESIAN_POINT('',(189.327560695543,0.,18.7796778727913));
#3412=CARTESIAN_POINT('',(189.327560695543,378.655121391087,18.7796778727913));
#3413=CARTESIAN_POINT('',(-189.327560695543,378.655121391087,18.7796778727913));
#3414=CARTESIAN_POINT('',(-189.327560695543,0.,18.7796778727913));
#3415=CARTESIAN_POINT('',(-189.327560695543,-378.655121391087,18.7796778727913));
#3416=CARTESIAN_POINT('',(189.327560695543,-378.655121391087,18.7796778727913));
#3417=CARTESIAN_POINT('',(189.327560695543,0.,18.7796778727913));
#3418=CARTESIAN_POINT('',(190.414193484967,0.,23.7772130195375));
#3419=CARTESIAN_POINT('',(190.414193484967,380.828386969935,23.7772130195375));
#3420=CARTESIAN_POINT('',(-190.414193484967,380.828386969935,23.7772130195375));
#3421=CARTESIAN_POINT('',(-190.414193484967,0.,23.7772130195375));
#3422=CARTESIAN_POINT('',(-190.414193484967,-380.828386969935,23.7772130195375));
#3423=CARTESIAN_POINT('',(190.414193484967,-380.828386969935,23.7772130195375));
#3424=CARTESIAN_POINT('',(190.414193484967,0.,23.7772130195375));
#3425=CARTESIAN_POINT('',(190.465256751312,0.,27.3245777598938));
#3426=CARTESIAN_POINT('',(190.465256751312,380.930513502624,27.3245777598938));
#3427=CARTESIAN_POINT('',(-190.465256751312,380.930513502624,27.3245777598938));
#3428=CARTESIAN_POINT('',(-190.465256751312,0.,27.3245777598938));
#3429=CARTESIAN_POINT('',(-190.465256751312,-380.930513502624,27.3245777598938));
#3430=CARTESIAN_POINT('',(190.465256751312,-380.930513502624,27.3245777598938));
#3431=CARTESIAN_POINT('',(190.465256751312,0.,27.3245777598938));
#3432=CARTESIAN_POINT('',(189.316080434385,0.,34.5415375086381));
#3433=CARTESIAN_POINT('',(189.316080434385,378.63216086877,34.5415375086381));
#3434=CARTESIAN_POINT('',(-189.316080434385,378.63216086877,34.5415375086381));
#3435=CARTESIAN_POINT('',(-189.316080434385,0.,34.5415375086381));
#3436=CARTESIAN_POINT('',(-189.316080434385,-378.63216086877,34.5415375086381));
#3437=CARTESIAN_POINT('',(189.316080434385,-378.63216086877,34.5415375086381));
#3438=CARTESIAN_POINT('',(189.316080434385,0.,34.5415375086381));
#3439=CARTESIAN_POINT('',(188.125052542899,0.,38.209415896017));
#3440=CARTESIAN_POINT('',(188.125052542899,376.250105085797,38.209415896017));
#3441=CARTESIAN_POINT('',(-188.125052542899,376.250105085797,38.209415896017));
#3442=CARTESIAN_POINT('',(-188.125052542899,0.,38.209415896017));
#3443=CARTESIAN_POINT('',(-188.125052542899,-376.250105085797,38.209415896017));
#3444=CARTESIAN_POINT('',(188.125052542899,-376.250105085797,38.209415896017));
#3445=CARTESIAN_POINT('',(188.125052542899,0.,38.209415896017));
#3446=CARTESIAN_POINT('',(184.659649374364,0.,43.9070269891108));
#3447=CARTESIAN_POINT('',(184.659649374364,369.319298748727,43.9070269891108));
#3448=CARTESIAN_POINT('',(-184.659649374364,369.319298748727,43.9070269891108));
#3449=CARTESIAN_POINT('',(-184.659649374364,0.,43.9070269891108));
#3450=CARTESIAN_POINT('',(-184.659649374364,-369.319298748727,43.9070269891108));
#3451=CARTESIAN_POINT('',(184.659649374364,-369.319298748727,43.9070269891108));
#3452=CARTESIAN_POINT('',(184.659649374364,0.,43.9070269891108));
#3453=CARTESIAN_POINT('',(183.214510005516,0.,45.843270189241));
#3454=CARTESIAN_POINT('',(183.214510005516,366.429020011031,45.843270189241));
#3455=CARTESIAN_POINT('',(-183.214510005516,366.429020011031,45.843270189241));
#3456=CARTESIAN_POINT('',(-183.214510005516,0.,45.843270189241));
#3457=CARTESIAN_POINT('',(-183.214510005516,-366.429020011031,45.843270189241));
#3458=CARTESIAN_POINT('',(183.214510005516,-366.429020011031,45.843270189241));
#3459=CARTESIAN_POINT('',(183.214510005516,0.,45.843270189241));
#3460=CARTESIAN_POINT('',(179.49836687758,0.,49.8145752942025));
#3461=CARTESIAN_POINT('',(179.49836687758,358.996733755159,49.8145752942025));
#3462=CARTESIAN_POINT('',(-179.49836687758,358.996733755159,49.8145752942025));
#3463=CARTESIAN_POINT('',(-179.49836687758,0.,49.8145752942025));
#3464=CARTESIAN_POINT('',(-179.49836687758,-358.996733755159,49.8145752942025));
#3465=CARTESIAN_POINT('',(179.49836687758,-358.996733755159,49.8145752942025));
#3466=CARTESIAN_POINT('',(179.49836687758,0.,49.8145752942025));
#3467=CARTESIAN_POINT('',(177.228671840565,0.,51.8501584560433));
#3468=CARTESIAN_POINT('',(177.228671840565,354.457343681129,51.8501584560433));
#3469=CARTESIAN_POINT('',(-177.228671840565,354.457343681129,51.8501584560433));
#3470=CARTESIAN_POINT('',(-177.228671840565,0.,51.8501584560433));
#3471=CARTESIAN_POINT('',(-177.228671840565,-354.457343681129,51.8501584560433));
#3472=CARTESIAN_POINT('',(177.228671840565,-354.457343681129,51.8501584560433));
#3473=CARTESIAN_POINT('',(177.228671840565,0.,51.8501584560433));
#3474=CARTESIAN_POINT('',(171.524193992783,0.,56.0099455247421));
#3475=CARTESIAN_POINT('',(171.524193992783,343.048387985566,56.009945524742));
#3476=CARTESIAN_POINT('',(-171.524193992783,343.048387985566,56.009945524742));
#3477=CARTESIAN_POINT('',(-171.524193992783,0.,56.0099455247421));
#3478=CARTESIAN_POINT('',(-171.524193992783,-343.048387985566,56.009945524742));
#3479=CARTESIAN_POINT('',(171.524193992783,-343.048387985566,56.009945524742));
#3480=CARTESIAN_POINT('',(171.524193992783,0.,56.0099455247421));
#3481=CARTESIAN_POINT('',(168.091084435281,0.,58.1347430986717));
#3482=CARTESIAN_POINT('',(168.091084435281,336.182168870563,58.1347430986717));
#3483=CARTESIAN_POINT('',(-168.091084435281,336.182168870563,58.1347430986717));
#3484=CARTESIAN_POINT('',(-168.091084435281,0.,58.1347430986717));
#3485=CARTESIAN_POINT('',(-168.091084435281,-336.182168870563,58.1347430986717));
#3486=CARTESIAN_POINT('',(168.091084435281,-336.182168870563,58.1347430986717));
#3487=CARTESIAN_POINT('',(168.091084435281,0.,58.1347430986717));
#3488=CARTESIAN_POINT('',(159.579555928017,0.,62.4113118897066));
#3489=CARTESIAN_POINT('',(159.579555928017,319.159111856034,62.4113118897066));
#3490=CARTESIAN_POINT('',(-159.579555928017,319.159111856034,62.4113118897066));
#3491=CARTESIAN_POINT('',(-159.579555928017,0.,62.4113118897066));
#3492=CARTESIAN_POINT('',(-159.579555928017,-319.159111856034,62.4113118897066));
#3493=CARTESIAN_POINT('',(159.579555928017,-319.159111856034,62.4113118897066));
#3494=CARTESIAN_POINT('',(159.579555928017,0.,62.4113118897066));
#3495=CARTESIAN_POINT('',(154.502806929647,0.,64.5638776015112));
#3496=CARTESIAN_POINT('',(154.502806929647,309.005613859294,64.5638776015112));
#3497=CARTESIAN_POINT('',(-154.502806929647,309.005613859294,64.5638776015112));
#3498=CARTESIAN_POINT('',(-154.502806929647,0.,64.5638776015112));
#3499=CARTESIAN_POINT('',(-154.502806929647,-309.005613859294,64.5638776015112));
#3500=CARTESIAN_POINT('',(154.502806929647,-309.005613859294,64.5638776015112));
#3501=CARTESIAN_POINT('',(154.502806929647,0.,64.5638776015112));
#3502=CARTESIAN_POINT('',(142.031543189262,0.,68.7620368016436));
#3503=CARTESIAN_POINT('',(142.031543189262,284.063086378523,68.7620368016436));
#3504=CARTESIAN_POINT('',(-142.031543189262,284.063086378523,68.7620368016436));
#3505=CARTESIAN_POINT('',(-142.031543189262,0.,68.7620368016436));
#3506=CARTESIAN_POINT('',(-142.031543189262,-284.063086378523,68.7620368016436));
#3507=CARTESIAN_POINT('',(142.031543189262,-284.063086378523,68.7620368016436));
#3508=CARTESIAN_POINT('',(142.031543189262,0.,68.7620368016436));
#3509=CARTESIAN_POINT('',(134.638648894692,0.,70.8084820617733));
#3510=CARTESIAN_POINT('',(134.638648894692,269.277297789384,70.8084820617733));
#3511=CARTESIAN_POINT('',(-134.638648894692,269.277297789384,70.8084820617733));
#3512=CARTESIAN_POINT('',(-134.638648894692,0.,70.8084820617733));
#3513=CARTESIAN_POINT('',(-134.638648894692,-269.277297789384,70.8084820617733));
#3514=CARTESIAN_POINT('',(134.638648894692,-269.277297789384,70.8084820617733));
#3515=CARTESIAN_POINT('',(134.638648894692,0.,70.8084820617733));
#3516=CARTESIAN_POINT('',(116.621040373135,0.,74.5629750519408));
#3517=CARTESIAN_POINT('',(116.621040373135,233.242080746269,74.5629750519408));
#3518=CARTESIAN_POINT('',(-116.621040373135,233.242080746269,74.5629750519408));
#3519=CARTESIAN_POINT('',(-116.621040373135,0.,74.5629750519408));
#3520=CARTESIAN_POINT('',(-116.621040373135,-233.242080746269,74.5629750519408));
#3521=CARTESIAN_POINT('',(116.621040373135,-233.242080746269,74.5629750519408));
#3522=CARTESIAN_POINT('',(116.621040373135,0.,74.5629750519408));
#3523=CARTESIAN_POINT('',(105.997939742934,0.,76.2718804901778));
#3524=CARTESIAN_POINT('',(105.997939742934,211.995879485867,76.2718804901778));
#3525=CARTESIAN_POINT('',(-105.997939742934,211.995879485867,76.2718804901778));
#3526=CARTESIAN_POINT('',(-105.997939742934,0.,76.2718804901778));
#3527=CARTESIAN_POINT('',(-105.997939742934,-211.995879485867,76.2718804901778));
#3528=CARTESIAN_POINT('',(105.997939742934,-211.995879485867,76.2718804901778));
#3529=CARTESIAN_POINT('',(105.997939742934,0.,76.2718804901778));
#3530=CARTESIAN_POINT('',(93.1569178792821,0.,77.6342516602965));
#3531=CARTESIAN_POINT('',(93.1569178792821,186.313835758564,77.6342516602965));
#3532=CARTESIAN_POINT('',(-93.1569178792821,186.313835758564,77.6342516602965));
#3533=CARTESIAN_POINT('',(-93.1569178792821,0.,77.6342516602965));
#3534=CARTESIAN_POINT('',(-93.1569178792821,-186.313835758564,77.6342516602965));
#3535=CARTESIAN_POINT('',(93.1569178792821,-186.313835758564,77.6342516602965));
#3536=CARTESIAN_POINT('',(93.1569178792821,0.,77.6342516602965));
#3537=CARTESIAN_POINT('',(49.2655130164362,-79.3125368191548,79.6230895955025));
#3538=CARTESIAN_POINT('',(-21.0370392315133,-122.981437623038,79.6230895955025));
#3539=CARTESIAN_POINT('',(-93.3679242002436,-82.7612333764734,79.6230895955025));
#3540=CARTESIAN_POINT('',(-93.3679242002436,9.43616483183395E-14,79.6230895955025));
#3541=CARTESIAN_POINT('',(-93.3679242002435,82.7612333764736,79.6230895955025));
#3542=CARTESIAN_POINT('',(-21.037039231513,122.981437623039,79.6230895955025));
#3543=CARTESIAN_POINT('',(49.2655130164364,79.3125368191546,79.6230895955025));
#3544=CARTESIAN_POINT('',(49.2655130164362,-79.3125368191548,79.6230895955025));
#3545=CARTESIAN_POINT('',(49.2655130164364,79.3125368191547,79.6230895955025));
#3546=CARTESIAN_POINT('',(49.2655130164364,79.3125368191547,79.6230895955025));
#3547=CARTESIAN_POINT('',(49.5980829853923,79.105958677803,79.6230896026698));
#3548=CARTESIAN_POINT('',(49.9300577457173,79.0506847155822,79.6092970861527));
#3549=CARTESIAN_POINT('',(50.4315970385153,79.1937691471087,79.5675941193845));
#3550=CARTESIAN_POINT('',(50.5992859277297,79.2791102818473,79.5501839691606));
#3551=CARTESIAN_POINT('',(50.8513621974648,79.4633071212168,79.51870453529));
#3552=CARTESIAN_POINT('',(50.9354727215675,79.5340691782059,79.5073169484917));
#3553=CARTESIAN_POINT('',(51.1037629445818,79.6942593691158,79.4827313533677));
#3554=CARTESIAN_POINT('',(51.2243903633469,79.8264526799003,79.4634189645676));
#3555=CARTESIAN_POINT('',(51.4628645436665,80.1062613145487,79.4234131528698));
#3556=CARTESIAN_POINT('',(51.6578896428641,80.3829092834359,79.3859739231722));
#3557=CARTESIAN_POINT('',(51.9548201363145,80.8760862141653,79.3213581244022));
#3558=CARTESIAN_POINT('',(52.0545192291637,81.0535102621785,79.2984092135176));
#3559=CARTESIAN_POINT('',(52.2048169104718,81.3390472386784,79.2618251905885));
#3560=CARTESIAN_POINT('',(52.2550403795212,81.4374595595695,79.2492703595826));
#3561=CARTESIAN_POINT('',(52.3556729704522,81.6407245224643,79.2234323003413));
#3562=CARTESIAN_POINT('',(52.4275564263397,81.7915565203272,79.2043402643278));
#3563=CARTESIAN_POINT('',(52.9204520709359,82.8469104049936,79.0710120039873));
#3564=CARTESIAN_POINT('',(53.4709269629013,84.3008273709568,78.8915344059617));
#3565=CARTESIAN_POINT('',(54.045173286867,86.1835648725789,78.6498677174954));
#3566=CARTESIAN_POINT('',(54.0451732868671,86.1835648725792,78.6498677174954));
#3567=CARTESIAN_POINT('',(54.0451732868671,86.1835648725792,78.6498677174954));
#3568=CARTESIAN_POINT('',(54.8057553209088,88.6772270069935,78.3297832288332));
#3569=CARTESIAN_POINT('',(55.6493779711528,91.1969477859694,77.9748363520761));
#3570=CARTESIAN_POINT('',(57.04679402686,94.9656984875964,77.3852281414322));
#3571=CARTESIAN_POINT('',(57.5346503404404,96.2201041159386,77.1791717602946));
#3572=CARTESIAN_POINT('',(58.5562389183483,98.7165507056697,76.7473559463896));
#3573=CARTESIAN_POINT('',(59.1045948666243,99.9908737367837,76.5154120077004));
#3574=CARTESIAN_POINT('',(60.7337934319375,103.588373041024,75.8263167054829));
#3575=CARTESIAN_POINT('',(61.9252302774853,105.978837500614,75.3222694805885));
#3576=CARTESIAN_POINT('',(64.5235588924233,110.662406089793,74.2201457482107));
#3577=CARTESIAN_POINT('',(65.9541002319874,112.989599370094,73.6120284195196));
#3578=CARTESIAN_POINT('',(68.9430855264624,117.328331321162,72.3399121556016));
#3579=CARTESIAN_POINT('',(70.5683680406924,119.443931248063,71.6475782344257));
#3580=CARTESIAN_POINT('',(73.1978270747146,122.461565762344,70.5238612114723));
#3581=CARTESIAN_POINT('',(74.1062321337592,123.441509618104,70.1351177576998));
#3582=CARTESIAN_POINT('',(75.9859529643976,125.337514649415,69.3295399098187));
#3583=CARTESIAN_POINT('',(76.9962847284207,126.287764284801,68.8959425997851));
#3584=CARTESIAN_POINT('',(79.8858831389861,128.820254936403,67.6543535707951));
#3585=CARTESIAN_POINT('',(81.9643685128821,130.40251043059,66.7591275219528));
#3586=CARTESIAN_POINT('',(85.2908499678364,132.52973663009,65.3186056993425));
#3587=CARTESIAN_POINT('',(86.4344363648463,133.197867932573,64.8221919082504));
#3588=CARTESIAN_POINT('',(88.1991841881701,134.1286735604,64.0539959934598));
#3589=CARTESIAN_POINT('',(88.7956588039957,134.427050727687,63.7940036821306));
#3590=CARTESIAN_POINT('',(89.7023367776515,134.855600881013,63.3982410726771));
#3591=CARTESIAN_POINT('',(90.0065569252121,134.995282160571,63.2653579647032));
#3592=CARTESIAN_POINT('',(90.6189212633622,135.268116815453,62.9976880192736));
#3593=CARTESIAN_POINT('',(90.9592845544657,135.41475706486,62.848797966607));
#3594=CARTESIAN_POINT('',(95.6828059064042,137.392017496362,60.7811781636685));
#3595=CARTESIAN_POINT('',(100.785928528621,138.659493208315,58.5268241938176));
#3596=CARTESIAN_POINT('',(107.024217676379,138.904283108986,55.6962366841956));
#3597=CARTESIAN_POINT('',(107.724189684457,138.915282866594,55.3776626656836));
#3598=CARTESIAN_POINT('',(109.136813847691,138.903471681601,54.7325955974147));
#3599=CARTESIAN_POINT('',(109.746884510026,138.883738603622,54.4529651494816));
#3600=CARTESIAN_POINT('',(111.682260714479,138.784169993878,53.5626058108885));
#3601=CARTESIAN_POINT('',(112.973201226093,138.663207530321,52.9642250497044));
#3602=CARTESIAN_POINT('',(115.553819427853,138.312591409411,51.7585591939899));
#3603=CARTESIAN_POINT('',(116.843497158986,138.082938672174,51.1512742040992));
#3604=CARTESIAN_POINT('',(118.774979885863,137.657462954658,50.234066617634));
#3605=CARTESIAN_POINT('',(119.739961127856,137.424478364515,49.7738906587656));
#3606=CARTESIAN_POINT('',(120.703396202752,137.161242319498,49.311412078972));
#3607=CARTESIAN_POINT('',(121.34529656287,136.979043661029,49.0025862412504));
#3608=CARTESIAN_POINT('',(121.627397857366,136.896384125556,48.866601700386));
#3609=CARTESIAN_POINT('',(124.860121038617,135.910040466404,47.3042103327928));
#3610=CARTESIAN_POINT('',(127.450564680034,134.851546726422,46.022108465584));
#3611=CARTESIAN_POINT('',(130.979146451416,133.145782470136,44.248983871578));
#3612=CARTESIAN_POINT('',(132.095685369758,132.556828270009,43.6829622268338));
#3613=CARTESIAN_POINT('',(133.688276053686,131.656990772936,42.8704116423271));
#3614=CARTESIAN_POINT('',(134.205428894744,131.354280172104,42.605643444193));
#3615=CARTESIAN_POINT('',(134.961431452344,130.897584950923,42.2174978569896));
#3616=CARTESIAN_POINT('',(135.334500349571,130.66857759507,42.0256768903789));
#3617=CARTESIAN_POINT('',(135.700321759305,130.438844365554,41.8372131837813));
#3618=CARTESIAN_POINT('',(135.942608505051,130.285555515776,41.7123145839304));
#3619=CARTESIAN_POINT('',(136.037074724431,130.225461231322,41.6635945674696));
#3620=CARTESIAN_POINT('',(138.509510586975,128.637989979707,40.3875088143071));
#3621=CARTESIAN_POINT('',(140.681415878651,127.032195950248,39.2540833581723));
#3622=CARTESIAN_POINT('',(144.758785816247,123.685319708227,37.115111493074));
#3623=CARTESIAN_POINT('',(146.696827409523,121.911464949225,36.0923593837414));
#3624=CARTESIAN_POINT('',(151.968520231851,116.673820087453,33.3113489937004));
#3625=CARTESIAN_POINT('',(155.321797654454,112.758083880701,31.5435897642641));
#3626=CARTESIAN_POINT('',(160.078519405943,106.326641522019,29.0145072115784));
#3627=CARTESIAN_POINT('',(161.618140259815,104.089393126769,28.1919855140855));
#3628=CARTESIAN_POINT('',(163.851433592762,100.600255707674,26.9887341116154));
#3629=CARTESIAN_POINT('',(164.583155017506,99.4149858973092,26.5927426420398));
#3630=CARTESIAN_POINT('',(165.66060881149,97.6045198095109,26.0063959048426));
#3631=CARTESIAN_POINT('',(166.016404316728,96.9956037943848,25.8122205939334));
#3632=CARTESIAN_POINT('',(166.721094833851,95.7670423521777,25.4264196166719));
#3633=CARTESIAN_POINT('',(167.09487236266,95.102368820031,25.2210791415447));
#3634=CARTESIAN_POINT('',(169.979049978077,89.8830867577072,23.6313715209685));
#3635=CARTESIAN_POINT('',(172.325498802741,84.9884210316242,22.2972715684458));
#3636=CARTESIAN_POINT('',(175.458559383854,77.3618516991051,20.4274481501572));
#3637=CARTESIAN_POINT('',(176.422464010122,74.8118290635983,19.8354135925772));
#3638=CARTESIAN_POINT('',(177.75477925684,70.9851868316988,18.9935575804849));
#3639=CARTESIAN_POINT('',(178.179969039437,69.7093581024072,18.720636101933));
#3640=CARTESIAN_POINT('',(178.790350491646,67.7963441359007,18.3226958809276));
#3641=CARTESIAN_POINT('',(179.08869125309,66.8400182421724,18.1265860394143));
#3642=CARTESIAN_POINT('',(179.376946476515,65.8841690526567,17.9347450285185));
#3643=CARTESIAN_POINT('',(179.566896960481,65.2470642356013,17.8077971056512));
#3644=CARTESIAN_POINT('',(179.651528879184,64.9602690103814,17.7510200089386));
#3645=CARTESIAN_POINT('',(181.385526564489,59.0084563060837,16.5822194120702));
#3646=CARTESIAN_POINT('',(182.658525702893,53.5000146167427,15.6463178694359));
#3647=CARTESIAN_POINT('',(184.166200741957,45.4554732361324,14.4723479942573));
#3648=CARTESIAN_POINT('',(184.60192281754,42.8098912253884,14.1192847298645));
#3649=CARTESIAN_POINT('',(185.17261859045,38.9014881231683,13.6447867003817));
#3650=CARTESIAN_POINT('',(185.349032759559,37.608656850009,13.4958030646266));
#3651=CARTESIAN_POINT('',(185.595036795815,35.6849047807112,13.2858194047801));
#3652=CARTESIAN_POINT('',(185.673934667639,35.0462350901486,13.2180735655667));
#3653=CARTESIAN_POINT('',(185.825866442239,33.7741305254425,13.0870337065936));
#3654=CARTESIAN_POINT('',(185.894009863394,33.1845959056397,13.0279913229944));
#3655=CARTESIAN_POINT('',(187.171738078508,21.7149195447807,11.9171781880014));
#3656=CARTESIAN_POINT('',(187.673325246207,10.8699382876904,11.4199124526576));
#3657=CARTESIAN_POINT('',(187.6785083699,-5.27203093710561,11.4147135953192));
#3658=CARTESIAN_POINT('',(187.548679624528,-10.7476872521774,11.5393324048945));
#3659=CARTESIAN_POINT('',(186.998529618696,-21.607985745992,12.0488136984911));
#3660=CARTESIAN_POINT('',(186.577589845604,-27.0412770010868,12.4338353933702));
#3661=CARTESIAN_POINT('',(185.897956252734,-33.1500312504008,13.0245462334443));
#3662=CARTESIAN_POINT('',(185.830348114097,-33.7354244970209,13.0831024050777));
#3663=CARTESIAN_POINT('',(185.679507398672,-35.0002055187844,13.2131911167238));
#3664=CARTESIAN_POINT('',(185.601189670078,-35.6352191122676,13.2804429917549));
#3665=CARTESIAN_POINT('',(185.357034651529,-37.5480219693208,13.4888886575424));
#3666=CARTESIAN_POINT('',(185.18199794868,-38.8335791110978,13.6367721591687));
#3667=CARTESIAN_POINT('',(184.615907115049,-42.7202556832979,14.1077379402293));
#3668=CARTESIAN_POINT('',(184.18388562085,-45.3514796381141,14.4581370663563));
#3669=CARTESIAN_POINT('',(182.689499397187,-53.3535392587707,15.623130860343));
#3670=CARTESIAN_POINT('',(181.428296101443,-58.8344281620849,16.5517311791397));
#3671=CARTESIAN_POINT('',(179.609565139462,-65.1071669792092,17.7794774085457));
#3672=CARTESIAN_POINT('',(179.434057306306,-65.6973175212986,17.8968693235055));
#3673=CARTESIAN_POINT('',(179.044988470762,-66.9783471545372,18.1550840990779));
#3674=CARTESIAN_POINT('',(178.447817939127,-68.9006054635791,18.5481727434721));
#3675=CARTESIAN_POINT('',(177.809158936889,-70.8241845962218,18.9586519121382));
#3676=CARTESIAN_POINT('',(176.474528138655,-74.6707681863382,19.8030118222779));
#3677=CARTESIAN_POINT('',(175.508323051349,-77.2344455904821,20.3971292467611));
#3678=CARTESIAN_POINT('',(172.365684545111,-84.9027300557421,22.2744836410121));
#3679=CARTESIAN_POINT('',(170.020724374009,-89.7996413263979,23.6076606943983));
#3680=CARTESIAN_POINT('',(167.142837625223,-95.0164909953226,25.1947293755278));
#3681=CARTESIAN_POINT('',(166.771209131946,-95.6785157335417,25.398986978295));
#3682=CARTESIAN_POINT('',(166.066779068195,-96.9087891860877,25.7848217347312));
#3683=CARTESIAN_POINT('',(165.711105456194,-97.5185567060225,25.9790129482321));
#3684=CARTESIAN_POINT('',(164.633993833641,-99.3315638525501,26.5654042591684));
#3685=CARTESIAN_POINT('',(163.902469178911,-100.518509736674,26.9614212658009));
#3686=CARTESIAN_POINT('',(161.669684061519,-104.012622718736,28.1647353604285));
#3687=CARTESIAN_POINT('',(160.130292563982,-106.253117540126,28.9872802926502));
#3688=CARTESIAN_POINT('',(155.374025906329,-112.694111530533,31.5163658465638));
#3689=CARTESIAN_POINT('',(152.020741147438,-116.615958050064,33.2840380729806));
#3690=CARTESIAN_POINT('',(146.74895261536,-121.862601490619,36.0647410762727));
#3691=CARTESIAN_POINT('',(144.822657309283,-123.628685866465,37.0811574871986));
#3692=CARTESIAN_POINT('',(140.765106320198,-126.96797557005,39.2099146072952));
#3693=CARTESIAN_POINT('',(138.606212958046,-128.569109688194,40.3368507238471));
#3694=CARTESIAN_POINT('',(136.007325986096,-130.2452175262,41.6790347056135));
#3695=CARTESIAN_POINT('',(135.804757248473,-130.37350395135,41.7834960915308));
#3696=CARTESIAN_POINT('',(135.310982551467,-130.682501984022,42.0378420137919));
#3697=CARTESIAN_POINT('',(135.061006883844,-130.836577934277,42.1664328026742));
#3698=CARTESIAN_POINT('',(134.301623733692,-131.297198488581,42.5564849087024));
#3699=CARTESIAN_POINT('',(133.782761819734,-131.602141828599,42.8222255947161));
#3700=CARTESIAN_POINT('',(132.186766115168,-132.507648425136,43.6367886232791));
#3701=CARTESIAN_POINT('',(131.070250664674,-133.099001771771,44.2029457151063));
#3702=CARTESIAN_POINT('',(127.549423116326,-134.809068964962,45.9727653716175));
#3703=CARTESIAN_POINT('',(124.974343900053,-135.866369010856,47.2477222042756));
#3704=CARTESIAN_POINT('',(121.417762375874,-136.962306912192,48.9681810585323));
#3705=CARTESIAN_POINT('',(120.812858816386,-137.134320405492,49.2592194166126));
#3706=CARTESIAN_POINT('',(119.505319785046,-137.480620966031,49.8857098098646));
#3707=CARTESIAN_POINT('',(118.85346333729,-137.639213621204,50.1965922672338));
#3708=CARTESIAN_POINT('',(116.904655285264,-138.072029297379,51.122016152462));
#3709=CARTESIAN_POINT('',(115.614472493242,-138.303266793803,51.7293386393245));
#3710=CARTESIAN_POINT('',(113.057424732837,-138.655471166228,52.9238905449055));
#3711=CARTESIAN_POINT('',(111.790559729466,-138.776437446716,53.5111186535633));
#3712=CARTESIAN_POINT('',(109.285180493797,-138.913191206928,54.66451082423));
#3713=CARTESIAN_POINT('',(107.797882533461,-138.93285845562,55.3445667441976));
#3714=CARTESIAN_POINT('',(100.864522640717,-138.670171698918,58.4931691884056));
#3715=CARTESIAN_POINT('',(95.7871147867773,-137.414173616769,60.7348604411552));
#3716=CARTESIAN_POINT('',(91.1333619849221,-135.488556846655,62.7726182698747));
#3717=CARTESIAN_POINT('',(90.7872102972053,-135.341170009576,62.9240911287382));
#3718=CARTESIAN_POINT('',(90.1701349787113,-135.069209965882,63.1939022068861));
#3719=CARTESIAN_POINT('',(89.2505052358182,-134.651356996314,63.5957106672458));
#3720=CARTESIAN_POINT('',(88.3491278654,-134.204637823852,63.9886974981064));
#3721=CARTESIAN_POINT('',(86.5714818024425,-133.275131357737,64.7626710628208));
#3722=CARTESIAN_POINT('',(85.4198737618226,-132.607340008295,65.2626442264473));
#3723=CARTESIAN_POINT('',(82.071271291291,-130.480098666192,66.7129363480107));
#3724=CARTESIAN_POINT('',(79.9806345148073,-128.896447435392,67.613460356238));
#3725=CARTESIAN_POINT('',(77.0774699529298,-126.362137605647,68.8611382884381));
#3726=CARTESIAN_POINT('',(76.067977951108,-125.416142434422,69.2944490295815));
#3727=CARTESIAN_POINT('',(74.1840699028692,-123.52293391036,70.1019316791725));
#3728=CARTESIAN_POINT('',(73.2735912767437,-122.544268807076,70.4916010860075));
#3729=CARTESIAN_POINT('',(70.6380039213972,-119.530147977882,71.6180085359941));
#3730=CARTESIAN_POINT('',(69.0087597676287,-117.416458661995,72.3120189429099));
#3731=CARTESIAN_POINT('',(66.0122546632037,-113.080923840699,73.5872228973233));
#3732=CARTESIAN_POINT('',(64.5778255000828,-110.754043886553,74.1970622722698));
#3733=CARTESIAN_POINT('',(61.9711371344349,-106.067480585708,75.3028694844351));
#3734=CARTESIAN_POINT('',(60.7752594550228,-103.673876293437,75.8088632824168));
#3735=CARTESIAN_POINT('',(59.1386603007638,-100.069002377843,76.5009588158852));
#3736=CARTESIAN_POINT('',(58.5851055143658,-98.7854384273883,76.7350814270961));
#3737=CARTESIAN_POINT('',(57.5565529949643,-96.2762777928741,77.1698332308018));
#3738=CARTESIAN_POINT('',(57.065465178217,-95.0152571187439,77.3772656252561));
#3739=CARTESIAN_POINT('',(55.6590139517999,-91.2260711501934,77.97073344228));
#3740=CARTESIAN_POINT('',(54.8102433675314,-88.6919416222672,78.3278944725199));
#3741=CARTESIAN_POINT('',(54.045173286867,-86.1835648725789,78.6498677174954));
#3742=CARTESIAN_POINT('',(54.0451732868671,-86.1835648725792,78.6498677174954));
#3743=CARTESIAN_POINT('',(54.0451732868671,-86.1835648725792,78.6498677174954));
#3744=CARTESIAN_POINT('',(53.7597193296592,-85.2476688161674,78.7699985910353));
#3745=CARTESIAN_POINT('',(53.4795547400367,-84.4175059212234,78.8747004492883));
#3746=CARTESIAN_POINT('',(53.0806081286204,-83.3375270413882,79.0102887488105));
#3747=CARTESIAN_POINT('',(52.9511411088077,-83.0050615716891,79.0519044148872));
#3748=CARTESIAN_POINT('',(52.7635536113958,-82.5483392693604,79.1091363338328));
#3749=CARTESIAN_POINT('',(52.6714095433653,-82.3304705641641,79.1364540481088));
#3750=CARTESIAN_POINT('',(52.5819582806018,-82.1284551434206,79.1618546556026));
#3751=CARTESIAN_POINT('',(52.522944426334,-81.9973129373763,79.1783654917716));
#3752=CARTESIAN_POINT('',(52.5153088052788,-81.9798262876951,79.1805599261681));
#3753=CARTESIAN_POINT('',(52.2631244412707,-81.4380884013565,79.2489779238913));
#3754=CARTESIAN_POINT('',(52.0625138618976,-81.0561638227927,79.2977917137423));
#3755=CARTESIAN_POINT('',(51.766219426206,-80.5617227397135,79.3625130499182));
#3756=CARTESIAN_POINT('',(51.668215415964,-80.4099807802129,79.382669541849));
#3757=CARTESIAN_POINT('',(51.5226284784186,-80.2021087019721,79.4108191426415));
#3758=CARTESIAN_POINT('',(51.4501888630668,-80.1031076455815,79.4243725840968));
#3759=CARTESIAN_POINT('',(51.3783237792384,-80.0115319563411,79.4371509465315));
#3760=CARTESIAN_POINT('',(51.3305456758037,-79.9521339780283,79.4454983395396));
#3761=CARTESIAN_POINT('',(51.3253167859843,-79.945213626867,79.4464533044244));
#3762=CARTESIAN_POINT('',(50.605380998041,-79.095252560476,79.5677570721881));
#3763=CARTESIAN_POINT('',(49.9333970070865,-78.8976760664604,79.6230896083292));
#3764=CARTESIAN_POINT('',(49.2655130164364,-79.3125368191547,79.6230895955025));
#3765=CARTESIAN_POINT('',(24.7624183789979,107.176595560894,-0.0269465441348895));
#3766=CARTESIAN_POINT('',(26.4689811487624,111.507902623668,-0.00537322032894268));
#3767=CARTESIAN_POINT('',(29.1301283039253,115.473527738042,0.0264462531659252));
#3768=CARTESIAN_POINT('',(35.8097058450109,121.898421182321,0.110155708387328));
#3769=CARTESIAN_POINT('',(39.8775513903971,124.403892994662,0.162970511340964));
#3770=CARTESIAN_POINT('',(46.4643282806147,126.708029792654,0.244932889738963));
#3771=CARTESIAN_POINT('',(48.7706154796922,127.244334886808,0.272903648555913));
#3772=CARTESIAN_POINT('',(53.3730726485612,127.804725363337,0.324784821140989));
#3773=CARTESIAN_POINT('',(55.70508853749,127.839687519486,0.349125445528354));
#3774=CARTESIAN_POINT('',(60.3754095235679,127.40087286782,0.390784403094651));
#3775=CARTESIAN_POINT('',(62.6478372097107,126.935302015896,0.407494778931753));
#3776=CARTESIAN_POINT('',(67.0711204375951,125.527050610923,0.430460351611517));
#3777=CARTESIAN_POINT('',(69.240256231349,124.569032156333,0.436608236777298));
#3778=CARTESIAN_POINT('',(75.2721971128937,121.086231373016,0.436602914798333));
#3779=CARTESIAN_POINT('',(78.8081389574742,117.866208633671,0.411230455704432));
#3780=CARTESIAN_POINT('',(82.835897231274,112.197545050862,0.349523424260555));
#3781=CARTESIAN_POINT('',(83.9922964533686,110.132625633803,0.3248800404092));
#3782=CARTESIAN_POINT('',(85.8150788953832,105.850336470452,0.27280117162737));
#3783=CARTESIAN_POINT('',(86.490089530714,103.633691378499,0.245423869257565));
#3784=CARTESIAN_POINT('',(87.7995951207545,96.7551678051896,0.163172482242784));
#3785=CARTESIAN_POINT('',(87.6713018755226,92.0009655274952,0.110530193319616));
#3786=CARTESIAN_POINT('',(85.9913974143044,85.2012756544914,0.0472572573197255));
#3787=CARTESIAN_POINT('',(85.1973792543017,83.0242663434651,0.0289089471844662));
#3788=CARTESIAN_POINT('',(83.1460780582347,78.8475096744031,-0.00284362653806727));
#3789=CARTESIAN_POINT('',(81.8793894041556,76.8475198347739,-0.0162040015797377));
#3790=CARTESIAN_POINT('',(80.4364452573663,75.0331811557974,-0.0269465441348896));
#3791=CARTESIAN_POINT('',(24.7624183789979,107.176595560894,-0.0269465441348895));
#3792=CARTESIAN_POINT('',(80.4364452573663,75.0331811557974,-0.0269465441348917));
#3793=CARTESIAN_POINT('',(0.,0.,-0.0269465441348894));
#3794=CARTESIAN_POINT('',(-105.198863636364,32.1434144050966,-0.0269465441348894));
#3795=CARTESIAN_POINT('',(-105.198863636364,-32.1434144050966,-0.0269465441348893));
#3796=CARTESIAN_POINT('',(-109.803166969199,-32.8311412247148,-0.00537322032894235));
#3797=CARTESIAN_POINT('',(-114.568072637714,-32.5093327423218,0.0264462531659252));
#3798=CARTESIAN_POINT('',(-123.47198234761,-29.9370956273334,0.110155708387328));
#3799=CARTESIAN_POINT('',(-127.675707358257,-27.6669739525281,0.162970511340963));
#3800=CARTESIAN_POINT('',(-132.964536804221,-23.1147262355352,0.244932889738963));
#3801=CARTESIAN_POINT('',(-134.582134239476,-21.3855754797884,0.27290364855591));
#3802=CARTESIAN_POINT('',(-137.368675212624,-17.6799258899826,0.324784821140987));
#3803=CARTESIAN_POINT('',(-138.564961272484,-15.6778219662158,0.349125445528355));
#3804=CARTESIAN_POINT('',(-140.520097129628,-11.4137980226117,0.390784403094651));
#3805=CARTESIAN_POINT('',(-141.253114787671,-9.21303249218667,0.407494778931753));
#3806=CARTESIAN_POINT('',(-142.245174909992,-4.678231146219,0.430460351611518));
#3807=CARTESIAN_POINT('',(-142.5000744879,-2.32069521727516,0.436608236777299));
#3808=CARTESIAN_POINT('',(-142.499850973999,4.64451921192714,0.436602914798333));
#3809=CARTESIAN_POINT('',(-141.479200403253,9.31674604531061,0.411230455704434));
#3810=CARTESIAN_POINT('',(-138.583872871933,15.6392188221286,0.349523424260557));
#3811=CARTESIAN_POINT('',(-137.373799811039,17.6731496339089,0.324880040409202));
#3812=CARTESIAN_POINT('',(-134.576619830234,21.3928701159412,0.272801171627372));
#3813=CARTESIAN_POINT('',(-132.994454187094,23.0857690199387,0.245423869257566));
#3814=CARTESIAN_POINT('',(-127.692230827098,27.6590959139664,0.163172482242785));
#3815=CARTESIAN_POINT('',(-123.510824257269,29.9250918433088,0.110530193319617));
#3816=CARTESIAN_POINT('',(-116.782167858783,31.870096840465,0.047257257319726));
#3817=CARTESIAN_POINT('',(-114.499813411157,32.2709615983496,0.0289089471844669));
#3818=CARTESIAN_POINT('',(-109.85698543229,32.5828609862732,-0.00284362653806671));
#3819=CARTESIAN_POINT('',(-107.491599096821,32.4858713529699,-0.0162040015797378));
#3820=CARTESIAN_POINT('',(-105.198863636364,32.1434144050966,-0.0269465441348897));
#3821=CARTESIAN_POINT('',(-105.198863636364,-32.1434144050966,-0.0269465441348894));
#3822=CARTESIAN_POINT('',(0.,0.,-0.0269465441348894));
#3823=CARTESIAN_POINT('',(24.7624183789974,-107.176595560894,-0.0269465441348912));
#3824=CARTESIAN_POINT('',(80.436445257366,-75.0331811557978,-0.0269465441348892));
#3825=CARTESIAN_POINT('',(83.3341858204371,-78.6767613989537,-0.00537322032894223));
#3826=CARTESIAN_POINT('',(85.4379443337887,-82.9641949957202,0.0264462531659254));
#3827=CARTESIAN_POINT('',(87.6622765025998,-91.9613255549878,0.110155708387329));
#3828=CARTESIAN_POINT('',(87.7981559678599,-96.7369190421343,0.162970511340963));
#3829=CARTESIAN_POINT('',(86.5002085236063,-103.593303557119,0.244932889738962));
#3830=CARTESIAN_POINT('',(85.8115187597844,-105.85875940702,0.272903648555911));
#3831=CARTESIAN_POINT('',(83.9956025640628,-110.124799473355,0.324784821140988));
#3832=CARTESIAN_POINT('',(82.8598727349945,-112.161865553271,0.349125445528356));
#3833=CARTESIAN_POINT('',(80.1446876060599,-115.987074845209,0.390784403094653));
#3834=CARTESIAN_POINT('',(78.6052775779603,-117.722269523709,0.407494778931752));
#3835=CARTESIAN_POINT('',(75.174054472397,-120.848819464704,0.430460351611517));
#3836=CARTESIAN_POINT('',(73.2598182565511,-122.248336939059,0.436608236777298));
#3837=CARTESIAN_POINT('',(67.2276538611056,-125.730750584943,0.436602914798333));
#3838=CARTESIAN_POINT('',(62.6710614457792,-127.182954678982,0.411230455704432));
#3839=CARTESIAN_POINT('',(55.7479756406591,-127.836763872991,0.349523424260555));
#3840=CARTESIAN_POINT('',(53.3815033576704,-127.805775267712,0.324880040409201));
#3841=CARTESIAN_POINT('',(48.7615409348506,-127.243206586394,0.272801171627372));
#3842=CARTESIAN_POINT('',(46.5043646563801,-126.719460398439,0.245423869257565));
#3843=CARTESIAN_POINT('',(39.8926357063433,-124.414263719156,0.163172482242784));
#3844=CARTESIAN_POINT('',(35.8395223817461,-121.926057370804,0.110530193319616));
#3845=CARTESIAN_POINT('',(30.7907704444782,-117.071372494957,0.0472572573197249));
#3846=CARTESIAN_POINT('',(29.3024341568555,-115.295227941815,0.0289089471844667));
#3847=CARTESIAN_POINT('',(26.7109073740552,-111.430370660677,-0.00284362653806695));
#3848=CARTESIAN_POINT('',(25.612209692665,-109.333391187744,-0.0162040015797382));
#3849=CARTESIAN_POINT('',(24.7624183789974,-107.176595560894,-0.0269465441348899));
#3850=CARTESIAN_POINT('',(80.436445257366,-75.0331811557978,-0.0269465441348894));
#3851=CARTESIAN_POINT('',(0.,0.,-0.0269465441348894));
#3852=CARTESIAN_POINT('',(110.,0.,-0.0269465441348898));
#3853=CARTESIAN_POINT('',(158.69390075699,0.,0.201207252969137));
#3854=CARTESIAN_POINT('',(188.782852012801,0.,2.53546967504534));
#3855=CARTESIAN_POINT('',(194.740897541654,0.,20.7311341775262));
#3856=CARTESIAN_POINT('',(194.77545232678,0.,38.1957151825132));
#3857=CARTESIAN_POINT('',(182.867041142195,0.,58.333216988412));
#3858=CARTESIAN_POINT('',(137.959480578364,0.,74.8921381583554));
#3859=CARTESIAN_POINT('',(93.3679240989103,0.,79.6230896062535));
#3860=CARTESIAN_POINT('',(0.,0.,0.));
#3861=CARTESIAN_POINT('',(54.8892099293279,-44.0828750222192,45.));
#3862=CARTESIAN_POINT('',(54.8892099293279,-44.0828750222192,67.));
#3863=CARTESIAN_POINT('',(54.8892099293279,-44.0828750222192,75.1352322310304));
#3864=CARTESIAN_POINT('',(32.8892099293279,-44.0828750222192,84.8981530038514));
#3865=CARTESIAN_POINT('',(54.481141681874,-48.3005145508408,75.3163203205666));
#3866=CARTESIAN_POINT('',(54.481141681874,-48.3005145508408,75.3163203205666));
#3867=CARTESIAN_POINT('',(53.6105605136858,-52.7573983222035,75.702657364718));
#3868=CARTESIAN_POINT('',(51.4207733318646,-56.7883285887912,76.6677378118752));
#3869=CARTESIAN_POINT('',(48.1275137664397,-59.9508962021856,76.6677378118752));
#3870=CARTESIAN_POINT('',(48.1275137664397,-59.9508962021856,76.6677378118752));
#3871=CARTESIAN_POINT('',(32.8892099293279,-44.0828750222192,76.6677378118752));
#3872=CARTESIAN_POINT('',(46.0448939010591,-61.7160250311069,76.6677378118752));
#3873=CARTESIAN_POINT('',(46.0448939010591,-61.7160250311069,45.));
#3874=CARTESIAN_POINT('',(46.0448939010591,-61.7160250311069,67.));
#3875=CARTESIAN_POINT('',(32.8892099293279,-44.0828750222192,67.));
#3876=CARTESIAN_POINT('',(32.8892099293279,-44.0828750222192,45.));
#3877=CARTESIAN_POINT('',(46.0448939010591,61.7160250311068,45.));
#3878=CARTESIAN_POINT('',(46.0448939010591,61.7160250311068,67.));
#3879=CARTESIAN_POINT('',(46.0448939010591,61.7160250311068,76.6677378118752));
#3880=CARTESIAN_POINT('',(32.8892099293279,44.0828750222191,76.6677378118752));
#3881=CARTESIAN_POINT('',(48.1275137664397,59.9508962021856,76.6677378118752));
#3882=CARTESIAN_POINT('',(48.1275137664397,59.9508962021856,76.6677378118752));
#3883=CARTESIAN_POINT('',(49.7740809671717,58.369672493923,76.6677378118752));
#3884=CARTESIAN_POINT('',(51.1535302318819,56.5495621753745,76.410563064786));
#3885=CARTESIAN_POINT('',(53.2889617956223,52.6183192685692,75.8298190578801));
#3886=CARTESIAN_POINT('',(54.0452818438545,50.5318706950369,75.5097414599594));
#3887=CARTESIAN_POINT('',(54.481141681874,48.3005145508408,75.3163203205667));
#3888=CARTESIAN_POINT('',(54.481141681874,48.3005145508408,75.3163203205666));
#3889=CARTESIAN_POINT('',(32.8892099293279,44.0828750222191,84.8981530038514));
#3890=CARTESIAN_POINT('',(54.889209929328,44.0828750222191,75.1352322310304));
#3891=CARTESIAN_POINT('',(54.889209929328,44.0828750222191,45.));
#3892=CARTESIAN_POINT('',(54.889209929328,44.0828750222191,67.));
#3893=CARTESIAN_POINT('',(32.8892099293279,44.0828750222191,67.));
#3894=CARTESIAN_POINT('',(32.8892099293279,44.0828750222191,45.));
#3895=CARTESIAN_POINT('',(48.8201639408539,0.,77.6677378118752));
#3896=CARTESIAN_POINT('',(48.8201639408539,60.6721698921841,77.6677378118752));
#3897=CARTESIAN_POINT('',(48.8201639408539,78.5955694561491,77.6677378118752));
#3898=CARTESIAN_POINT('',(32.8892099293279,44.0828750222191,77.6677378118752));
#3899=CARTESIAN_POINT('',(46.6428795361378,62.5175318496926,77.6677378118752));
#3900=CARTESIAN_POINT('',(0.,0.,77.6677378118752));
#3901=CARTESIAN_POINT('',(46.6428795361378,-62.5175318496926,77.6677378118752));
#3902=CARTESIAN_POINT('',(32.8892099293279,-44.0828750222192,77.6677378118752));
#3903=CARTESIAN_POINT('',(48.8201639408539,-60.6721698921841,77.6677378118752));
#3904=CARTESIAN_POINT('',(48.8201639408539,0.,77.6677378118752));
#3905=CARTESIAN_POINT('',(48.8201639408539,-78.5955694561493,77.6677378118752));
#3906=CARTESIAN_POINT('',(48.820163940854,78.5955694561491,77.6677378118751));
#3907=CARTESIAN_POINT('',(34.891541348778,87.2474265918167,77.6677378118752));
#3908=CARTESIAN_POINT('',(18.6282223580747,92.1005170150477,77.6677378118751));
#3909=CARTESIAN_POINT('',(-14.1553073214558,92.8932148043523,77.6677378118751));
#3910=CARTESIAN_POINT('',(-30.6345677773938,88.8315314162317,77.6677378118751));
#3911=CARTESIAN_POINT('',(-59.2947379255467,72.8948045874631,77.6677378118751));
#3912=CARTESIAN_POINT('',(-71.4402519501281,61.0394006459006,77.6677378118752));
#3913=CARTESIAN_POINT('',(-88.0650893944757,32.7728259769354,77.6677378118752));
#3914=CARTESIAN_POINT('',(-92.5238993198419,16.3965275479279,77.6677378118751));
#3915=CARTESIAN_POINT('',(-92.5238993198418,-16.3965275479278,77.6677378118752));
#3916=CARTESIAN_POINT('',(-88.0650893944759,-32.7728259769351,77.6677378118752));
#3917=CARTESIAN_POINT('',(-71.4402519501283,-61.0394006459004,77.6677378118751));
#3918=CARTESIAN_POINT('',(-59.2947379255459,-72.8948045874622,77.6677378118751));
#3919=CARTESIAN_POINT('',(-30.634567777395,-88.8315314162323,77.6677378118752));
#3920=CARTESIAN_POINT('',(-14.1553073214435,-92.8932148043406,77.6677378118752));
#3921=CARTESIAN_POINT('',(18.6282223580628,-92.1005170150594,77.6677378118752));
#3922=CARTESIAN_POINT('',(34.8915413489467,-87.2474265916533,77.6677378118752));
#3923=CARTESIAN_POINT('',(48.8201639408538,-78.5955694561493,77.6677378118751));
#3924=CARTESIAN_POINT('',(0.,0.,77.6677378118752));
#3925=CARTESIAN_POINT('',(79.654516383632,-89.5000000000001,52.0111336128112));
#3926=CARTESIAN_POINT('',(78.8730541266535,-89.5000000000001,50.1701239059063));
#3927=CARTESIAN_POINT('',(151.961139490777,-89.5000000000001,19.1460723038579));
#3928=CARTESIAN_POINT('',(155.274956963206,-89.5000000000001,17.7394402412966));
#3929=CARTESIAN_POINT('',(156.056419220185,-89.5000000000001,19.5804499482014));
#3930=CARTESIAN_POINT('',(152.742601747756,-89.5000000000001,20.9870820107628));
#3931=CARTESIAN_POINT('',(78.8730541266535,-83.9000000000001,50.1701239059063));
#3932=CARTESIAN_POINT('',(78.8730541266535,89.5000000000001,50.1701239059063));
#3933=CARTESIAN_POINT('',(79.654516383632,89.5000000000001,52.0111336128112));
#3934=CARTESIAN_POINT('',(79.654516383632,-83.9000000000001,52.0111336128112));
#3935=CARTESIAN_POINT('',(155.274956963206,-83.9000000000001,17.7394402412966));
#3936=CARTESIAN_POINT('',(155.274956963206,89.5000000000001,17.7394402412966));
#3937=CARTESIAN_POINT('',(156.056419220185,89.5000000000001,19.5804499482014));
#3938=CARTESIAN_POINT('',(156.056419220185,-83.9000000000001,19.5804499482014));
#3939=CARTESIAN_POINT('',(117.534257971656,0.,33.7594165093569));
#3940=CARTESIAN_POINT('',(131.341830773442,0.,27.8984495820178));
#3941=CARTESIAN_POINT('',(30.0862968936741,89.5000000000001,70.8788737158379));
#3942=CARTESIAN_POINT('',(30.0862968936741,0.,70.8788737158379));
#3943=CARTESIAN_POINT('',(154.21540951328,89.5000000000001,20.3619122051799));
#3944=CARTESIAN_POINT('',(0.,0.,76.6677378118752));
#3945=CARTESIAN_POINT('',(0.,0.,67.));
#3946=CARTESIAN_POINT('',(0.,0.,45.));
#3947=CARTESIAN_POINT('',(54.8892099293279,-53.1764183924743,75.1352322310304));
#3948=CARTESIAN_POINT('',(54.8892099293279,-53.1764183924743,67.));
#3949=CARTESIAN_POINT('',(54.8892099293279,-53.1764183924743,45.));
#3950=CARTESIAN_POINT('',(55.889209929328,44.0828750222191,75.1352322310304));
#3951=CARTESIAN_POINT('',(55.4625931251716,48.4922254385055,75.3163203205666));
#3952=CARTESIAN_POINT('',(55.8533242536609,48.4922254385055,76.2368251740191));
#3953=CARTESIAN_POINT('',(54.5044347638527,48.1812671298661,76.8093947922925));
#3954=CARTESIAN_POINT('',(54.481141681874,48.3005145508409,75.3163203205666));
#3955=CARTESIAN_POINT('',(56.1368665391389,47.0406491158787,76.1164686145031));
#3956=CARTESIAN_POINT('',(54.7614963389896,46.824343073792,76.7002786274564));
#3957=CARTESIAN_POINT('',(54.7523562343656,46.9120492569355,75.1959636756298));
#3958=CARTESIAN_POINT('',(56.2799410578092,45.5618818277724,76.0557370844863));
#3959=CARTESIAN_POINT('',(54.8892099293279,45.4563050166002,76.6460674246659));
#3960=CARTESIAN_POINT('',(54.8892099293279,45.497577924069,75.1352322310407));
#3961=CARTESIAN_POINT('',(56.2799410578172,44.0828750222191,76.0557370844829));
#3962=CARTESIAN_POINT('',(54.889209929328,44.0828750222191,76.6460674246453));
#3963=CARTESIAN_POINT('',(54.8892099293279,44.0828750222191,75.1352322310304));
#3964=CARTESIAN_POINT('',(55.8892099293279,-44.0828750222192,75.1352322310304));
#3965=CARTESIAN_POINT('',(55.889209929328,-7.94322920543724E-15,75.1352322310304));
#3966=CARTESIAN_POINT('',(46.6428795361378,62.5175318496926,76.6677378118752));
#3967=CARTESIAN_POINT('',(48.8201639408539,60.6721698921841,76.6677378118752));
#3968=CARTESIAN_POINT('',(32.8892099293279,44.0828750222191,76.6677378118752));
#3969=CARTESIAN_POINT('',(55.4625931251716,-48.4922254385055,75.3163203205666));
#3970=CARTESIAN_POINT('',(56.2799410578172,-44.0828750222192,76.0557370844829));
#3971=CARTESIAN_POINT('',(54.8892099293279,-44.0828750222192,76.6460674246453));
#3972=CARTESIAN_POINT('',(54.8892099293279,-44.0828750222192,75.1352322310304));
#3973=CARTESIAN_POINT('',(56.2799410578092,-45.561881827774,76.0557370844863));
#3974=CARTESIAN_POINT('',(54.8892099293279,-45.4563015247156,76.6460674246351));
#3975=CARTESIAN_POINT('',(54.8892099293279,-45.4975779240689,75.1352322310407));
#3976=CARTESIAN_POINT('',(56.1368665391349,-47.0406491158766,76.1164686145048));
#3977=CARTESIAN_POINT('',(54.7604915235188,-46.8296470881076,76.7007051462855));
#3978=CARTESIAN_POINT('',(54.7523562343656,-46.9120492569355,75.1959636756297));
#3979=CARTESIAN_POINT('',(55.8533242536608,-48.4922254385055,76.2368251740191));
#3980=CARTESIAN_POINT('',(54.5044347638527,-48.1812671298661,76.8093947922925));
#3981=CARTESIAN_POINT('',(54.481141681874,-48.3005145508409,75.3163203205666));
#3982=CARTESIAN_POINT('',(46.6428795361378,-62.5175318496926,76.6677378118752));
#3983=CARTESIAN_POINT('',(0.,0.,76.6677378118752));
#3984=CARTESIAN_POINT('',(48.8201639408539,-60.6721698921841,76.6677378118752));
#3985=CARTESIAN_POINT('',(32.8892099293279,-44.0828750222192,76.6677378118752));
#3986=CARTESIAN_POINT('',(55.8533242536609,48.4922254385055,76.2368251740191));
#3987=CARTESIAN_POINT('',(55.3643507396648,50.8564231453175,76.4443821165039));
#3988=CARTESIAN_POINT('',(54.5146241063813,53.0497170042375,76.7872665643956));
#3989=CARTESIAN_POINT('',(52.1390905668957,57.1590732831491,77.4015999782534));
#3990=CARTESIAN_POINT('',(50.614451488677,59.0448148393489,77.6677378118752));
#3991=CARTESIAN_POINT('',(48.8201639408539,60.6721698921841,77.6677378118752));
#3992=CARTESIAN_POINT('',(55.8533242536609,85.3284521880854,76.2368251740191));
#3993=CARTESIAN_POINT('',(55.1995589545804,83.8845969394705,76.5143320791905));
#3994=CARTESIAN_POINT('',(54.4880154069384,82.4511583535704,76.7807655324034));
#3995=CARTESIAN_POINT('',(53.0538689600876,80.3957382624714,77.1697848400606));
#3996=CARTESIAN_POINT('',(52.5267482761297,79.7221818763836,77.2976512719334));
#3997=CARTESIAN_POINT('',(51.4220606806085,78.8598043738323,77.4826758148544));
#3998=CARTESIAN_POINT('',(50.9907424667002,78.5898882722989,77.5448254932169));
#3999=CARTESIAN_POINT('',(49.9277263483249,78.331961580781,77.6410878933573));
#4000=CARTESIAN_POINT('',(49.3086096527123,78.3933786654246,77.6677378118751));
#4001=CARTESIAN_POINT('',(48.820163940854,78.5955694561492,77.6677378118751));
#4002=CARTESIAN_POINT('',(48.8201639408539,-3.60157493965246E-15,59.6677378118752));
#4003=CARTESIAN_POINT('',(48.8201639408539,60.6721698921841,77.6677378118752));
#4004=CARTESIAN_POINT('',(48.1275137664398,59.9508962021856,77.6677378118752));
#4005=CARTESIAN_POINT('',(48.1275137664398,59.9508962021856,76.6677378118752));
#4006=CARTESIAN_POINT('',(50.6013912713043,59.0566599918993,77.6677378118752));
#4007=CARTESIAN_POINT('',(49.846767991102,58.299870030373,77.7387010564862));
#4008=CARTESIAN_POINT('',(49.7364341943095,58.4058252666509,76.6677378085902));
#4009=CARTESIAN_POINT('',(52.153168505159,57.1406051995388,77.3989784623173));
#4010=CARTESIAN_POINT('',(51.2599468101467,56.3812257481966,77.5572338036849));
#4011=CARTESIAN_POINT('',(51.1384889041641,56.5728778006587,76.4139095360383));
#4012=CARTESIAN_POINT('',(54.5287353807083,53.0193513385554,76.7825859428301));
#4013=CARTESIAN_POINT('',(53.4071124396545,52.3712206170023,77.1540596576918));
#4014=CARTESIAN_POINT('',(53.2845324102507,52.6308088898852,75.8317610479204));
#4015=CARTESIAN_POINT('',(55.3696713505348,50.8306978668045,76.4421236511828));
#4016=CARTESIAN_POINT('',(54.1008808191313,50.3110631217588,76.9355180767973));
#4017=CARTESIAN_POINT('',(54.0442340383369,50.5372348673591,75.5102064455429));
#4018=CARTESIAN_POINT('',(55.8533242536609,48.4922254385055,76.2368251740191));
#4019=CARTESIAN_POINT('',(54.5044347638527,48.181267129866,76.8093947922925));
#4020=CARTESIAN_POINT('',(54.481141681874,48.3005145508408,75.3163203205666));
#4021=CARTESIAN_POINT('',(48.8201639408539,-60.6721698921841,77.6677378118752));
#4022=CARTESIAN_POINT('',(52.4079255309467,-57.4181976071458,77.6677378118752));
#4023=CARTESIAN_POINT('',(54.8769179802335,-53.2131712698835,76.6512850474781));
#4024=CARTESIAN_POINT('',(55.8533242536608,-48.4922254385055,76.2368251740191));
#4025=CARTESIAN_POINT('',(48.820163940854,-78.5955694561492,77.6677378118751));
#4026=CARTESIAN_POINT('',(49.3125632250593,-78.3917753274999,77.6677378118751));
#4027=CARTESIAN_POINT('',(49.935759078161,-78.3314575423212,77.6407011526589));
#4028=CARTESIAN_POINT('',(51.005336392785,-78.5960882932813,77.5431359867182));
#4029=CARTESIAN_POINT('',(51.4387774278415,-78.871218102838,77.4801214613238));
#4030=CARTESIAN_POINT('',(52.5421942195718,-79.7378789618308,77.2945593201304));
#4031=CARTESIAN_POINT('',(53.0691593233191,-80.4154259042601,77.1660133660147));
#4032=CARTESIAN_POINT('',(54.4939798919108,-82.4641628301179,76.7783828960667));
#4033=CARTESIAN_POINT('',(55.2010778276992,-83.8879824148378,76.5136873558025));
#4034=CARTESIAN_POINT('',(55.8533242536609,-85.3284521880855,76.236825174019));
#4035=CARTESIAN_POINT('',(48.8201639408539,-3.60157493965246E-15,59.6677378118752));
#4036=CARTESIAN_POINT('',(55.8533242536608,-48.4922254385055,76.2368251740191));
#4037=CARTESIAN_POINT('',(54.5044347638527,-48.1812671298661,76.8093947922925));
#4038=CARTESIAN_POINT('',(54.481141681874,-48.3005145508408,75.3163203205666));
#4039=CARTESIAN_POINT('',(55.3742468777764,-50.8085750930781,76.4401814550978));
#4040=CARTESIAN_POINT('',(54.1045859212204,-50.2915090789639,76.9343601158774));
#4041=CARTESIAN_POINT('',(54.0483588952145,-50.516117930365,75.5083759612375));
#4042=CARTESIAN_POINT('',(54.5316842938335,-53.0160856736938,76.782140554343));
#4043=CARTESIAN_POINT('',(53.4104374861711,-52.3669326658841,77.1536845086842));
#4044=CARTESIAN_POINT('',(53.2871964046746,-52.6276852107258,75.8313404030492));
#4045=CARTESIAN_POINT('',(52.1414671864699,-57.1590481913493,77.4016936797731));
#4046=CARTESIAN_POINT('',(51.2498650710873,-56.398292447963,77.5588984166649));
#4047=CARTESIAN_POINT('',(51.1279181472261,-56.5905189229867,76.4164739082688));
#4048=CARTESIAN_POINT('',(50.642365822717,-59.0194975287988,77.6677378118752));
#4049=CARTESIAN_POINT('',(49.8878676055212,-58.2604014401386,77.7403974672599));
#4050=CARTESIAN_POINT('',(49.7738063717823,-58.3699361920822,76.6677378081662));
#4051=CARTESIAN_POINT('',(48.8201639408538,-60.6721698921842,77.6677378118752));
#4052=CARTESIAN_POINT('',(48.1275137664397,-59.9508962021857,77.6677378118752));
#4053=CARTESIAN_POINT('',(48.1275137664397,-59.9508962021857,76.6677378118752));
#4054=CARTESIAN_POINT('',(55.8533242536609,-85.3284521880855,76.236825174019));
#4055=CARTESIAN_POINT('',(55.1153789497088,-85.6205942926793,76.5500643712868));
#4056=CARTESIAN_POINT('',(54.7232630690162,-85.7203831284855,76.637846643258));
#4057=CARTESIAN_POINT('',(53.9111143358316,-85.9697867014558,76.6658498014476));
#4058=CARTESIAN_POINT('',(49.1541757475409,-79.1332949784036,77.6342516495956));
#4059=CARTESIAN_POINT('',(49.0206395881085,-78.918315148419,77.6611019678182));
#4060=CARTESIAN_POINT('',(48.9456886382809,-78.820104977156,77.6677378118751));
#4061=CARTESIAN_POINT('',(48.820163940854,-78.5955694561492,77.6677378118751));
#4062=CARTESIAN_POINT('',(49.1541757475409,-79.1332949784036,77.6342516495956));
#4063=CARTESIAN_POINT('',(49.4850830346032,-78.9277496312561,77.6342516560222));
#4064=CARTESIAN_POINT('',(49.9011572786078,-78.867011728589,77.6162015336336));
#4065=CARTESIAN_POINT('',(50.2629114255026,-79.0030354046499,77.5830695882672));
#4066=CARTESIAN_POINT('',(50.6246655723974,-79.1390590807109,77.5499376429007));
#4067=CARTESIAN_POINT('',(50.916901159746,-79.4187780588694,77.5073260485006));
#4068=CARTESIAN_POINT('',(51.1649952690845,-79.7114219644335,77.4655490049498));
#4069=CARTESIAN_POINT('',(51.6611834877617,-80.2967097755616,77.3819949178482));
#4070=CARTESIAN_POINT('',(52.0191905775448,-80.986285011023,77.2948305058473));
#4071=CARTESIAN_POINT('',(52.3410221644547,-81.6782101602464,77.2074600693513));
#4072=CARTESIAN_POINT('',(52.9846853382745,-83.0620604586931,77.0327191963594));
#4073=CARTESIAN_POINT('',(53.4665171470567,-84.5084550741714,76.853349638237));
#4074=CARTESIAN_POINT('',(53.9111143358316,-85.9697867014558,76.6658498014476));
#4075=CARTESIAN_POINT('',(49.0206395881085,-78.918315148419,77.6611019678182));
#4076=CARTESIAN_POINT('',(49.4167225884163,-78.7130895931596,77.6574245474973));
#4077=CARTESIAN_POINT('',(49.9143223556784,-78.6522515872622,77.6348215941308));
#4078=CARTESIAN_POINT('',(50.346624017129,-78.7873842522985,77.5977631313897));
#4079=CARTESIAN_POINT('',(50.7789256785796,-78.9225169173348,77.5607046686485));
#4080=CARTESIAN_POINT('',(51.1280498340424,-79.2006927156095,77.5149367109974));
#4081=CARTESIAN_POINT('',(51.424680156781,-79.4917974453082,77.4704432838161));
#4082=CARTESIAN_POINT('',(52.0179408022582,-80.0740069047057,77.3814564294534));
#4083=CARTESIAN_POINT('',(52.4466862932235,-80.7601976180784,77.2902470447945));
#4084=CARTESIAN_POINT('',(52.8327004922978,-81.4488083101339,77.1991259533146));
#4085=CARTESIAN_POINT('',(53.6047288904465,-82.8260296942451,77.016883770355));
#4086=CARTESIAN_POINT('',(54.1853039167213,-84.2657309524434,76.831400624703));
#4087=CARTESIAN_POINT('',(54.7232630690162,-85.7203831284855,76.637846643258));
#4088=CARTESIAN_POINT('',(48.9456886382809,-78.820104977156,77.6677378118751));
#4089=CARTESIAN_POINT('',(49.374371348783,-78.6095013119734,77.6643040515558));
#4090=CARTESIAN_POINT('',(49.9261204758492,-78.5457523266232,77.6393858729911));
#4091=CARTESIAN_POINT('',(50.3956742813343,-78.6842519643997,77.5988126054552));
#4092=CARTESIAN_POINT('',(50.8652280868193,-78.8227516021763,77.5582393379193));
#4093=CARTESIAN_POINT('',(51.2399752006606,-79.1064207596154,77.5083133668928));
#4094=CARTESIAN_POINT('',(51.5599703130712,-79.3993385663684,77.4597585098331));
#4095=CARTESIAN_POINT('',(52.1999605378924,-79.9851741798745,77.3626487957135));
#4096=CARTESIAN_POINT('',(52.6608015812284,-80.6685468493145,77.263355770332));
#4097=CARTESIAN_POINT('',(53.0772176936212,-81.356873802074,77.163782961502));
#4098=CARTESIAN_POINT('',(53.9100499184067,-82.7335277075931,76.964637343842));
#4099=CARTESIAN_POINT('',(54.5354678157489,-84.1686288661123,76.7619385481276));
#4100=CARTESIAN_POINT('',(55.1153789497088,-85.6205942926793,76.5500643712868));
#4101=CARTESIAN_POINT('',(48.820163940854,-78.5955694561492,77.6677378118751));
#4102=CARTESIAN_POINT('',(49.3125632250593,-78.3917753274999,77.6677378118751));
#4103=CARTESIAN_POINT('',(49.935759078161,-78.3314575423212,77.6407011526589));
#4104=CARTESIAN_POINT('',(50.470547735473,-78.4637729178013,77.5919185696885));
#4105=CARTESIAN_POINT('',(51.005336392785,-78.5960882932813,77.5431359867182));
#4106=CARTESIAN_POINT('',(51.4387774278415,-78.871218102838,77.4801214613238));
#4107=CARTESIAN_POINT('',(51.806583025085,-79.1601050558356,77.4182674142593));
#4108=CARTESIAN_POINT('',(52.5421942195718,-79.7378789618308,77.2945593201304));
#4109=CARTESIAN_POINT('',(53.069159323319,-80.4154259042601,77.1660133660147));
#4110=CARTESIAN_POINT('',(53.5440995128496,-81.0983382128794,77.0368032093653));
#4111=CARTESIAN_POINT('',(54.4939798919108,-82.4641628301179,76.7783828960667));
#4112=CARTESIAN_POINT('',(55.2010778276992,-83.8879824148378,76.5136873558025));
#4113=CARTESIAN_POINT('',(55.8533242536609,-85.3284521880855,76.236825174019));
#4114=CARTESIAN_POINT('',(49.1541757475409,79.1332949784035,77.6342516495956));
#4115=CARTESIAN_POINT('',(49.0206395875916,78.9183151487401,77.6611019678182));
#4116=CARTESIAN_POINT('',(48.9541425326007,78.8112615567743,77.6677378118751));
#4117=CARTESIAN_POINT('',(48.820163940854,78.5955694561492,77.6677378118751));
#4118=CARTESIAN_POINT('',(49.1541757475409,79.1332949784035,77.6342516495956));
#4119=CARTESIAN_POINT('',(42.1423106266424,83.4887619202656,77.6342516498139));
#4120=CARTESIAN_POINT('',(34.5481634876739,86.9066760513484,77.6342516457679));
#4121=CARTESIAN_POINT('',(26.6386444746497,89.2669815111524,77.6342516495956));
#4122=CARTESIAN_POINT('',(18.7291254616256,91.6272869709564,77.6342516534234));
#4123=CARTESIAN_POINT('',(10.5036028664158,92.9301720070853,77.6342516515905));
#4124=CARTESIAN_POINT('',(2.25175842410519,93.1296996213268,77.6342516495957));
#4125=CARTESIAN_POINT('',(-6.00008601820539,93.3292272355682,77.6342516476008));
#4126=CARTESIAN_POINT('',(-14.2789135106639,92.4254134783543,77.634251648839));
#4127=CARTESIAN_POINT('',(-22.2933118359735,90.4500946099181,77.6342516495956));
#4128=CARTESIAN_POINT('',(-30.3077101612832,88.4747757414818,77.6342516503522));
#4129=CARTESIAN_POINT('',(-38.0583204646638,85.4277937231665,77.6342516498436));
#4130=CARTESIAN_POINT('',(-45.2722865187582,81.4164076886391,77.6342516495956));
#4131=CARTESIAN_POINT('',(-52.4862525728525,77.4050216541116,77.6342516493475));
#4132=CARTESIAN_POINT('',(-59.164151832749,72.4289105079934,77.6342516495217));
#4133=CARTESIAN_POINT('',(-65.0709016045132,66.6632517353815,77.6342516495956));
#4134=CARTESIAN_POINT('',(-70.9776513762774,60.8975929627696,77.6342516496696));
#4135=CARTESIAN_POINT('',(-76.1137243858351,54.3419251287886,77.634251649616));
#4136=CARTESIAN_POINT('',(-80.2983127087677,47.2270297995128,77.6342516495957));
#4137=CARTESIAN_POINT('',(-84.4829010317002,40.112134470237,77.6342516495753));
#4138=CARTESIAN_POINT('',(-87.7163395856142,32.4374421981609,77.6342516495906));
#4139=CARTESIAN_POINT('',(-89.8848004346691,24.4731284959415,77.6342516495956));
#4140=CARTESIAN_POINT('',(-92.053261283724,16.5088147937222,77.6342516496006));
#4141=CARTESIAN_POINT('',(-93.156917980143,8.2542422395379,77.6342516495956));
#4142=CARTESIAN_POINT('',(-93.156917980143,5.36169789276932E-14,77.6342516495956));
#4143=CARTESIAN_POINT('',(-93.156917980143,-8.25424223953778,77.6342516495956));
#4144=CARTESIAN_POINT('',(-92.0532612837232,-16.5088147937223,77.6342516496006));
#4145=CARTESIAN_POINT('',(-89.8848004346687,-24.4731284959416,77.6342516495956));
#4146=CARTESIAN_POINT('',(-87.7163395856142,-32.437442198161,77.6342516495907));
#4147=CARTESIAN_POINT('',(-84.4829010317004,-40.1121344702367,77.6342516495753));
#4148=CARTESIAN_POINT('',(-80.2983127087677,-47.2270297995125,77.6342516495957));
#4149=CARTESIAN_POINT('',(-76.1137243858351,-54.3419251287882,77.634251649616));
#4150=CARTESIAN_POINT('',(-70.9776513762772,-60.8975929627696,77.6342516496696));
#4151=CARTESIAN_POINT('',(-65.0709016045135,-66.663251735382,77.6342516495956));
#4152=CARTESIAN_POINT('',(-59.1641518327498,-72.4289105079944,77.6342516495216));
#4153=CARTESIAN_POINT('',(-52.4862525728552,-77.4050216541154,77.6342516493471));
#4154=CARTESIAN_POINT('',(-45.2722865187583,-81.4164076886386,77.6342516495956));
#4155=CARTESIAN_POINT('',(-38.0583204646614,-85.4277937231619,77.6342516498441));
#4156=CARTESIAN_POINT('',(-30.3077101612768,-88.4747757414589,77.6342516503547));
#4157=CARTESIAN_POINT('',(-22.2933118359736,-90.4500946099183,77.6342516495956));
#4158=CARTESIAN_POINT('',(-14.2789135106705,-92.4254134783777,77.6342516488365));
#4159=CARTESIAN_POINT('',(-6.00008601820486,-93.3292272356703,77.63425164759));
#4160=CARTESIAN_POINT('',(2.25175842410538,-93.1296996213275,77.6342516495956));
#4161=CARTESIAN_POINT('',(10.5036028664156,-92.9301720069847,77.6342516516012));
#4162=CARTESIAN_POINT('',(18.729125461511,-91.6272869705663,77.6342516534666));
#4163=CARTESIAN_POINT('',(26.6386444746497,-89.2669815111522,77.6342516495957));
#4164=CARTESIAN_POINT('',(34.5481634877884,-86.906676051738,77.6342516457247));
#4165=CARTESIAN_POINT('',(42.1423106274658,-83.4887619215599,77.6342516496511));
#4166=CARTESIAN_POINT('',(49.1541757475407,-79.1332949784036,77.6342516495956));
#4167=CARTESIAN_POINT('',(49.0206395875916,78.9183151487401,77.6611019678182));
#4168=CARTESIAN_POINT('',(42.0278231891303,83.2619498530186,77.6611019679615));
#4169=CARTESIAN_POINT('',(34.4543074955874,86.6705783424945,77.6611019640197));
#4170=CARTESIAN_POINT('',(26.5662758042408,89.0244716995567,77.6611019678184));
#4171=CARTESIAN_POINT('',(18.6782441128942,91.3783650566188,77.661101971617));
#4172=CARTESIAN_POINT('',(10.4750682640826,92.6777104712879,77.6611019697929));
#4173=CARTESIAN_POINT('',(2.24564111793588,92.8766960408358,77.6611019678183));
#4174=CARTESIAN_POINT('',(-5.98378602821082,93.0756816103837,77.6611019658437));
#4175=CARTESIAN_POINT('',(-14.2401219603663,92.1743232951275,77.6611019670697));
#4176=CARTESIAN_POINT('',(-22.2327480446498,90.2043706583878,77.6611019678181));
#4177=CARTESIAN_POINT('',(-30.2253741289333,88.234418021648,77.6611019685665));
#4178=CARTESIAN_POINT('',(-37.9549279088996,85.1957139125522,77.6611019680635));
#4179=CARTESIAN_POINT('',(-45.1492962091307,81.1952253726307,77.6611019678183));
#4180=CARTESIAN_POINT('',(-52.3436645093619,77.1947368327091,77.6611019675732));
#4181=CARTESIAN_POINT('',(-59.0034215410644,72.2321445703582,77.661101967745));
#4182=CARTESIAN_POINT('',(-64.8941247958684,66.482149021154,77.6611019678181));
#4183=CARTESIAN_POINT('',(-70.7848280506723,60.7321534719497,77.6611019678912));
#4184=CARTESIAN_POINT('',(-75.9069475989436,54.1942957931554,77.6611019678381));
#4185=CARTESIAN_POINT('',(-80.0801678988491,47.0987290782335,77.6611019678181));
#4186=CARTESIAN_POINT('',(-84.2533881987547,40.0031623633116,77.6611019677981));
#4187=CARTESIAN_POINT('',(-87.4780422864872,32.3493203636608,77.6611019678132));
#4188=CARTESIAN_POINT('',(-89.6406122065024,24.4066428403428,77.6611019678181));
#4189=CARTESIAN_POINT('',(-91.8031821265176,16.4639653170248,77.6611019678231));
#4190=CARTESIAN_POINT('',(-92.9038404561001,8.23181842896928,77.6611019678182));
#4191=CARTESIAN_POINT('',(-92.9038404561001,5.47947848534709E-14,77.6611019678182));
#4192=CARTESIAN_POINT('',(-92.9038404561,-8.23181842896916,77.6611019678182));
#4193=CARTESIAN_POINT('',(-91.8031821265197,-16.4639653170257,77.6611019678228));
#4194=CARTESIAN_POINT('',(-89.640612206503,-24.4066428403431,77.6611019678181));
#4195=CARTESIAN_POINT('',(-87.4780422864863,-32.3493203636605,77.6611019678133));
#4196=CARTESIAN_POINT('',(-84.2533881987562,-40.0031623633114,77.661101967798));
#4197=CARTESIAN_POINT('',(-80.0801678988492,-47.0987290782332,77.6611019678181));
#4198=CARTESIAN_POINT('',(-75.9069475989422,-54.194295793155,77.6611019678383));
#4199=CARTESIAN_POINT('',(-70.7848280506687,-60.7321534719499,77.6611019678915));
#4200=CARTESIAN_POINT('',(-64.8941247958663,-66.4821490211521,77.6611019678183));
#4201=CARTESIAN_POINT('',(-59.003421541064,-72.2321445703544,77.6611019677452));
#4202=CARTESIAN_POINT('',(-52.3436645093686,-77.1947368327051,77.6611019675726));
#4203=CARTESIAN_POINT('',(-45.1492962091311,-81.1952253726311,77.6611019678183));
#4204=CARTESIAN_POINT('',(-37.9549279088936,-85.1957139125571,77.6611019680641));
#4205=CARTESIAN_POINT('',(-30.2253741289138,-88.2344180216617,77.6611019685688));
#4206=CARTESIAN_POINT('',(-22.2327480446502,-90.2043706583859,77.6611019678182));
#4207=CARTESIAN_POINT('',(-14.2401219603867,-92.1743232951101,77.6611019670677));
#4208=CARTESIAN_POINT('',(-5.98378602826653,-93.0756816103302,77.6611019658357));
#4209=CARTESIAN_POINT('',(2.24564111793937,-92.8766960408354,77.6611019678183));
#4210=CARTESIAN_POINT('',(10.4750682641452,-92.6777104713405,77.6611019698008));
#4211=CARTESIAN_POINT('',(18.6782441130505,-91.3783650568543,77.6611019716435));
#4212=CARTESIAN_POINT('',(26.5662758042286,-89.0244716995624,77.6611019678182));
#4213=CARTESIAN_POINT('',(34.4543074954068,-86.6705783422704,77.6611019639929));
#4214=CARTESIAN_POINT('',(42.0278231886345,-83.2619498519064,77.6611019678818));
#4215=CARTESIAN_POINT('',(49.0206395876341,-78.9183151487137,77.6611019678182));
#4216=CARTESIAN_POINT('',(48.9541425326007,78.8112615567743,77.6677378118751));
#4217=CARTESIAN_POINT('',(41.970718874731,83.149061895253,77.6677378118751));
#4218=CARTESIAN_POINT('',(34.4076752444362,86.5529772236186,77.6677378118752));
#4219=CARTESIAN_POINT('',(26.5302379535688,88.9037091093477,77.6677378118751));
#4220=CARTESIAN_POINT('',(18.6528006627014,91.2544409950769,77.6677378118751));
#4221=CARTESIAN_POINT('',(10.4609697112614,92.5519894381696,77.6677378118751));
#4222=CARTESIAN_POINT('',(2.24259509353693,92.7507077413372,77.6677378118751));
#4223=CARTESIAN_POINT('',(-5.97577952418755,92.9494260445047,77.6677378118752));
#4224=CARTESIAN_POINT('',(-14.2206978081966,92.049314207747,77.6677378118752));
#4225=CARTESIAN_POINT('',(-22.2025891474623,90.0820073845021,77.6677378118751));
#4226=CARTESIAN_POINT('',(-30.1844804867281,88.1147005612571,77.6677378118751));
#4227=CARTESIAN_POINT('',(-37.9033448812506,85.0801987515249,77.6677378118751));
#4228=CARTESIAN_POINT('',(-45.08805065232,81.0850831389246,77.6677378118751));
#4229=CARTESIAN_POINT('',(-52.2727564233894,77.0899675263243,77.6677378118751));
#4230=CARTESIAN_POINT('',(-58.9233035710058,72.1342381108559,77.6677378118751));
#4231=CARTESIAN_POINT('',(-64.8060951832535,66.3919652245027,77.6677378118751));
#4232=CARTESIAN_POINT('',(-70.6888867955012,60.6496923381495,77.6677378118752));
#4233=CARTESIAN_POINT('',(-75.8039228723802,54.1208759809114,77.6677378118752));
#4234=CARTESIAN_POINT('',(-79.971538239352,47.0348391185127,77.6677378118752));
#4235=CARTESIAN_POINT('',(-84.1391536063237,39.9488022561139,77.6677378118752));
#4236=CARTESIAN_POINT('',(-87.3593482633883,32.3055448885544,77.6677378118751));
#4237=CARTESIAN_POINT('',(-89.51901369682,24.3735349512756,77.6677378118751));
#4238=CARTESIAN_POINT('',(-91.6786791302516,16.4415250139967,77.6677378118751));
#4239=CARTESIAN_POINT('',(-92.7778153400504,8.22076250699844,77.6677378118751));
#4240=CARTESIAN_POINT('',(-92.7778153400504,5.20417042793042E-14,77.6677378118751));
#4241=CARTESIAN_POINT('',(-92.7778153400503,-8.22076250699832,77.6677378118751));
#4242=CARTESIAN_POINT('',(-91.6786791302516,-16.4415250139969,77.6677378118751));
#4243=CARTESIAN_POINT('',(-89.5190136968199,-24.3735349512758,77.6677378118751));
#4244=CARTESIAN_POINT('',(-87.3593482633883,-32.3055448885547,77.6677378118751));
#4245=CARTESIAN_POINT('',(-84.1391536063237,-39.948802256114,77.6677378118752));
#4246=CARTESIAN_POINT('',(-79.9715382393521,-47.0348391185124,77.6677378118752));
#4247=CARTESIAN_POINT('',(-75.8039228723805,-54.1208759809108,77.6677378118752));
#4248=CARTESIAN_POINT('',(-70.6888867955016,-60.6496923381483,77.6677378118751));
#4249=CARTESIAN_POINT('',(-64.8060951832533,-66.3919652245027,77.6677378118751));
#4250=CARTESIAN_POINT('',(-58.9233035710051,-72.1342381108572,77.6677378118751));
#4251=CARTESIAN_POINT('',(-52.2727564233872,-77.0899675263287,77.6677378118751));
#4252=CARTESIAN_POINT('',(-45.0880506523203,-81.0850831389245,77.6677378118751));
#4253=CARTESIAN_POINT('',(-37.9033448812533,-85.0801987515203,77.6677378118751));
#4254=CARTESIAN_POINT('',(-30.1844804867372,-88.1147005612404,77.6677378118751));
#4255=CARTESIAN_POINT('',(-22.2025891474624,-90.082007384502,77.6677378118751));
#4256=CARTESIAN_POINT('',(-14.2206978081876,-92.0493142077636,77.6677378118751));
#4257=CARTESIAN_POINT('',(-5.97577952415413,-92.9494260445668,77.6677378118752));
#4258=CARTESIAN_POINT('',(2.24259509353712,-92.7507077413371,77.6677378118752));
#4259=CARTESIAN_POINT('',(10.4609697112283,-92.5519894381074,77.6677378118752));
#4260=CARTESIAN_POINT('',(18.6528006625773,-91.2544409948445,77.6677378118751));
#4261=CARTESIAN_POINT('',(26.5302379535688,-88.9037091093477,77.6677378118751));
#4262=CARTESIAN_POINT('',(34.4076752445603,-86.5529772238508,77.6677378118751));
#4263=CARTESIAN_POINT('',(41.9707188751942,-83.1490618961198,77.6677378118751));
#4264=CARTESIAN_POINT('',(48.9541425326005,-78.8112615567745,77.6677378118751));
#4265=CARTESIAN_POINT('',(48.820163940854,78.5955694561492,77.6677378118751));
#4266=CARTESIAN_POINT('',(41.855852644816,82.9214980239829,77.6677378118751));
#4267=CARTESIAN_POINT('',(34.3135076902473,86.3160974542591,77.6677378118752));
#4268=CARTESIAN_POINT('',(26.4576295135913,88.6603958138569,77.6677378118751));
#4269=CARTESIAN_POINT('',(18.6017513369353,91.0046941734546,77.6677378118751));
#4270=CARTESIAN_POINT('',(10.4323399381921,92.2986914623739,77.6677378118751));
#4271=CARTESIAN_POINT('',(2.23645751830946,92.4968659097,77.6677378118751));
#4272=CARTESIAN_POINT('',(-5.95942490157316,92.6950403570261,77.6677378118752));
#4273=CARTESIAN_POINT('',(-14.1817783425952,91.7973919627592,77.6677378118752));
#4274=CARTESIAN_POINT('',(-22.1418246958099,89.8354693007625,77.6677378118751));
#4275=CARTESIAN_POINT('',(-30.1018710490246,87.8735466387659,77.6677378118751));
#4276=CARTESIAN_POINT('',(-37.7996103144321,84.8473497090395,77.6677378118751));
#4277=CARTESIAN_POINT('',(-44.9646528514703,80.8631680018474,77.6677378118751));
#4278=CARTESIAN_POINT('',(-52.1296953885085,76.8789862946552,77.6677378118751));
#4279=CARTESIAN_POINT('',(-58.7620411971775,71.9368198099973,77.6677378118751));
#4280=CARTESIAN_POINT('',(-64.6287326778542,66.2102624809983,77.6677378118751));
#4281=CARTESIAN_POINT('',(-70.4954241585308,60.4837051519993,77.6677378118752));
#4282=CARTESIAN_POINT('',(-75.596461311215,53.9727569786593,77.6677378118752));
#4283=CARTESIAN_POINT('',(-79.7526706723019,46.906113311418,77.6677378118752));
#4284=CARTESIAN_POINT('',(-83.9088800333888,39.8394696441767,77.6677378118752));
#4285=CARTESIAN_POINT('',(-87.1202616028784,32.2171304830341,77.6677378118751));
#4286=CARTESIAN_POINT('',(-89.2740164244916,24.3068290154809,77.6677378118751));
#4287=CARTESIAN_POINT('',(-91.4277712461049,16.3965275479277,77.6677378118751));
#4288=CARTESIAN_POINT('',(-92.5238993198418,8.19826377396397,77.6677378118751));
#4289=CARTESIAN_POINT('',(-92.5238993198418,5.20417042793042E-14,77.6677378118751));
#4290=CARTESIAN_POINT('',(-92.5238993198418,-8.19826377396386,77.6677378118751));
#4291=CARTESIAN_POINT('',(-91.4277712461048,-16.3965275479279,77.6677378118751));
#4292=CARTESIAN_POINT('',(-89.2740164244916,-24.3068290154811,77.6677378118751));
#4293=CARTESIAN_POINT('',(-87.1202616028784,-32.2171304830342,77.6677378118751));
#4294=CARTESIAN_POINT('',(-83.908880033389,-39.8394696441765,77.6677378118752));
#4295=CARTESIAN_POINT('',(-79.7526706723021,-46.9061133114178,77.6677378118752));
#4296=CARTESIAN_POINT('',(-75.5964613112152,-53.9727569786591,77.6677378118752));
#4297=CARTESIAN_POINT('',(-70.4954241585308,-60.4837051519995,77.6677378118751));
#4298=CARTESIAN_POINT('',(-64.628732677854,-66.2102624809984,77.6677378118751));
#4299=CARTESIAN_POINT('',(-58.7620411971773,-71.9368198099973,77.6677378118751));
#4300=CARTESIAN_POINT('',(-52.1296953885083,-76.8789862946547,77.6677378118751));
#4301=CARTESIAN_POINT('',(-44.9646528514706,-80.8631680018472,77.6677378118751));
#4302=CARTESIAN_POINT('',(-37.7996103144328,-84.8473497090398,77.6677378118751));
#4303=CARTESIAN_POINT('',(-30.1018710490264,-87.8735466387674,77.6677378118751));
#4304=CARTESIAN_POINT('',(-22.14182469581,-89.8354693007625,77.6677378118751));
#4305=CARTESIAN_POINT('',(-14.1817783425935,-91.7973919627577,77.6677378118751));
#4306=CARTESIAN_POINT('',(-5.95942490156694,-92.6950403570203,77.6677378118752));
#4307=CARTESIAN_POINT('',(2.23645751830965,-92.4968659097,77.6677378118752));
#4308=CARTESIAN_POINT('',(10.4323399381862,-92.2986914623797,77.6677378118752));
#4309=CARTESIAN_POINT('',(18.6017513369128,-91.0046941734764,77.6677378118751));
#4310=CARTESIAN_POINT('',(26.4576295135913,-88.6603958138569,77.6677378118751));
#4311=CARTESIAN_POINT('',(34.3135076902698,-86.3160974542373,77.6677378118751));
#4312=CARTESIAN_POINT('',(41.8558526449002,-82.9214980239013,77.6677378118751));
#4313=CARTESIAN_POINT('',(48.8201639408538,-78.5955694561493,77.6677378118751));
#4314=CARTESIAN_POINT('',(55.853324253661,85.3284521880855,76.2368251740191));
#4315=CARTESIAN_POINT('',(55.1108040981498,85.5930100919433,76.5520062805616));
#4316=CARTESIAN_POINT('',(54.7232630690387,85.72038312856,76.6378466432484));
#4317=CARTESIAN_POINT('',(53.9111143358317,85.9697867014558,76.6658498014476));
#4318=CARTESIAN_POINT('',(55.853324253661,85.3284521880855,76.2368251740191));
#4319=CARTESIAN_POINT('',(57.3763410577323,90.3732066612249,75.5903428960268));
#4320=CARTESIAN_POINT('',(59.1609016076637,95.2770513279241,74.8328418845797));
#4321=CARTESIAN_POINT('',(61.289820620009,99.9987378148806,73.9291693780893));
#4322=CARTESIAN_POINT('',(63.4187396323543,104.720424301837,73.0254968715989));
#4323=CARTESIAN_POINT('',(65.900019366577,109.280095946486,71.9722561124501));
#4324=CARTESIAN_POINT('',(68.8416081952047,113.53463268374,70.7236257350541));
#4325=CARTESIAN_POINT('',(71.7831970238324,117.789169420994,69.4749953576581));
#4326=CARTESIAN_POINT('',(75.115441326504,121.643996739333,68.060541569716));
#4327=CARTESIAN_POINT('',(78.9634906533219,124.946111248865,66.4271415389495));
#4328=CARTESIAN_POINT('',(80.8875153167309,126.597168503632,65.6104415235663));
#4329=CARTESIAN_POINT('',(82.9249149562173,128.090982323018,64.7456166860497));
#4330=CARTESIAN_POINT('',(85.0356920378749,129.377962087941,63.8496449722537));
#4331=CARTESIAN_POINT('',(87.1464691195325,130.664941852864,62.9536732584576));
#4332=CARTESIAN_POINT('',(89.3415123567729,131.758413880525,62.0219326837579));
#4333=CARTESIAN_POINT('',(91.6374803840877,132.64322373806,61.0473520773403));
#4334=CARTESIAN_POINT('',(93.9334484114025,133.528033595595,60.0727714709227));
#4335=CARTESIAN_POINT('',(96.3331144636262,134.19887632243,59.0541736644407));
#4336=CARTESIAN_POINT('',(98.744626017923,134.62572301052,58.0305477406432));
#4337=CARTESIAN_POINT('',(101.15613757222,135.052569698611,57.0069218168456));
#4338=CARTESIAN_POINT('',(103.570250228609,135.241299828976,55.9821917907156));
#4339=CARTESIAN_POINT('',(106.008580259418,135.19839297274,54.9471820990296));
#4340=CARTESIAN_POINT('',(108.446910290227,135.155486116505,53.9121724073436));
#4341=CARTESIAN_POINT('',(110.911965135374,134.881158782919,52.8658187050034));
#4342=CARTESIAN_POINT('',(113.316865941093,134.401216933319,51.8449988774933));
#4343=CARTESIAN_POINT('',(115.721766746812,133.92127508372,50.8241790499832));
#4344=CARTESIAN_POINT('',(118.068899192769,133.23500106074,49.8278804363662));
#4345=CARTESIAN_POINT('',(120.384967199272,132.362026201401,48.8447678949767));
#4346=CARTESIAN_POINT('',(122.701035205776,131.489051342062,47.8616553535871));
#4347=CARTESIAN_POINT('',(124.966225866539,130.43411309428,46.9001389641801));
#4348=CARTESIAN_POINT('',(127.143353947156,129.240952445525,45.9760029222955));
#4349=CARTESIAN_POINT('',(129.320482027773,128.04779179677,45.0518668804109));
#4350=CARTESIAN_POINT('',(131.415042763578,126.717426119939,44.16277859704));
#4351=CARTESIAN_POINT('',(133.440503133081,125.271667486451,43.3030216789555));
#4352=CARTESIAN_POINT('',(137.491423872086,122.380150219475,41.5835078427866));
#4353=CARTESIAN_POINT('',(141.309163890583,118.987776793844,39.962973350099));
#4354=CARTESIAN_POINT('',(144.823863130868,115.329480240613,38.4710720360469));
#4355=CARTESIAN_POINT('',(148.338562371154,111.671183687383,36.9791707219947));
#4356=CARTESIAN_POINT('',(151.559116768977,107.751263853202,35.6121264858856));
#4357=CARTESIAN_POINT('',(154.543015374502,103.618876710768,34.3455366737171));
#4358=CARTESIAN_POINT('',(157.526913980028,99.4864895683338,33.0789468615486));
#4359=CARTESIAN_POINT('',(160.279606607015,95.1257074740747,31.9104981646267));
#4360=CARTESIAN_POINT('',(162.797469303345,90.5915703911631,30.841728859361));
#4361=CARTESIAN_POINT('',(165.315331999675,86.0574333082515,29.7729595540953));
#4362=CARTESIAN_POINT('',(167.579557149976,81.3827137941273,28.8118529995641));
#4363=CARTESIAN_POINT('',(169.594952697351,76.6221770246289,27.9563683450022));
#4364=CARTESIAN_POINT('',(171.610348244727,71.8616402551304,27.1008836904403));
#4365=CARTESIAN_POINT('',(173.387234852388,66.9947371241058,26.3466400742281));
#4366=CARTESIAN_POINT('',(174.94091188291,62.0376667529808,25.6871433022479));
#4367=CARTESIAN_POINT('',(176.494588913433,57.0805963818558,25.0276465302677));
#4368=CARTESIAN_POINT('',(177.82506510138,52.0304016146639,24.4628928949178));
#4369=CARTESIAN_POINT('',(178.948644093215,46.8860531172661,23.9859619088616));
#4370=CARTESIAN_POINT('',(180.07222308505,41.7417046198683,23.5090309228054));
#4371=CARTESIAN_POINT('',(180.981502821999,36.5415681395992,23.1230645735811));
#4372=CARTESIAN_POINT('',(181.691079878541,31.3522110811732,22.8218669829187));
#4373=CARTESIAN_POINT('',(183.110233991627,20.9734969643212,22.2194718015939));
#4374=CARTESIAN_POINT('',(183.770344621726,10.5526594060219,21.9392714632039));
#4375=CARTESIAN_POINT('',(183.774571125251,0.105010002774792,21.9374774188972));
#4376=CARTESIAN_POINT('',(183.776684377013,-5.11881469884874,21.9365803967439));
#4377=CARTESIAN_POINT('',(183.611867505966,-10.3505246817971,22.0065410077899));
#4378=CARTESIAN_POINT('',(183.270688993021,-15.5920679861964,22.1513626943667));
#4379=CARTESIAN_POINT('',(182.929510480077,-20.8336112905957,22.2961843809435));
#4380=CARTESIAN_POINT('',(182.408378553979,-26.1002829375242,22.5173917594948));
#4381=CARTESIAN_POINT('',(181.696151586363,-31.3151111300172,22.8197141706733));
#4382=CARTESIAN_POINT('',(180.271697651129,-41.7447675150033,23.4243589930305));
#4383=CARTESIAN_POINT('',(178.093397987544,-51.9351368411262,24.3489923423803));
#4384=CARTESIAN_POINT('',(174.998831944772,-61.8524321494683,25.6625576946342));
#4385=CARTESIAN_POINT('',(173.451548923387,-66.8110798036394,26.3193403707612));
#4386=CARTESIAN_POINT('',(171.672021559179,-71.7072394630614,27.0747049216232));
#4387=CARTESIAN_POINT('',(169.640351186931,-76.5148493016588,27.9370978294816));
#4388=CARTESIAN_POINT('',(167.608680814683,-81.3224591402563,28.7994907373401));
#4389=CARTESIAN_POINT('',(165.337133022769,-86.0118457648326,29.763705568824));
#4390=CARTESIAN_POINT('',(162.843349696295,-90.5088833946681,30.8222537879958));
#4391=CARTESIAN_POINT('',(160.34956636982,-95.0059210245036,31.8808020071676));
#4392=CARTESIAN_POINT('',(157.623927262193,-99.3388276229153,33.0377671664315));
#4393=CARTESIAN_POINT('',(154.638795374392,-103.486037461334,34.3048804758673));
#4394=CARTESIAN_POINT('',(151.653663486591,-107.633247299754,35.5719937853031));
#4395=CARTESIAN_POINT('',(148.389291872893,-111.612146801883,36.9576373260674));
#4396=CARTESIAN_POINT('',(144.87493949634,-115.276279532123,38.4493914052007));
#4397=CARTESIAN_POINT('',(141.360587119786,-118.940412262364,39.941145484334));
#4398=CARTESIAN_POINT('',(137.619005696312,-122.278952560681,41.5293525713966));
#4399=CARTESIAN_POINT('',(133.543533658723,-125.197972615636,43.2592878155194));
#4400=CARTESIAN_POINT('',(131.505797639929,-126.657482643114,44.1242554375808));
#4401=CARTESIAN_POINT('',(129.383370516342,-128.00922864017,45.0251723007838));
#4402=CARTESIAN_POINT('',(127.207472005904,-129.205764077423,45.9487864210925));
#4403=CARTESIAN_POINT('',(125.031573495467,-130.402299514676,46.8724005414011));
#4404=CARTESIAN_POINT('',(122.802662004495,-131.443884264749,47.8185173368789));
#4405=CARTESIAN_POINT('',(120.51125161447,-132.314277196402,48.7911633410455));
#4406=CARTESIAN_POINT('',(118.219841224445,-133.184670128054,49.7638093452121));
#4407=CARTESIAN_POINT('',(115.843424067511,-133.886587420257,50.772538581139));
#4408=CARTESIAN_POINT('',(113.435041317634,-134.377330868449,51.7948364062554));
#4409=CARTESIAN_POINT('',(111.026658567757,-134.868074316641,52.8171342313717));
#4410=CARTESIAN_POINT('',(108.606220141985,-135.144310232893,53.844549387298));
#4411=CARTESIAN_POINT('',(106.177483454155,-135.195236427883,54.8754869464864));
#4412=CARTESIAN_POINT('',(103.748746766325,-135.246162622873,55.9064245056748));
#4413=CARTESIAN_POINT('',(101.286305911267,-135.065743389566,56.9516686350523));
#4414=CARTESIAN_POINT('',(98.8663121469991,-134.647014175736,57.9788950433683));
#4415=CARTESIAN_POINT('',(96.4463183827313,-134.228284961907,59.0061214516843));
#4416=CARTESIAN_POINT('',(94.0924836633283,-133.577319683453,60.0052650115906));
#4417=CARTESIAN_POINT('',(91.8009493061902,-132.705828996323,60.9779636366748));
#4418=CARTESIAN_POINT('',(89.509414949052,-131.834338309194,61.9506622617591));
#4419=CARTESIAN_POINT('',(87.2631770926555,-130.728828752362,62.9041336630161));
#4420=CARTESIAN_POINT('',(85.1222635793944,-129.430619974606,63.8128975330782));
#4421=CARTESIAN_POINT('',(82.9813500661333,-128.13241119685,64.7216614031404));
#4422=CARTESIAN_POINT('',(80.9625704568062,-126.6546202651,65.5785825067772));
#4423=CARTESIAN_POINT('',(79.0461782245684,-125.016933757941,66.3920427473418));
#4424=CARTESIAN_POINT('',(77.1297859923307,-123.379247250783,67.2055029879064));
#4425=CARTESIAN_POINT('',(75.3097392132866,-121.570409044493,67.9780670099341));
#4426=CARTESIAN_POINT('',(73.6160584288256,-119.654323687936,68.6969918496359));
#4427=CARTESIAN_POINT('',(71.9223776443646,-117.73823833138,69.4159166893377));
#4428=CARTESIAN_POINT('',(70.3599947356468,-115.723604529777,70.0791088873648));
#4429=CARTESIAN_POINT('',(68.9014814581583,-113.621084779579,70.6982110427659));
#4430=CARTESIAN_POINT('',(65.9844549031814,-109.416045279184,71.9364153535682));
#4431=CARTESIAN_POINT('',(63.479827743521,-104.843931969345,72.9995665068389));
#4432=CARTESIAN_POINT('',(61.3252947079105,-100.077335270015,73.9141115211471));
#4433=CARTESIAN_POINT('',(59.1707616723001,-95.3107385706842,74.8286565354553));
#4434=CARTESIAN_POINT('',(57.378803934858,-90.381364550896,75.5892974667114));
#4435=CARTESIAN_POINT('',(55.8533242536608,-85.3284521880853,76.2368251740191));
#4436=CARTESIAN_POINT('',(55.7605092342221,85.3615219260677,76.2762228123369));
#4437=CARTESIAN_POINT('',(57.2852596176142,90.4101199480354,75.6290046733847));
#4438=CARTESIAN_POINT('',(59.0718422308648,95.3182229749899,74.8706453471913));
#4439=CARTESIAN_POINT('',(61.2033024551863,100.044770872763,73.9658941602012));
#4440=CARTESIAN_POINT('',(63.3347626795079,104.771318770535,73.0611429732111));
#4441=CARTESIAN_POINT('',(65.8191010942977,109.33646976887,72.0066038812037));
#4442=CARTESIAN_POINT('',(68.7647026719213,113.597392656653,70.7562701929153));
#4443=CARTESIAN_POINT('',(71.7103042495448,117.858315544436,69.5059365046269));
#4444=CARTESIAN_POINT('',(75.0474007925605,121.720281152092,68.0894230628565));
#4445=CARTESIAN_POINT('',(78.9019462614202,125.030727413231,66.4532655833907));
#4446=CARTESIAN_POINT('',(80.82921899585,126.685950543801,65.6351868436579));
#4447=CARTESIAN_POINT('',(82.8702627584981,128.184197593075,64.7688151676321));
#4448=CARTESIAN_POINT('',(84.9851216891295,129.475823910263,63.8711108117431));
#4449=CARTESIAN_POINT('',(87.099980619761,130.767450227451,62.973406455854));
#4450=CARTESIAN_POINT('',(89.2995557058595,131.865804734483,62.0397422254431));
#4451=CARTESIAN_POINT('',(91.6007002282064,132.755811242154,61.0629643272482));
#4452=CARTESIAN_POINT('',(93.9018447505532,133.645817749825,60.0861864290533));
#4453=CARTESIAN_POINT('',(96.3073518362532,134.322181009389,59.0651092509599));
#4454=CARTESIAN_POINT('',(98.7253204522267,134.754698273557,58.0387424670939));
#4455=CARTESIAN_POINT('',(101.1432890682,135.187215537725,57.0123756832279));
#4456=CARTESIAN_POINT('',(103.56443327533,135.381741987685,55.9846609408896));
#4457=CARTESIAN_POINT('',(106.010630089751,135.344834370798,54.9463119976758));
#4458=CARTESIAN_POINT('',(108.456826904171,135.30792675391,53.9079630544621));
#4459=CARTESIAN_POINT('',(110.930591689311,135.039807383006,52.8579122019443));
#4460=CARTESIAN_POINT('',(113.34488999021,134.566045010504,51.8331033743949));
#4461=CARTESIAN_POINT('',(115.759188291109,134.092282638001,50.8082945468455));
#4462=CARTESIAN_POINT('',(118.116419290712,133.412167820222,49.8077093515256));
#4463=CARTESIAN_POINT('',(120.443437854504,132.545295539853,48.8199485743437));
#4464=CARTESIAN_POINT('',(122.770456418296,131.678423259483,47.8321877971618));
#4465=CARTESIAN_POINT('',(125.047373167282,130.629478739587,46.8656939786112));
#4466=CARTESIAN_POINT('',(127.236649506305,129.441882691356,45.9364013069723));
#4467=CARTESIAN_POINT('',(129.425925845329,128.254286643125,45.0071086353333));
#4468=CARTESIAN_POINT('',(131.533062369153,126.929061019147,44.1126822466546));
#4469=CARTESIAN_POINT('',(133.571237295818,125.487794853916,43.2475283192551));
#4470=CARTESIAN_POINT('',(137.64758714915,122.605262523454,41.5172204644562));
#4471=CARTESIAN_POINT('',(141.491426469039,119.219159056611,39.8856074756069));
#4472=CARTESIAN_POINT('',(145.030639555191,115.563948444389,38.383300651336));
#4473=CARTESIAN_POINT('',(148.569852641343,111.908737832167,36.8809938270651));
#4474=CARTESIAN_POINT('',(151.813465200836,107.988947107813,35.5041619820189));
#4475=CARTESIAN_POINT('',(154.819816389879,103.854752347171,34.2280416135883));
#4476=CARTESIAN_POINT('',(157.826167578922,99.7205575865284,32.9519212451578));
#4477=CARTESIAN_POINT('',(160.600833303073,95.3560405428402,31.7741455218556));
#4478=CARTESIAN_POINT('',(163.141260478898,90.816880453294,30.6957981633036));
#4479=CARTESIAN_POINT('',(165.681687654722,86.2777203637477,29.6174508047517));
#4480=CARTESIAN_POINT('',(167.968946494885,81.5967281239812,28.6465670289496));
#4481=CARTESIAN_POINT('',(170.008578829358,76.8288793077239,27.7807944686394));
#4482=CARTESIAN_POINT('',(172.04821116383,72.0610304914666,26.9150219083292));
#4483=CARTESIAN_POINT('',(173.85068803664,67.185749188269,26.149915869021));
#4484=CARTESIAN_POINT('',(175.43130586032,62.2190005614471,25.4789834088169));
#4485=CARTESIAN_POINT('',(177.011923683999,57.2522519346253,24.8080509486127));
#4486=CARTESIAN_POINT('',(178.370719772836,52.1910560955804,24.2312762285373));
#4487=CARTESIAN_POINT('',(179.522297301979,47.0340055316398,23.7424605685035));
#4488=CARTESIAN_POINT('',(180.673874831121,41.8769549676991,23.2536449084697));
#4489=CARTESIAN_POINT('',(181.610469497064,36.6625002058336,22.8560840597807));
#4490=CARTESIAN_POINT('',(182.343373238183,31.4575181728073,22.5449848789703));
#4491=CARTESIAN_POINT('',(183.809180720419,21.0475541067546,21.9227865173494));
#4492=CARTESIAN_POINT('',(184.498616338831,10.5899874468036,21.6301384599355));
#4493=CARTESIAN_POINT('',(184.503045885891,0.105381451523427,21.6282582287612));
#4494=CARTESIAN_POINT('',(184.505260659421,-5.13692154611666,21.627318113174));
#4495=CARTESIAN_POINT('',(184.33359989859,-10.387142495538,21.7001837830783));
#4496=CARTESIAN_POINT('',(183.979264859978,-15.646523863027,21.8505900834697));
#4497=CARTESIAN_POINT('',(183.624929821366,-20.905905230516,22.0009963838612));
#4498=CARTESIAN_POINT('',(183.084256176207,-26.1897680829349,22.2304987300194));
#4499=CARTESIAN_POINT('',(182.348611644964,-31.4203064842651,22.5427613072145));
#4500=CARTESIAN_POINT('',(180.877322582477,-41.8813832869255,23.1672864616048));
#4501=CARTESIAN_POINT('',(178.638691683908,-52.0966856079458,24.1175289008359));
#4502=CARTESIAN_POINT('',(175.490232614349,-62.0334037594218,25.4539704857303));
#4503=CARTESIAN_POINT('',(173.91600307957,-67.0017628351599,26.1221912781775));
#4504=CARTESIAN_POINT('',(172.110683520248,-71.9063826919211,26.8885039663202));
#4505=CARTESIAN_POINT('',(170.054523916977,-76.7213866544105,27.7612919360163));
#4506=CARTESIAN_POINT('',(167.998364313706,-81.5363906168999,28.6340799057125));
#4507=CARTESIAN_POINT('',(165.703713229149,-86.2320733589078,29.6081015030949));
#4508=CARTESIAN_POINT('',(163.187552324246,-90.7341017294249,30.6761484407574));
#4509=CARTESIAN_POINT('',(160.671391419343,-95.2361300999421,31.7441953784199));
#4510=CARTESIAN_POINT('',(157.923944358253,-99.5727841337454,32.910417464722));
#4511=CARTESIAN_POINT('',(154.916317521098,-103.721854321993,34.1870793136503));
#4512=CARTESIAN_POINT('',(151.908690683943,-107.87092451024,35.4637411625786));
#4513=CARTESIAN_POINT('',(148.620943155136,-111.849716661561,36.8593071906124));
#4514=CARTESIAN_POINT('',(145.08207218218,-115.510792387031,38.3614687964475));
#4515=CARTESIAN_POINT('',(141.543201209224,-119.1718681125,39.8636304022827));
#4516=CARTESIAN_POINT('',(137.775998914808,-122.50431435502,41.4627129038294));
#4517=CARTESIAN_POINT('',(133.674915120522,-125.414328042493,43.2035196936691));
#4518=CARTESIAN_POINT('',(131.624373223379,-126.86933488623,44.073923088589));
#4519=CARTESIAN_POINT('',(129.489185456656,-128.215876837688,44.9802565234416));
#4520=CARTESIAN_POINT('',(127.301125637147,-129.406858177163,45.9090328131832));
#4521=CARTESIAN_POINT('',(125.113065817639,-130.597839516638,46.8378091029247));
#4522=CARTESIAN_POINT('',(122.872596315341,-131.633523789882,47.7888319831357));
#4523=CARTESIAN_POINT('',(120.570320054176,-132.497879249838,48.7660902759575));
#4524=CARTESIAN_POINT('',(118.268043793011,-133.362234709795,49.7433485687794));
#4525=CARTESIAN_POINT('',(115.881364110733,-134.057913287408,50.7564339882655));
#4526=CARTESIAN_POINT('',(113.463528380418,-134.542462766599,51.782744365516));
#4527=CARTESIAN_POINT('',(111.045692650103,-135.027012245791,52.8090547427665));
#4528=CARTESIAN_POINT('',(108.616676930934,-135.297147264618,53.840110743731));
#4529=CARTESIAN_POINT('',(106.180078745685,-135.342093462979,54.8743853105913));
#4530=CARTESIAN_POINT('',(103.743480560436,-135.387039661341,55.9086598774516));
#4531=CARTESIAN_POINT('',(101.27383015588,-135.20070039917,56.9569642790274));
#4532=CARTESIAN_POINT('',(98.8473330192175,-134.776275708496,57.9869512051452));
#4533=CARTESIAN_POINT('',(96.4208358825555,-134.351851017821,59.016938131263));
#4534=CARTESIAN_POINT('',(94.0612591411693,-133.695468012306,60.0185190348953));
#4535=CARTESIAN_POINT('',(91.764538382884,-132.81878663118,60.9934191566532));
#4536=CARTESIAN_POINT('',(89.4678176245987,-131.942105250054,61.9683192784112));
#4537=CARTESIAN_POINT('',(87.2169230709122,-130.831595601778,62.9237673303945));
#4538=CARTESIAN_POINT('',(85.0718607962712,-129.528672397849,63.8342922451809));
#4539=CARTESIAN_POINT('',(82.9267985216302,-128.22574919392,64.7448171599673));
#4540=CARTESIAN_POINT('',(80.9044064609138,-126.743565408535,65.6032716582437));
#4541=CARTESIAN_POINT('',(78.9847735300072,-125.101728967468,66.4181074937801));
#4542=CARTESIAN_POINT('',(77.0651405991006,-123.459892526402,67.2329433293165));
#4543=CARTESIAN_POINT('',(75.2422205931779,-121.647134871065,68.0067269637955));
#4544=CARTESIAN_POINT('',(73.5459917512256,-119.727399482906,68.7267333897326));
#4545=CARTESIAN_POINT('',(71.8497629092734,-117.807664094747,69.4467398156697));
#4546=CARTESIAN_POINT('',(70.2851629222169,-115.789660232643,70.1108731076168));
#4547=CARTESIAN_POINT('',(68.8246576619698,-113.683974723777,70.7308208095336));
#4548=CARTESIAN_POINT('',(65.9036471414756,-109.472603706044,71.9707162133671));
#4549=CARTESIAN_POINT('',(63.395925033798,-104.894963604098,73.0351810941076));
#4550=CARTESIAN_POINT('',(61.238818895545,-100.123449317478,73.9508183257075));
#4551=CARTESIAN_POINT('',(59.081712757292,-95.3519350308583,74.8664555573075));
#4552=CARTESIAN_POINT('',(57.2877252977138,-90.4182840534081,75.6279580541878));
#4553=CARTESIAN_POINT('',(55.760509234213,-85.3615219260381,76.2762228123407));
#4554=CARTESIAN_POINT('',(55.6785206064341,85.3907191905464,76.3109102809091));
#4555=CARTESIAN_POINT('',(57.2048066102634,90.4427100437891,75.6630415342515));
#4556=CARTESIAN_POINT('',(58.9931774722919,95.3545683270116,74.9039242186092));
#4557=CARTESIAN_POINT('',(61.1268846042597,100.085407726353,73.9982199656833));
#4558=CARTESIAN_POINT('',(63.2605917362276,104.816247125695,73.0925157127573));
#4559=CARTESIAN_POINT('',(65.7476338047193,109.386236352019,72.0368293296436));
#4560=CARTESIAN_POINT('',(68.6967747532919,113.652794702012,70.7849925258679));
#4561=CARTESIAN_POINT('',(71.6459157018645,117.919353052006,69.5331557220923));
#4562=CARTESIAN_POINT('',(74.9872973000189,121.78762819511,68.1148216643422));
#4563=CARTESIAN_POINT('',(78.8475647466908,125.105435778608,66.476230698083));
#4564=CARTESIAN_POINT('',(80.7776984700268,126.764339570357,65.6569352149534));
#4565=CARTESIAN_POINT('',(82.8219561740603,128.266510245244,64.7891962262852));
#4566=CARTESIAN_POINT('',(84.9404150233335,129.562251323772,63.8899596053634));
#4567=CARTESIAN_POINT('',(87.0588738726067,130.857992402301,62.9907229844415));
#4568=CARTESIAN_POINT('',(89.2624425674889,131.960672676029,62.0553582795875));
#4569=CARTESIAN_POINT('',(91.5681521189287,132.855290531687,61.0766355334002));
#4570=CARTESIAN_POINT('',(93.8738616703684,133.749908387345,60.0979127872129));
#4571=CARTESIAN_POINT('',(96.2845204652069,134.431177005993,59.0746398538163));
#4572=CARTESIAN_POINT('',(98.7081977181671,134.868746987615,58.0458385158474));
#4573=CARTESIAN_POINT('',(101.131874971127,135.306316969237,57.0170371778786));
#4574=CARTESIAN_POINT('',(103.559210158751,135.506016992463,55.9866808625628));
#4575=CARTESIAN_POINT('',(106.012360625424,135.474482032678,54.9453630016782));
#4576=CARTESIAN_POINT('',(108.465511092096,135.442947072893,53.9040451407936));
#4577=CARTESIAN_POINT('',(110.947040469794,135.180403712088,52.8506775772806));
#4578=CARTESIAN_POINT('',(113.369676020741,134.712230530688,51.8223050649273));
#4579=CARTESIAN_POINT('',(115.792311571689,134.244057349288,50.7939325525741));
#4580=CARTESIAN_POINT('',(118.158504342151,133.569547449299,49.7895145723568));
#4581=CARTESIAN_POINT('',(120.495312488188,132.708261712737,48.7975648335082));
#4582=CARTESIAN_POINT('',(122.832120634226,131.846975976176,47.8056150946595));
#4583=CARTESIAN_POINT('',(125.119539276782,130.80357226008,46.8346253794986));
#4584=CARTESIAN_POINT('',(127.31975399391,129.621177155123,45.9006485255174));
#4585=CARTESIAN_POINT('',(129.519968711037,128.438782050165,44.9666716715363));
#4586=CARTESIAN_POINT('',(131.638475639786,127.118427069232,44.0673747524166));
#4587=CARTESIAN_POINT('',(133.688217196769,125.681482682031,43.1972662879034));
#4588=CARTESIAN_POINT('',(137.787700310736,122.807593907629,41.457049358877));
#4589=CARTESIAN_POINT('',(141.655521953868,119.427865129464,39.8151644904014));
#4590=CARTESIAN_POINT('',(145.217479822485,115.776114402749,38.3031214303442));
#4591=CARTESIAN_POINT('',(148.779437691101,112.124363676033,36.791078370287));
#4592=CARTESIAN_POINT('',(152.0446359464,108.205332274401,35.4050114079728));
#4593=CARTESIAN_POINT('',(155.072136696552,104.070057355969,34.1198439031214));
#4594=CARTESIAN_POINT('',(158.099637446704,99.9347824375371,32.8346763982701));
#4595=CARTESIAN_POINT('',(160.895123227618,95.5673769795724,31.6479954441241));
#4596=CARTESIAN_POINT('',(163.457056116133,91.024109307359,30.5604476412582));
#4597=CARTESIAN_POINT('',(166.018989004648,86.4808416351455,29.4728998383923));
#4598=CARTESIAN_POINT('',(168.328313242864,81.794535886666,28.4925719563664));
#4599=CARTESIAN_POINT('',(170.391347407798,77.0203943446097,27.6167851231182));
#4600=CARTESIAN_POINT('',(172.454381572732,72.2462528025534,26.7409982898699));
#4601=CARTESIAN_POINT('',(174.281817306359,67.3636858727535,25.9652234303556));
#4602=CARTESIAN_POINT('',(175.888662687419,62.3883060451516,25.2830497527377));
#4603=CARTESIAN_POINT('',(177.495508068479,57.4129262175497,24.6008760751199));
#4604=CARTESIAN_POINT('',(178.881999434404,52.3417895325878,24.0122197634117));
#4605=CARTESIAN_POINT('',(180.061633486959,47.1732247405507,23.511457675783));
#4606=CARTESIAN_POINT('',(181.241267539513,42.0046599485136,23.0106955881543));
#4607=CARTESIAN_POINT('',(182.204207462019,36.7768638727812,22.6017474384743));
#4608=CARTESIAN_POINT('',(182.958822076435,31.5570773577408,22.28109304437));
#4609=CARTESIAN_POINT('',(184.468051305267,21.11750432766,21.6397842561615));
#4610=CARTESIAN_POINT('',(185.186243182374,10.6253138950981,21.334665700357));
#4611=CARTESIAN_POINT('',(185.190821089096,0.1057359291185,21.3327114084038));
#4612=CARTESIAN_POINT('',(185.193110042457,-5.15405305387127,21.3317342624271));
#4613=CARTESIAN_POINT('',(185.014893086895,-10.4217763847953,21.4074673037031));
#4614=CARTESIAN_POINT('',(184.648024783635,-15.69801534893,21.5633580994877));
#4615=CARTESIAN_POINT('',(184.281156480375,-20.9742543130647,21.7192488952723));
#4616=CARTESIAN_POINT('',(183.72180018731,-26.2743261794825,21.9569083733333));
#4617=CARTESIAN_POINT('',(182.964218644237,-31.5197497397804,22.2788001719585));
#4618=CARTESIAN_POINT('',(181.44905555809,-42.0105968603763,22.9225837692089));
#4619=CARTESIAN_POINT('',(179.149649072437,-52.248399158005,23.8986425670139));
#4620=CARTESIAN_POINT('',(175.948573908129,-62.2023886003736,25.2576155207314));
#4621=CARTESIAN_POINT('',(174.348036325975,-67.1793833215578,25.9371019975902));
#4622=CARTESIAN_POINT('',(172.517608926909,-72.0913834022434,26.7141549475392));
#4623=CARTESIAN_POINT('',(170.43782146643,-76.9127560674174,27.5970561939076));
#4624=CARTESIAN_POINT('',(168.35803400595,-81.7341287325914,28.4799574402759));
#4625=CARTESIAN_POINT('',(166.041231621425,-86.4351375740483,29.463457467995));
#4626=CARTESIAN_POINT('',(163.503741744864,-90.9412525782361,30.5406294543244));
#4627=CARTESIAN_POINT('',(160.966251868303,-95.4473675824239,31.6178014406539));
#4628=CARTESIAN_POINT('',(158.198128600844,-99.7869357570824,32.7928670195746));
#4629=CARTESIAN_POINT('',(155.169313976158,-103.937128377567,34.0785923593512));
#4630=CARTESIAN_POINT('',(152.140499351472,-108.087320998052,35.3643176991278));
#4631=CARTESIAN_POINT('',(148.830862136006,-112.065369729069,36.7692488264153));
#4632=CARTESIAN_POINT('',(145.269241256026,-115.723010289337,38.2811488200722));
#4633=CARTESIAN_POINT('',(141.707620376045,-119.380650849604,39.7930488137292));
#4634=CARTESIAN_POINT('',(137.916862065234,-122.706899405494,41.4022205728266));
#4635=CARTESIAN_POINT('',(133.792488267701,-125.608232203706,43.153003561458));
#4636=CARTESIAN_POINT('',(131.730301368934,-127.058898602812,44.0283950557736));
#4637=CARTESIAN_POINT('',(129.583553441898,-128.400521180002,44.9396802441547));
#4638=CARTESIAN_POINT('',(127.384549376808,-129.586307541551,45.8731433055495));
#4639=CARTESIAN_POINT('',(125.185545311718,-130.7720939031,46.8066063669443));
#4640=CARTESIAN_POINT('',(122.934714510816,-131.802326298933,47.762064951893));
#4641=CARTESIAN_POINT('',(120.622732327551,-132.661148902066,48.7434764889443));
#4642=CARTESIAN_POINT('',(118.310750144285,-133.519971505199,49.7248880259955));
#4643=CARTESIAN_POINT('',(115.914931730615,-134.209978237011,50.7418818954287));
#4644=CARTESIAN_POINT('',(113.488705554359,-134.688926986128,51.7717788057846));
#4645=CARTESIAN_POINT('',(111.062479378102,-135.167875735246,52.8016757161406));
#4646=CARTESIAN_POINT('',(108.625864397901,-135.432525139965,53.8359779769048));
#4647=CARTESIAN_POINT('',(106.182306252413,-135.472113287677,54.8732241649993));
#4648=CARTESIAN_POINT('',(103.738748106926,-135.511701435388,55.9104703530938));
#4649=CARTESIAN_POINT('',(101.262724493066,-135.320074814842,56.9614941297344));
#4650=CARTESIAN_POINT('',(98.8304907436931,-134.890578055265,57.9939276296858));
#4651=CARTESIAN_POINT('',(96.3982569943197,-134.461081295688,59.0263611296371));
#4652=CARTESIAN_POINT('',(94.0336132724274,-133.799883233638,60.0301016883379));
#4653=CARTESIAN_POINT('',(91.7323164672188,-132.918594609072,61.0069513933555));
#4654=CARTESIAN_POINT('',(89.4310196620103,-132.037305984506,61.9838010983732));
#4655=CARTESIAN_POINT('',(87.1760174090851,-130.922363157402,62.9409982416155));
#4656=CARTESIAN_POINT('',(85.0273008052403,-129.615267934886,63.8530786067485));
#4657=CARTESIAN_POINT('',(82.8785842013955,-128.308172712371,64.7651589718815));
#4658=CARTESIAN_POINT('',(80.8530067985418,-126.822102441945,65.6249686192083));
#4659=CARTESIAN_POINT('',(78.9305162392288,-125.176596541689,66.441019778297));
#4660=CARTESIAN_POINT('',(77.0080256799157,-123.531090641434,67.2570709373857));
#4661=CARTESIAN_POINT('',(75.1825713002238,-121.714868417124,68.0319319452421));
#4662=CARTESIAN_POINT('',(73.4840958604496,-119.791909719664,68.7528931183422));
#4663=CARTESIAN_POINT('',(71.7856204206753,-117.868951022204,69.4738542914423));
#4664=CARTESIAN_POINT('',(70.2190647802993,-115.847971698795,70.1388183564303));
#4665=CARTESIAN_POINT('',(68.7568012405821,-113.739490611569,70.7595127784502));
#4666=CARTESIAN_POINT('',(65.8322741611477,-109.522528437119,72.00090162249));
#4667=CARTESIAN_POINT('',(63.3218182938604,-104.940009956789,73.0665265944229));
#4668=CARTESIAN_POINT('',(61.1624379772189,-100.16415653053,73.9831284656891));
#4669=CARTESIAN_POINT('',(59.0030576605774,-95.3883031042706,74.8997303369552));
#4670=CARTESIAN_POINT('',(57.2072746931745,-90.4508793696327,75.661993897066));
#4671=CARTESIAN_POINT('',(55.6785206064211,-85.3907191905031,76.3109102809146));
#4672=CARTESIAN_POINT('',(55.5988115973196,85.4189052392715,76.3431013384544));
#4673=CARTESIAN_POINT('',(57.1265836762824,90.4741734907574,75.694619597894));
#4674=CARTESIAN_POINT('',(58.916683236321,95.3896572761376,74.9347841489469));
#4675=CARTESIAN_POINT('',(61.0525618291514,100.124642835588,74.028168243574));
#4676=CARTESIAN_POINT('',(63.1884404219817,104.859628395039,73.121552338201));
#4677=CARTESIAN_POINT('',(65.6780946465124,109.434292820111,72.0647621971047));
#4678=CARTESIAN_POINT('',(68.6306485979106,113.706293366981,70.8114660627105));
#4679=CARTESIAN_POINT('',(71.5832025493089,117.97829391385,69.5581699283163));
#4680=CARTESIAN_POINT('',(74.9287183029491,121.852667643938,68.138056322818));
#4681=CARTESIAN_POINT('',(78.7944895642871,125.17758254409,66.4970622367014));
#4682=CARTESIAN_POINT('',(80.7273751949562,126.840039994166,65.6765651936431));
#4683=CARTESIAN_POINT('',(82.7747251611743,128.34600157391,64.8074693062303));
#4684=CARTESIAN_POINT('',(84.8966444822699,129.645716903401,63.9067034668567));
#4685=CARTESIAN_POINT('',(87.0185638033655,130.945432232893,63.0059376274832));
#4686=CARTESIAN_POINT('',(89.2259665922341,132.052289225567,62.0688692225034));
#4687=CARTESIAN_POINT('',(91.5360554581897,132.951358760653,61.0881851152227));
#4688=CARTESIAN_POINT('',(93.8461443241454,133.85042829574,60.107501007942));
#4689=CARTESIAN_POINT('',(96.2617404303868,134.536431348487,59.0820028105009));
#4690=CARTESIAN_POINT('',(98.6908877129504,134.978876895907,58.0507151253374));
#4691=CARTESIAN_POINT('',(101.120034995514,135.421322443327,57.0194274401738));
#4692=CARTESIAN_POINT('',(103.553277869444,135.626010967191,55.9863657181936));
#4693=CARTESIAN_POINT('',(106.013064680382,135.599649900753,54.9419813418765));
#4694=CARTESIAN_POINT('',(108.472851491321,135.573288834315,53.8975969655595));
#4695=CARTESIAN_POINT('',(110.961817078983,135.316108180069,52.8407709204615));
#4696=CARTESIAN_POINT('',(113.392384655111,134.853304985273,51.8086713151139));
#4697=CARTESIAN_POINT('',(115.822952231239,134.390501790477,50.7765717097664));
#4698=CARTESIAN_POINT('',(118.197647203971,133.721368577134,49.7681260611962));
#4699=CARTESIAN_POINT('',(120.543743134394,132.865415258825,48.7717427773551));
#4700=CARTESIAN_POINT('',(122.889839064817,132.009461940515,47.775359493514));
#4701=CARTESIAN_POINT('',(125.187190016824,130.971331637822,46.7995926842513));
#4702=CARTESIAN_POINT('',(127.397720841612,129.793856058778,45.8606251950745));
#4703=CARTESIAN_POINT('',(129.608251666399,128.616380479733,44.9216577058978));
#4704=CARTESIAN_POINT('',(131.737447671589,127.300602584369,44.0171615831736));
#4705=CARTESIAN_POINT('',(133.798032385114,125.867685347338,43.1417661300916));
#4706=CARTESIAN_POINT('',(137.919201812165,123.001850873277,41.3909752239276));
#4707=CARTESIAN_POINT('',(141.809344860224,119.62792507238,39.7381587457244));
#4708=CARTESIAN_POINT('',(145.392405375042,115.979202438048,38.215811856948));
#4709=CARTESIAN_POINT('',(148.975465889859,112.330479803715,36.6934649681715));
#4710=CARTESIAN_POINT('',(152.260623339692,108.41191897023,35.297678681718));
#4711=CARTESIAN_POINT('',(155.307672400842,104.275388760605,34.003001330875));
#4712=CARTESIAN_POINT('',(158.354721461991,100.138858550981,32.7083239800321));
#4713=CARTESIAN_POINT('',(161.169433808766,95.7685094126973,31.5122936451588));
#4714=CARTESIAN_POINT('',(163.751209905655,91.2211519045464,30.4150726829833));
#4715=CARTESIAN_POINT('',(166.332986002543,86.6737943963955,29.3178517208078));
#4716=CARTESIAN_POINT('',(168.662666090447,81.9822640894775,28.3275682279562));
#4717=CARTESIAN_POINT('',(170.747226700115,77.2019540813342,27.4412460760257));
#4718=CARTESIAN_POINT('',(172.831787309784,72.4216440731908,26.5549239240952));
#4719=CARTESIAN_POINT('',(174.682077910754,67.5319396782189,25.767993632006));
#4720=CARTESIAN_POINT('',(176.313019840103,62.548225287873,25.0739617975531));
#4721=CARTESIAN_POINT('',(177.943961769451,57.5645108975271,24.3799299631003));
#4722=CARTESIAN_POINT('',(179.355911637315,52.4837195573041,23.7787192198815));
#4723=CARTESIAN_POINT('',(180.560972531947,47.3040839330782,23.2657943427654));
#4724=CARTESIAN_POINT('',(181.766033426579,42.1244483088523,22.7528694656494));
#4725=CARTESIAN_POINT('',(182.753505044787,36.8844604500156,22.3315911840971));
#4726=CARTESIAN_POINT('',(183.528956610257,31.6508623009098,21.9998564126887));
#4727=CARTESIAN_POINT('',(185.079859741196,21.1836660026981,21.3363868698718));
#4728=CARTESIAN_POINT('',(185.824695857815,10.6586336060792,21.0178432107202));
#4729=CARTESIAN_POINT('',(185.829448486551,0.106074818375638,21.0157650484696));
#4730=CARTESIAN_POINT('',(185.831824800918,-5.17020457547614,21.0147259673443));
#4731=CARTESIAN_POINT('',(185.647428248654,-10.4544380292183,21.093663354311));
#4732=CARTESIAN_POINT('',(185.268713008046,-15.7465587312091,21.2557205996444));
#4733=CARTESIAN_POINT('',(184.889997767439,-21.0386794331999,21.4177778449778));
#4734=CARTESIAN_POINT('',(184.313047004258,-26.3540162736245,21.6645388873159));
#4735=CARTESIAN_POINT('',(183.534506964786,-31.6134027738228,21.9974833282621));
#4736=CARTESIAN_POINT('',(181.977426885843,-42.1321757742193,22.6633722101544));
#4737=CARTESIAN_POINT('',(179.623162311628,-52.3912938804102,23.6654407273663));
#4738=CARTESIAN_POINT('',(176.373834595105,-62.3619912239445,25.0480853921641));
#4739=CARTESIAN_POINT('',(174.749170736844,-67.3473398957117,25.739407724563));
#4740=CARTESIAN_POINT('',(172.895717395791,-72.2665685987694,26.5277276547801));
#4741=CARTESIAN_POINT('',(170.794187979481,-77.0941722861836,27.4212786688821));
#4742=CARTESIAN_POINT('',(168.692658563171,-81.9217759735978,28.3148296829842));
#4743=CARTESIAN_POINT('',(166.355432437244,-86.6280314320105,29.3083091328418));
#4744=CARTESIAN_POINT('',(163.798260023017,-91.1382156931546,30.3950769759399));
#4745=CARTESIAN_POINT('',(161.24108760879,-95.6483999542988,31.4818448190381));
#4746=CARTESIAN_POINT('',(158.453865880847,-99.9909413966839,32.6661961862435));
#4747=CARTESIAN_POINT('',(155.405472305727,-104.142426140192,33.9614465632715));
#4748=CARTESIAN_POINT('',(152.357078730606,-108.2939108837,35.2566969402995));
#4749=CARTESIAN_POINT('',(149.027197050017,-112.271510253319,36.6714856123478));
#4750=CARTESIAN_POINT('',(145.444470638746,-115.926145155687,38.1936907121102));
#4751=CARTESIAN_POINT('',(141.861744227476,-119.580780058055,39.7158958118726));
#4752=CARTESIAN_POINT('',(138.049058398552,-122.901397168469,41.3358060703052));
#4753=CARTESIAN_POINT('',(133.902862513801,-125.794634270335,43.0972312485931));
#4754=CARTESIAN_POINT('',(131.829764571426,-127.241252821269,43.9779438377371));
#4755=CARTESIAN_POINT('',(129.672134750041,-128.57826216985,44.8945203493342));
#4756=CARTESIAN_POINT('',(127.462815028119,-129.759134198196,45.8329750976791));
#4757=CARTESIAN_POINT('',(125.253495306197,-130.940006226542,46.771429846024));
#4758=CARTESIAN_POINT('',(122.992859162702,-131.965052086947,47.7316042700114));
#4759=CARTESIAN_POINT('',(120.671675134082,-132.818591367321,48.7174101985411));
#4760=CARTESIAN_POINT('',(118.350491105461,-133.672130647695,49.7032161270708));
#4761=CARTESIAN_POINT('',(115.945984081861,-134.356701658644,50.7243251451966));
#4762=CARTESIAN_POINT('',(113.511773889745,-134.830271598844,51.7579745859736));
#4763=CARTESIAN_POINT('',(111.077563697628,-135.303841539044,52.7916240267506));
#4764=CARTESIAN_POINT('',(108.63370061172,-135.56321215038,53.8293012002282));
#4765=CARTESIAN_POINT('',(106.183493935576,-135.597639493882,54.8696198902246));
#4766=CARTESIAN_POINT('',(103.733287259432,-135.632066837385,55.909938580221));
#4767=CARTESIAN_POINT('',(101.251166558498,-135.435340672211,56.9637544224118));
#4768=CARTESIAN_POINT('',(98.8134443730817,-135.000951799784,57.9986839986996));
#4769=CARTESIAN_POINT('',(96.3757221876658,-134.566562927358,59.0336135749874));
#4770=CARTESIAN_POINT('',(94.0062208950702,-133.900717092991,60.0395437855495));
#4771=CARTESIAN_POINT('',(91.7005330711819,-133.014980285151,61.0183606716752));
#4772=CARTESIAN_POINT('',(89.3948452472937,-132.12924347731,61.9971775578009));
#4773=CARTESIAN_POINT('',(87.1358970264411,-131.010018439516,62.9561286190567));
#4774=CARTESIAN_POINT('',(84.9836705651874,-129.698895484713,63.8697604319004));
#4775=CARTESIAN_POINT('',(82.8314441039337,-128.387772529911,64.7833922447441));
#4776=CARTESIAN_POINT('',(80.8028023889662,-126.897948117216,65.6445465862063));
#4777=CARTESIAN_POINT('',(78.8775612707717,-125.248897648014,66.4617988468576));
#4778=CARTESIAN_POINT('',(76.9523201525773,-123.599847178813,67.2790511075088));
#4779=CARTESIAN_POINT('',(75.1244243233208,-121.780277579477,68.0549714125262));
#4780=CARTESIAN_POINT('',(73.4237844569141,-119.854205795041,68.7768674523822));
#4781=CARTESIAN_POINT('',(71.7231445905074,-117.928134010604,69.4987634922382));
#4782=CARTESIAN_POINT('',(70.1547034872776,-115.90428066799,70.1645371812086));
#4783=CARTESIAN_POINT('',(68.6907436706128,-113.793098697056,70.7859569846577));
#4784=CARTESIAN_POINT('',(65.7628240372831,-109.570734755188,72.0287965915557));
#4785=CARTESIAN_POINT('',(63.2497281458257,-104.983503343432,73.095537458952));
#4786=CARTESIAN_POINT('',(61.0881505790459,-100.203458920206,74.0130618942682));
#4787=CARTESIAN_POINT('',(58.9265730122661,-95.4234144969798,74.9305863295843));
#4788=CARTESIAN_POINT('',(57.1290540355151,-90.4823476964718,75.6935710232361));
#4789=CARTESIAN_POINT('',(55.5988115973025,-85.418905239215,76.3431013384617));
#4790=CARTESIAN_POINT('',(55.5191025882051,85.4470912879966,76.3752923959998));
#4791=CARTESIAN_POINT('',(57.0483607423015,90.5056369377257,75.7261976615365));
#4792=CARTESIAN_POINT('',(58.8401890003502,95.4247462252636,74.9656440792846));
#4793=CARTESIAN_POINT('',(60.978239054043,100.163877944823,74.0581165214647));
#4794=CARTESIAN_POINT('',(63.1162891077358,104.903009664383,73.1505889636447));
#4795=CARTESIAN_POINT('',(65.6085554883055,109.482349288203,72.0926950645658));
#4796=CARTESIAN_POINT('',(68.5645224425294,113.759792031949,70.8379395995531));
#4797=CARTESIAN_POINT('',(71.5204893967533,118.037234775694,69.5831841345403));
#4798=CARTESIAN_POINT('',(74.8701393058792,121.917707092766,68.1612909812938));
#4799=CARTESIAN_POINT('',(78.7414143818834,125.249729309572,66.5178937753199));
#4800=CARTESIAN_POINT('',(80.6770519198855,126.915740417975,65.6961951723329));
#4801=CARTESIAN_POINT('',(82.7274941482884,128.425492902576,64.8257423861754));
#4802=CARTESIAN_POINT('',(84.8528739412064,129.729182483031,63.9234473283501));
#4803=CARTESIAN_POINT('',(86.9782537341244,131.032872063485,63.0211522705248));
#4804=CARTESIAN_POINT('',(89.1894906169793,132.143905775104,62.0823801654193));
#4805=CARTESIAN_POINT('',(91.5039587974508,133.04742698962,61.0997346970452));
#4806=CARTESIAN_POINT('',(93.8184269779223,133.950948204135,60.1170892286711));
#4807=CARTESIAN_POINT('',(96.2389603955667,134.64168569098,59.0893657671855));
#4808=CARTESIAN_POINT('',(98.6735777077337,135.089006804199,58.0555917348273));
#4809=CARTESIAN_POINT('',(101.108195019901,135.536327917418,57.0218177024691));
#4810=CARTESIAN_POINT('',(103.547345580136,135.74600494192,55.9860505738243));
#4811=CARTESIAN_POINT('',(106.013768735341,135.724817768829,54.9385996820749));
#4812=CARTESIAN_POINT('',(108.480191890545,135.703630595737,53.8911487903254));
#4813=CARTESIAN_POINT('',(110.976593688173,135.451812648051,52.8308642636424));
#4814=CARTESIAN_POINT('',(113.415093289481,134.994379439859,51.7950375653006));
#4815=CARTESIAN_POINT('',(115.853592890789,134.536946231667,50.7592108669588));
#4816=CARTESIAN_POINT('',(118.23679006579,133.873189704969,49.7467375500357));
#4817=CARTESIAN_POINT('',(120.592173780599,133.022568804912,48.745920721202));
#4818=CARTESIAN_POINT('',(122.947557495408,132.171947904854,47.7451038923684));
#4819=CARTESIAN_POINT('',(125.254840756866,131.139091015564,46.7645599890041));
#4820=CARTESIAN_POINT('',(127.475687689314,129.966534962433,45.8206018646317));
#4821=CARTESIAN_POINT('',(129.696534621762,128.793978909302,44.8766437402593));
#4822=CARTESIAN_POINT('',(131.836419703392,127.482778099506,43.9669484139306));
#4823=CARTESIAN_POINT('',(133.907847573459,126.053888012645,43.0862659722798));
#4824=CARTESIAN_POINT('',(138.050703313594,123.196107838925,41.3249010889783));
#4825=CARTESIAN_POINT('',(141.963167766581,119.827985015296,39.6611530010473));
#4826=CARTESIAN_POINT('',(145.567330927598,116.182290473347,38.1285022835517));
#4827=CARTESIAN_POINT('',(149.171494088616,112.536595931397,36.5958515660561));
#4828=CARTESIAN_POINT('',(152.476610732985,108.61850566606,35.1903459554632));
#4829=CARTESIAN_POINT('',(155.543208105131,104.480720165242,33.8861587586286));
#4830=CARTESIAN_POINT('',(158.609805477277,100.342934664424,32.5819715617941));
#4831=CARTESIAN_POINT('',(161.443744389914,95.9696418458221,31.3765918461935));
#4832=CARTESIAN_POINT('',(164.045363695176,91.4181945017338,30.2696977247084));
#4833=CARTESIAN_POINT('',(166.646983000438,86.8667471576455,29.1628036032233));
#4834=CARTESIAN_POINT('',(168.99701893803,82.169992292289,28.1625644995461));
#4835=CARTESIAN_POINT('',(171.103105992432,77.3835138180586,27.2657070289333));
#4836=CARTESIAN_POINT('',(173.209193046835,72.5970353438283,26.3688495583205));
#4837=CARTESIAN_POINT('',(175.082338515149,67.7001934836844,25.5707638336563));
#4838=CARTESIAN_POINT('',(176.737376992787,62.7081445305945,24.8648738423685));
#4839=CARTESIAN_POINT('',(178.392415470424,57.7160955775046,24.1589838510807));
#4840=CARTESIAN_POINT('',(179.829823840226,52.6256495820205,23.5452186763513));
#4841=CARTESIAN_POINT('',(181.060311576935,47.4349431256057,23.0201310097479));
#4842=CARTESIAN_POINT('',(182.290799313645,42.244236669191,22.4950433431445));
#4843=CARTESIAN_POINT('',(183.302802627556,36.99205702725,22.06143492972));
#4844=CARTESIAN_POINT('',(184.099091144079,31.7446472440787,21.7186197810074));
#4845=CARTESIAN_POINT('',(185.691668177124,21.2498276777361,21.0329894835822));
#4846=CARTESIAN_POINT('',(186.463148533256,10.6919533170604,20.7010207210834));
#4847=CARTESIAN_POINT('',(186.468075884005,0.106413707632776,20.6988186885355));
#4848=CARTESIAN_POINT('',(186.470539559379,-5.18635609708102,20.6977176722615));
#4849=CARTESIAN_POINT('',(186.279963410412,-10.4870996736414,20.7798594049189));
#4850=CARTESIAN_POINT('',(185.889401232457,-15.7951021134882,20.9480830998011));
#4851=CARTESIAN_POINT('',(185.498839054503,-21.1031045533352,21.1163067946833));
#4852=CARTESIAN_POINT('',(184.904293821205,-26.4337063677666,21.3721694012985));
#4853=CARTESIAN_POINT('',(184.104795285335,-31.7070558078652,21.7161664845657));
#4854=CARTESIAN_POINT('',(182.505798213596,-42.2537546880624,22.4041606511));
#4855=CARTESIAN_POINT('',(180.096675550818,-52.5341886028153,23.4322388877187));
#4856=CARTESIAN_POINT('',(176.799095282082,-62.5215938475154,24.8385552635968));
#4857=CARTESIAN_POINT('',(175.150305147714,-67.5152964698655,25.5417134515358));
#4858=CARTESIAN_POINT('',(173.273825864672,-72.4417537952954,26.341300362021));
#4859=CARTESIAN_POINT('',(171.150554492532,-77.2755885049498,27.2455011438567));
#4860=CARTESIAN_POINT('',(169.027283120393,-82.1094232146041,28.1497019256924));
#4861=CARTESIAN_POINT('',(166.669633253064,-86.8209252899726,29.1531607976886));
#4862=CARTESIAN_POINT('',(164.09277830117,-91.3351788080731,30.2495244975554));
#4863=CARTESIAN_POINT('',(161.515923349276,-95.8494323261737,31.3458881974223));
#4864=CARTESIAN_POINT('',(158.709603160849,-100.194947036285,32.5395253529124));
#4865=CARTESIAN_POINT('',(155.641630635295,-104.347723902817,33.8443007671918));
#4866=CARTESIAN_POINT('',(152.57365810974,-108.500500769349,35.1490761814713));
#4867=CARTESIAN_POINT('',(149.223531964028,-112.477650777569,36.5737223982804));
#4868=CARTESIAN_POINT('',(145.619700021467,-116.129280022037,38.1062326041482));
#4869=CARTESIAN_POINT('',(142.015868078906,-119.780909266505,39.638742810016));
#4870=CARTESIAN_POINT('',(138.18125473187,-123.095894931443,41.2693915677838));
#4871=CARTESIAN_POINT('',(134.013236759902,-125.981036336965,43.0414589357283));
#4872=CARTESIAN_POINT('',(131.929227773917,-127.423607039725,43.9274926197005));
#4873=CARTESIAN_POINT('',(129.760716058184,-128.756003159698,44.8493604545138));
#4874=CARTESIAN_POINT('',(127.541080679431,-129.93196085484,45.7928068898088));
#4875=CARTESIAN_POINT('',(125.321445300677,-131.107918549983,46.7362533251037));
#4876=CARTESIAN_POINT('',(123.051003814588,-132.127777874962,47.7011435881299));
#4877=CARTESIAN_POINT('',(120.720617940613,-132.976033832577,48.691343908138));
#4878=CARTESIAN_POINT('',(118.390232066637,-133.824289790191,49.6815442281461));
#4879=CARTESIAN_POINT('',(115.977036433107,-134.503425080277,50.7067683949645));
#4880=CARTESIAN_POINT('',(113.53484222513,-134.971616211559,51.7441703661626));
#4881=CARTESIAN_POINT('',(111.092648017153,-135.439807342841,52.7815723373607));
#4882=CARTESIAN_POINT('',(108.641536825539,-135.693899160794,53.8226244235515));
#4883=CARTESIAN_POINT('',(106.184681618739,-135.723165700088,54.8660156154499));
#4884=CARTESIAN_POINT('',(103.727826411939,-135.752432239381,55.9094068073482));
#4885=CARTESIAN_POINT('',(101.239608623929,-135.55060652958,56.9660147150891));
#4886=CARTESIAN_POINT('',(98.7963980024703,-135.111325544304,58.0034403677133));
#4887=CARTESIAN_POINT('',(96.3531873810118,-134.672044559028,59.0408660203376));
#4888=CARTESIAN_POINT('',(93.978828517713,-134.001550952344,60.0489858827611));
#4889=CARTESIAN_POINT('',(91.6687496751451,-133.111365961229,61.0297699499948));
#4890=CARTESIAN_POINT('',(89.3586708325771,-132.221180970114,62.0105540172285));
#4891=CARTESIAN_POINT('',(87.0957766437971,-131.097673721631,62.9712589964979));
#4892=CARTESIAN_POINT('',(84.9400403251345,-129.78252303454,63.8864422570523));
#4893=CARTESIAN_POINT('',(82.7843040064719,-128.46737234745,64.8016255176068));
#4894=CARTESIAN_POINT('',(80.7525979793905,-126.973793792487,65.6641245532043));
#4895=CARTESIAN_POINT('',(78.8246063023147,-125.32119875434,66.4825779154181));
#4896=CARTESIAN_POINT('',(76.8966146252388,-123.668603716192,67.301031277632));
#4897=CARTESIAN_POINT('',(75.0662773464178,-121.84568674183,68.0780108798103));
#4898=CARTESIAN_POINT('',(73.3634730533786,-119.916501870417,68.8008417864222));
#4899=CARTESIAN_POINT('',(71.6606687603394,-117.987316999004,69.5236726930341));
#4900=CARTESIAN_POINT('',(70.090342194256,-115.960589637186,70.190256005987));
#4901=CARTESIAN_POINT('',(68.6246861006435,-113.846706782543,70.8124011908651));
#4902=CARTESIAN_POINT('',(65.6933739134184,-109.618941073258,72.0566915606214));
#4903=CARTESIAN_POINT('',(63.177637997791,-105.026996730075,73.1245483234811));
#4904=CARTESIAN_POINT('',(61.0138631808729,-100.242761309882,74.0429953228473));
#4905=CARTESIAN_POINT('',(58.8500883639547,-95.458525889689,74.9614423222134));
#4906=CARTESIAN_POINT('',(57.0508333778557,-90.513816023311,75.7251481494063));
#4907=CARTESIAN_POINT('',(55.519102588184,-85.447091287927,76.3752923960087));
#4908=CARTESIAN_POINT('',(55.4416001664768,85.4742982632629,76.4050634971944));
#4909=CARTESIAN_POINT('',(56.9722960879415,90.5360096313303,75.7553923811899));
#4910=CARTESIAN_POINT('',(58.7657951091567,95.4586189095586,74.9941594143671));
#4911=CARTESIAN_POINT('',(60.9059433952339,100.201756141748,74.0857603996915));
#4912=CARTESIAN_POINT('',(63.0460916813111,104.944893373937,73.1773613850159));
#4913=CARTESIAN_POINT('',(65.5408815466895,109.528750401341,72.1184059157448));
#4914=CARTESIAN_POINT('',(68.5001392612761,113.811448039279,70.8622334096042));
#4915=CARTESIAN_POINT('',(71.4593969758627,118.094145677217,69.6060609034637));
#4916=CARTESIAN_POINT('',(74.8130352158136,121.980511927358,68.1824277392124));
#4917=CARTESIAN_POINT('',(78.6896032954516,125.319394101603,66.536656336746));
#4918=CARTESIAN_POINT('',(80.6278873352706,126.988835188726,65.7137706355128));
#4919=CARTESIAN_POINT('',(82.6813042231742,128.502249067112,64.8419707404215));
#4920=CARTESIAN_POINT('',(84.810009607533,129.809775362456,63.9381490639769));
#4921=CARTESIAN_POINT('',(86.9387149918919,131.1173016578,63.0343273875322));
#4922=CARTESIAN_POINT('',(89.1536315951458,132.232365810318,62.0938480453165));
#4923=CARTESIAN_POINT('',(91.4722990463609,133.140181230249,61.1092247641099));
#4924=CARTESIAN_POINT('',(93.7909664975759,134.04799665018,60.1246014829033));
#4925=CARTESIAN_POINT('',(96.2162291017755,134.743299255989,59.094623672285));
#4926=CARTESIAN_POINT('',(98.6560840763862,135.195319160264,58.0583126446193));
#4927=CARTESIAN_POINT('',(101.095939050997,135.647339064539,57.0220016169537));
#4928=CARTESIAN_POINT('',(103.540720987996,135.861818793377,55.9834667502772));
#4929=CARTESIAN_POINT('',(106.013469518267,135.845604107261,54.9328544816427));
#4930=CARTESIAN_POINT('',(108.486218048539,135.829389421145,53.8822422130082));
#4931=CARTESIAN_POINT('',(110.989732538825,135.582716321065,52.8183617200103));
#4932=CARTESIAN_POINT('',(113.435763360591,135.130426557398,51.7786497496351));
#4933=CARTESIAN_POINT('',(115.881794182356,134.678136793731,50.7389377792598));
#4934=CARTESIAN_POINT('',(118.273037168265,134.019518672957,49.7222484768951));
#4935=CARTESIAN_POINT('',(120.637206491018,133.17396301887,48.7167622322992));
#4936=CARTESIAN_POINT('',(123.001375813771,132.328407364782,47.7112759877033));
#4937=CARTESIAN_POINT('',(125.31801867887,131.3005401456,46.7256842193411));
#4938=CARTESIAN_POINT('',(127.548552367678,130.132603544665,45.7764408950242));
#4939=CARTESIAN_POINT('',(129.779086056485,128.96466694373,44.8271975707074));
#4940=CARTESIAN_POINT('',(131.928968044626,127.657728658276,43.9119876233937));
#4941=CARTESIAN_POINT('',(134.010500972243,126.232549249504,43.0256995243945));
#4942=CARTESIAN_POINT('',(138.173566827477,123.38219043196,41.2531233263961));
#4943=CARTESIAN_POINT('',(142.106647590909,120.019251522626,39.5778129844415));
#4944=CARTESIAN_POINT('',(145.730219458753,116.376113445948,38.0343158165706));
#4945=CARTESIAN_POINT('',(149.353791326597,112.732975369271,36.4908186486997));
#4946=CARTESIAN_POINT('',(152.677182100239,108.815033922117,35.075130742783));
#4947=CARTESIAN_POINT('',(155.761662868216,104.675791921039,33.7609897909985));
#4948=CARTESIAN_POINT('',(158.846143636193,100.536549919962,32.446848839214));
#4949=CARTESIAN_POINT('',(161.69764631096,96.1602383290248,31.2316922756551));
#4950=CARTESIAN_POINT('',(164.317370826288,91.6047052863473,30.1146674982452));
#4951=CARTESIAN_POINT('',(166.937095341616,87.0491722436697,28.9976427208352));
#4952=CARTESIAN_POINT('',(169.305695877954,82.3472736572448,27.9869514802647));
#4953=CARTESIAN_POINT('',(171.431350338537,77.5547524332423,27.0790477408667));
#4954=CARTESIAN_POINT('',(173.557004799119,72.7622312092398,26.1711440014687));
#4955=CARTESIAN_POINT('',(175.450818224741,67.8584086314124,25.3614145501439));
#4956=CARTESIAN_POINT('',(177.127741647145,62.858332985009,24.6430602884513));
#4957=CARTESIAN_POINT('',(178.80466506955,57.8582573386056,23.9247060267587));
#4958=CARTESIAN_POINT('',(180.265212308253,52.7584949407346,23.2977308883041));
#4959=CARTESIAN_POINT('',(181.518449218521,47.5571896434414,22.7602175436791));
#4960=CARTESIAN_POINT('',(182.771686128789,42.3558843461482,22.2227041990542));
#4961=CARTESIAN_POINT('',(183.806362985554,37.0926032215772,21.7758763630514));
#4962=CARTESIAN_POINT('',(184.622540140961,31.8324053490787,21.4206168116516));
#4963=CARTESIAN_POINT('',(186.254894451775,21.3120096040815,20.7100977088519));
#4964=CARTESIAN_POINT('',(187.050876400892,10.723184699556,20.3638498838288));
#4965=CARTESIAN_POINT('',(187.056002220921,0.106734942475063,20.3614809665662));
#4966=CARTESIAN_POINT('',(187.058565130935,-5.20148993606538,20.3602965079349));
#4967=CARTESIAN_POINT('',(186.862198638739,-10.5177104935994,20.4459413528284));
#4968=CARTESIAN_POINT('',(186.46050445594,-15.8405784997469,20.6209393327726));
#4969=CARTESIAN_POINT('',(186.058810273141,-21.1634465058944,20.7959373127168));
#4970=CARTESIAN_POINT('',(185.447799102514,-26.5083309343737,21.0617481268823));
#4971=CARTESIAN_POINT('',(184.628392288857,-31.7946731314192,21.4180737976462));
#4972=CARTESIAN_POINT('',(182.989578661544,-42.3673575255103,22.130725139174));
#4973=CARTESIAN_POINT('',(180.531590154761,-52.6679492453862,23.1851599612811));
#4974=CARTESIAN_POINT('',(177.190278777018,-62.6714729713055,24.616279070895));
#4975=CARTESIAN_POINT('',(175.519623088146,-67.6732348342652,25.331838625702));
#4976=CARTESIAN_POINT('',(173.622285600272,-72.6067573238623,26.1432157265612));
#4977=CARTESIAN_POINT('',(171.479242650832,-77.4466851701728,27.0585914435268));
#4978=CARTESIAN_POINT('',(169.336199701391,-82.2866130164834,27.9739671604923));
#4979=CARTESIAN_POINT('',(166.959935356051,-87.003289470955,28.9878927939485));
#4980=CARTESIAN_POINT('',(164.365119262242,-91.521608358242,30.0943079680236));
#4981=CARTESIAN_POINT('',(161.770303168433,-96.039927245529,31.2007231420987));
#4982=CARTESIAN_POINT('',(158.946531206966,-100.388493736757,32.4040719665297));
#4983=CARTESIAN_POINT('',(155.860652483438,-104.542758453073,33.718815185827));
#4984=CARTESIAN_POINT('',(152.774773759911,-108.69702316939,35.0335584051243));
#4985=CARTESIAN_POINT('',(149.406107904905,-112.674051174155,36.4685330832693));
#4986=CARTESIAN_POINT('',(145.782866677329,-116.323144109346,38.0118901753595));
#4987=CARTESIAN_POINT('',(142.159625449753,-119.972237044537,39.5552472674498));
#4988=CARTESIAN_POINT('',(138.304756909434,-123.282203856508,41.1972551166444));
#4989=CARTESIAN_POINT('',(134.116414215424,-126.159878976587,42.9806030089839));
#4990=CARTESIAN_POINT('',(132.022242868419,-127.598716536627,43.8722769551536));
#4991=CARTESIAN_POINT('',(129.843538951103,-128.926826703724,44.7997620694328));
#4992=CARTESIAN_POINT('',(127.614223557344,-130.098169462639,45.7484932190561));
#4993=CARTESIAN_POINT('',(125.384908163584,-131.269512221553,46.6972243686794));
#4994=CARTESIAN_POINT('',(123.10522058788,-132.284466448766,47.6671002432155));
#4995=CARTESIAN_POINT('',(120.766137250094,-133.127701712542,48.6619274981544));
#4996=CARTESIAN_POINT('',(118.427053912308,-133.970936976318,49.6567547530933));
#4997=CARTESIAN_POINT('',(116.005617265427,-134.644882845739,50.6862938031228));
#4998=CARTESIAN_POINT('',(113.555841158963,-135.107924506248,51.7276089542017));
#4999=CARTESIAN_POINT('',(111.106065052499,-135.570966166756,52.7689241052806));
#5000=CARTESIAN_POINT('',(108.648051203304,-135.819990650098,53.8134759207787));
#5001=CARTESIAN_POINT('',(106.184852821461,-135.844296368921,54.8600376534993));
#5002=CARTESIAN_POINT('',(103.721654439619,-135.868602087743,55.9065993862199));
#5003=CARTESIAN_POINT('',(101.227609095385,-135.661865529713,56.9660702378391));
#5004=CARTESIAN_POINT('',(98.7791516686549,-135.217871988714,58.0060404062355));
#5005=CARTESIAN_POINT('',(96.3306942419247,-134.773878447714,59.0460105746318));
#5006=CARTESIAN_POINT('',(93.9516811113245,-134.098902811407,60.0563496419152));
#5007=CARTESIAN_POINT('',(91.6373906517398,-133.204426557823,61.0391183896446));
#5008=CARTESIAN_POINT('',(89.3231001921551,-132.309950304239,62.021887137374));
#5009=CARTESIAN_POINT('',(87.0564165760214,-131.182309070206,62.9843511286831));
#5010=CARTESIAN_POINT('',(84.897310130269,-129.863271867125,63.9010823235658));
#5011=CARTESIAN_POINT('',(82.7382036845165,-128.544234664044,64.8178135184484));
#5012=CARTESIAN_POINT('',(80.7035503182804,-127.0470310988,65.6816474176959));
#5013=CARTESIAN_POINT('',(78.772911552138,-125.391013139594,66.5012883468685));
#5014=CARTESIAN_POINT('',(76.8422727859956,-123.734995180388,67.3209292760412));
#5015=CARTESIAN_POINT('',(75.0095838482162,-121.908844757574,68.0989508523452));
#5016=CARTESIAN_POINT('',(73.3046945459134,-119.976653821782,68.8226975096882));
#5017=CARTESIAN_POINT('',(71.5998052436107,-118.044462885989,69.5464441670312));
#5018=CARTESIAN_POINT('',(70.0276610789789,-116.014959883614,70.2138167117881));
#5019=CARTESIAN_POINT('',(68.5603686900361,-113.898467928598,70.8366666677518));
#5020=CARTESIAN_POINT('',(65.6257839121507,-109.665484018567,72.0823665796791));
#5021=CARTESIAN_POINT('',(63.1074987989848,-105.068986877065,73.1512964149779));
#5022=CARTESIAN_POINT('',(60.941601391747,-100.280703811638,74.0706251428094));
#5023=CARTESIAN_POINT('',(58.7757039845092,-95.4924207462106,74.9899538706408));
#5024=CARTESIAN_POINT('',(56.9747708771025,-90.5441932681649,75.7543420097364));
#5025=CARTESIAN_POINT('',(55.4416001664517,-85.4742982631812,76.405063497205));
#5026=CARTESIAN_POINT('',(55.3640176299576,85.5012459734565,76.432645550364));
#5027=CARTESIAN_POINT('',(56.8961404595996,90.5660959751284,75.7824265802702));
#5028=CARTESIAN_POINT('',(58.6912967352703,95.492174352615,75.0205410020877));
#5029=CARTESIAN_POINT('',(60.8335259832636,100.23928295338,74.1112914442849));
#5030=CARTESIAN_POINT('',(62.9757552312569,104.986391554144,73.2020418864821));
#5031=CARTESIAN_POINT('',(65.4730474597717,109.574727622526,72.1420406392691));
#5032=CARTESIAN_POINT('',(68.4355636920716,113.862629932164,70.8844506900231));
#5033=CARTESIAN_POINT('',(71.3980799243715,118.150532241803,69.6268607407772));
#5034=CARTESIAN_POINT('',(74.7556682728242,122.042736720977,68.2014707830628));
#5035=CARTESIAN_POINT('',(78.6374625037489,125.388393238713,66.5532644025222));
#5036=CARTESIAN_POINT('',(80.5783596192113,127.061221497581,65.729161212252));
#5037=CARTESIAN_POINT('',(82.6347125102768,128.578248637492,64.8559715398879));
#5038=CARTESIAN_POINT('',(84.7666948050151,129.889552802045,63.9505636387985));
#5039=CARTESIAN_POINT('',(86.8986770997535,131.200856966598,63.045155737709));
#5040=CARTESIAN_POINT('',(89.1172134958679,132.319881842161,62.102893245143));
#5041=CARTESIAN_POINT('',(91.440002008736,133.231902856832,61.1161895590342));
#5042=CARTESIAN_POINT('',(93.7627905216041,134.143923871503,60.1294858729253));
#5043=CARTESIAN_POINT('',(96.1926840091559,134.843683185988,59.0971241098959));
#5044=CARTESIAN_POINT('',(98.637651617883,135.300266508748,58.0581124574615));
#5045=CARTESIAN_POINT('',(101.08261922661,135.756849831507,57.0191008050272));
#5046=CARTESIAN_POINT('',(103.532869197776,135.975969801309,55.9776075371183));
#5047=CARTESIAN_POINT('',(106.011732459146,135.964519136213,54.9235977556178));
#5048=CARTESIAN_POINT('',(108.490595720515,135.953068471117,53.8695879741172));
#5049=CARTESIAN_POINT('',(111.000977430557,135.711284884887,52.8018232641438));
#5050=CARTESIAN_POINT('',(113.4542004894,135.263830245543,51.7579055626085));
#5051=CARTESIAN_POINT('',(115.907423548243,134.816375606198,50.7139878610733));
#5052=CARTESIAN_POINT('',(118.306292498072,134.162532432679,49.692724575908));
#5053=CARTESIAN_POINT('',(120.678726106674,133.32160028569,48.6821679313711));
#5054=CARTESIAN_POINT('',(123.051159715276,132.480668138701,47.6716112868341));
#5055=CARTESIAN_POINT('',(125.376523469583,131.457279171046,46.6805374162789));
#5056=CARTESIAN_POINT('',(127.615984959886,130.293393133265,45.7255703027984));
#5057=CARTESIAN_POINT('',(129.855446450189,129.129507095484,44.7706031893179));
#5058=CARTESIAN_POINT('',(132.014442861578,127.826206350776,43.849437548451));
#5059=CARTESIAN_POINT('',(134.105090002486,126.404088506545,42.9571287561814));
#5060=CARTESIAN_POINT('',(138.286384284302,123.559852818084,41.1725111716421));
#5061=CARTESIAN_POINT('',(142.237626186951,120.200714240956,39.4849327794706));
#5062=CARTESIAN_POINT('',(145.878021196576,116.558953190427,37.9300929671206));
#5063=CARTESIAN_POINT('',(149.518416206202,112.917192139897,36.3752531547705));
#5064=CARTESIAN_POINT('',(152.857376768126,108.998420887932,34.9490755175923));
#5065=CARTESIAN_POINT('',(155.956927591556,104.856924136598,33.6247819092033));
#5066=CARTESIAN_POINT('',(159.056478414987,100.715427385265,32.3004883008144));
#5067=CARTESIAN_POINT('',(161.922596059942,96.3354761071773,31.075463922439));
#5068=CARTESIAN_POINT('',(164.557196773465,91.7753631976069,29.9482923055649));
#5069=CARTESIAN_POINT('',(167.191797486987,87.2152502880366,28.8211206886907));
#5070=CARTESIAN_POINT('',(169.575478478521,82.5078375989051,27.8000321843896));
#5071=CARTESIAN_POINT('',(171.716803851817,77.7090367532469,26.8812300621362));
#5072=CARTESIAN_POINT('',(173.858129225112,72.9102359075887,25.9624279398829));
#5073=CARTESIAN_POINT('',(175.768251869449,67.9992998101012,25.1413020555888));
#5074=CARTESIAN_POINT('',(177.462397881668,62.991316229481,24.4108099879918));
#5075=CARTESIAN_POINT('',(179.156543893887,57.9833326488608,23.6803179203948));
#5076=CARTESIAN_POINT('',(180.635142492879,52.8747491232711,23.0405889910343));
#5077=CARTESIAN_POINT('',(181.905769958171,47.6635231530976,22.4912359657402));
#5078=CARTESIAN_POINT('',(183.176397423463,42.4522971829241,21.9418829404462));
#5079=CARTESIAN_POINT('',(184.229015390438,37.1788189909544,21.4823308190183));
#5080=CARTESIAN_POINT('',(185.061418312437,31.9074977933545,21.1150665943832));
#5081=CARTESIAN_POINT('',(186.726224156435,21.3648553981548,20.3805381451131));
#5082=CARTESIAN_POINT('',(187.541635707898,10.7497146049846,20.0208552467104));
#5083=CARTESIAN_POINT('',(187.546947286297,0.107004327495832,20.0183236678206));
#5084=CARTESIAN_POINT('',(187.549603075496,-5.21435081124854,20.0170578783757));
#5085=CARTESIAN_POINT('',(187.348563528931,-10.5437180549349,20.1060272019955));
#5086=CARTESIAN_POINT('',(186.937882889789,-15.8792899833489,20.2874830064281));
#5087=CARTESIAN_POINT('',(186.527202250647,-21.2148619117629,20.4689388108607));
#5088=CARTESIAN_POINT('',(185.902956494254,-26.5720599440524,20.7442400727947));
#5089=CARTESIAN_POINT('',(185.067387936894,-31.869664262234,21.1124388381829));
#5090=CARTESIAN_POINT('',(183.396250822172,-42.4648728985971,21.8488363689594));
#5091=CARTESIAN_POINT('',(180.901207585546,-52.7847639652226,22.9283386035683));
#5092=CARTESIAN_POINT('',(177.525572698687,-62.8041654803438,24.3835809740843));
#5093=CARTESIAN_POINT('',(175.837755255257,-67.8138662379044,25.1112021593423));
#5094=CARTESIAN_POINT('',(173.923938848685,-72.7545607891808,25.9341215987835));
#5095=CARTESIAN_POINT('',(171.76505429457,-77.600817477717,26.8605258100039));
#5096=CARTESIAN_POINT('',(169.606169740454,-82.4470741662532,27.7869300212243));
#5097=CARTESIAN_POINT('',(167.214796132491,-87.1693003526473,28.8112625794782));
#5098=CARTESIAN_POINT('',(164.605221214347,-91.6921741675469,29.9277457631623));
#5099=CARTESIAN_POINT('',(161.995646296202,-96.2150479824466,31.0442289468464));
#5100=CARTESIAN_POINT('',(159.157350146165,-100.567284162165,32.2573792169485));
#5101=CARTESIAN_POINT('',(156.056392114981,-104.723830270902,33.5822850369357));
#5102=CARTESIAN_POINT('',(152.955434083798,-108.880376379638,34.9071908569229));
#5103=CARTESIAN_POINT('',(149.570968898531,-112.85827467715,36.3528062739594));
#5104=CARTESIAN_POINT('',(145.930908168842,-116.506008634165,37.9075044743603));
#5105=CARTESIAN_POINT('',(142.290847439152,-120.15374259118,39.4622026747612));
#5106=CARTESIAN_POINT('',(138.418138124397,-123.460053766167,41.116260611335));
#5107=CARTESIAN_POINT('',(134.211478686577,-126.331565206121,42.9117208830914));
#5108=CARTESIAN_POINT('',(132.108148967667,-127.767320926097,43.8094510189695));
#5109=CARTESIAN_POINT('',(129.920140019801,-129.091785981624,44.7430049018728));
#5110=CARTESIAN_POINT('',(127.681910314172,-130.259083185747,45.6974576763349));
#5111=CARTESIAN_POINT('',(125.443680608542,-131.426380389869,46.651910450797));
#5112=CARTESIAN_POINT('',(123.155373919235,-132.436935475758,47.6272018747952));
#5113=CARTESIAN_POINT('',(120.808116199419,-133.275588056481,48.627052855367));
#5114=CARTESIAN_POINT('',(118.460858479604,-134.114240637204,49.6269038359388));
#5115=CARTESIAN_POINT('',(116.031599627839,-134.783370761062,50.6611267536849));
#5116=CARTESIAN_POINT('',(113.574583624162,-135.241575460426,51.7066781987835));
#5117=CARTESIAN_POINT('',(111.117567620484,-135.699780159789,52.752229643882));
#5118=CARTESIAN_POINT('',(108.652909823072,-135.9439877843,53.8005590657456));
#5119=CARTESIAN_POINT('',(106.183576615609,-135.963541226844,54.8505296282449));
#5120=CARTESIAN_POINT('',(103.714243408146,-135.983094669388,55.9005001907442));
#5121=CARTESIAN_POINT('',(101.214530749236,-135.771614159647,56.9630339833847));
#5122=CARTESIAN_POINT('',(98.7609574408479,-135.323046078228,58.0057122111336));
#5123=CARTESIAN_POINT('',(96.3073841324597,-134.874477996809,59.0483904388825));
#5124=CARTESIAN_POINT('',(93.923812828627,-134.195126869841,60.0610769894704));
#5125=CARTESIAN_POINT('',(91.6053889207213,-133.296448277578,61.0459341424228));
#5126=CARTESIAN_POINT('',(89.2869650128155,-132.397769685316,62.0307912953751));
#5127=CARTESIAN_POINT('',(87.016552580716,-131.266065466463,62.9950935468142));
#5128=CARTESIAN_POINT('',(84.8541270979205,-129.943202621107,63.9134329319491));
#5129=CARTESIAN_POINT('',(82.6917016151251,-128.620339775752,64.8317723170841));
#5130=CARTESIAN_POINT('',(80.6541394692452,-127.11955938149,65.6969833378491));
#5131=CARTESIAN_POINT('',(78.7208860375777,-125.460160356728,66.5178428095785));
#5132=CARTESIAN_POINT('',(76.7876326059103,-123.800761331965,67.3387022813078));
#5133=CARTESIAN_POINT('',(74.9526182038884,-121.97141272107,68.1177853592301));
#5134=CARTESIAN_POINT('',(73.2456664018162,-120.036247323044,68.8424597093812));
#5135=CARTESIAN_POINT('',(71.5387145997441,-118.101081925018,69.5671340595323));
#5136=CARTESIAN_POINT('',(69.9647711180571,-116.068830408319,70.2353004650937));
#5137=CARTESIAN_POINT('',(68.4958580517715,-113.949753673234,70.8588556818539));
#5138=CARTESIAN_POINT('',(65.5580319192003,-109.711600203065,72.1059661153741));
#5139=CARTESIAN_POINT('',(63.0372196203365,-105.110589557997,73.1759532684169));
#5140=CARTESIAN_POINT('',(60.869217397799,-100.318293998015,74.0961425463173));
#5141=CARTESIAN_POINT('',(58.7012151752616,-95.5259984380335,75.0163318242176));
#5142=CARTESIAN_POINT('',(56.8986173593867,-90.5742840353752,75.7813754064278));
#5143=CARTESIAN_POINT('',(55.3640176299284,-85.5012459733609,76.4326455503763));
#5144=CARTESIAN_POINT('',(55.2864350934383,85.52819368365,76.4602276035336));
#5145=CARTESIAN_POINT('',(56.8199848312577,90.5961823189266,75.8094607793504));
#5146=CARTESIAN_POINT('',(58.6167983613839,95.5257297956714,75.0469225898083));
#5147=CARTESIAN_POINT('',(60.7611085712933,100.276809765011,74.1368224888783));
#5148=CARTESIAN_POINT('',(62.9054187812027,105.027889734351,73.2267223879483));
#5149=CARTESIAN_POINT('',(65.4052133728538,109.620704843711,72.1656753627934));
#5150=CARTESIAN_POINT('',(68.3709881228671,113.91381182505,70.906667970442));
#5151=CARTESIAN_POINT('',(71.3367628728804,118.206918806389,69.6476605780907));
#5152=CARTESIAN_POINT('',(74.6983013298348,122.104961514597,68.2205138269132));
#5153=CARTESIAN_POINT('',(78.5853217120463,125.457392375823,66.5698724682985));
#5154=CARTESIAN_POINT('',(80.528831903152,127.133607806437,65.7445517889911));
#5155=CARTESIAN_POINT('',(82.5881207973794,128.654248207873,64.8699723393544));
#5156=CARTESIAN_POINT('',(84.7233800024973,129.969330241635,63.9629782136201));
#5157=CARTESIAN_POINT('',(86.8586392076151,131.284412275396,63.0559840878857));
#5158=CARTESIAN_POINT('',(89.0807953965901,132.407397874004,62.1119384449695));
#5159=CARTESIAN_POINT('',(91.4077049711111,133.323624483415,61.1231543539584));
#5160=CARTESIAN_POINT('',(93.7346145456322,134.239851092826,60.1343702629474));
#5161=CARTESIAN_POINT('',(96.1691389165363,134.944067115988,59.0996245475068));
#5162=CARTESIAN_POINT('',(98.6192191593798,135.405213857232,58.0579122703037));
#5163=CARTESIAN_POINT('',(101.069299402223,135.866360598476,57.0161999931006));
#5164=CARTESIAN_POINT('',(103.525017407556,136.09012080924,55.9717483239594));
#5165=CARTESIAN_POINT('',(106.009995400024,136.083434165165,54.9143410295928));
#5166=CARTESIAN_POINT('',(108.494973392492,136.07674752109,53.8569337352262));
#5167=CARTESIAN_POINT('',(111.012222322289,135.839853448709,52.7852848082773));
#5168=CARTESIAN_POINT('',(113.47263761821,135.397233933687,51.737161375582));
#5169=CARTESIAN_POINT('',(115.93305291413,134.954614418666,50.6890379428867));
#5170=CARTESIAN_POINT('',(118.339547827879,134.305546192402,49.6632006749209));
#5171=CARTESIAN_POINT('',(120.720245722329,133.46923755251,48.647573630443));
#5172=CARTESIAN_POINT('',(123.10094361678,132.632928912619,47.631946585965));
#5173=CARTESIAN_POINT('',(125.435028260296,131.614018196491,46.6353906132166));
#5174=CARTESIAN_POINT('',(127.683417552094,130.454182721865,45.6746997105725));
#5175=CARTESIAN_POINT('',(129.931806843893,129.294347247238,44.7140088079284));
#5176=CARTESIAN_POINT('',(132.09991767853,127.994684043276,43.7868874735083));
#5177=CARTESIAN_POINT('',(134.199679032729,126.575627763587,42.8885579879682));
#5178=CARTESIAN_POINT('',(138.399201741126,123.737515204207,41.091899016888));
#5179=CARTESIAN_POINT('',(142.368604782992,120.382176959287,39.3920525744997));
#5180=CARTESIAN_POINT('',(146.025822934399,116.741792934905,37.8258701176706));
#5181=CARTESIAN_POINT('',(149.683041085806,113.101408910524,36.2596876608414));
#5182=CARTESIAN_POINT('',(153.037571436012,109.181807853747,34.8230202924016));
#5183=CARTESIAN_POINT('',(156.152192314897,105.038056352158,33.4885740274082));
#5184=CARTESIAN_POINT('',(159.266813193781,100.894304850568,32.1541277624149));
#5185=CARTESIAN_POINT('',(162.147545808924,96.5107138853298,30.919235569223));
#5186=CARTESIAN_POINT('',(164.797022720641,91.9460211088666,29.7819171128846));
#5187=CARTESIAN_POINT('',(167.446499632358,87.3813283324034,28.6445986565461));
#5188=CARTESIAN_POINT('',(169.845261079088,82.6684015405655,27.6131128885145));
#5189=CARTESIAN_POINT('',(172.002257365097,77.8633210732516,26.6834123834058));
#5190=CARTESIAN_POINT('',(174.159253651105,73.0582406059376,25.753711878297));
#5191=CARTESIAN_POINT('',(176.085685514157,68.1401909887901,24.9211895610338));
#5192=CARTESIAN_POINT('',(177.79705411619,63.124299473953,24.1785596875324));
#5193=CARTESIAN_POINT('',(179.508422718224,58.1084079591159,23.4359298140309));
#5194=CARTESIAN_POINT('',(181.005072677505,52.9910033058075,22.7834470937644));
#5195=CARTESIAN_POINT('',(182.29309069782,47.7698566627538,22.2222543878013));
#5196=CARTESIAN_POINT('',(183.581108718136,42.5487100197,21.6610616818382));
#5197=CARTESIAN_POINT('',(184.651667795322,37.2650347603316,21.1887852749852));
#5198=CARTESIAN_POINT('',(185.500296483913,31.9825902376304,20.8095163771149));
#5199=CARTESIAN_POINT('',(187.197553861094,21.4177011922281,20.0509785813743));
#5200=CARTESIAN_POINT('',(188.032395014905,10.7762445104132,19.677860609592));
#5201=CARTESIAN_POINT('',(188.037892351673,0.107273712516602,19.6751663690749));
#5202=CARTESIAN_POINT('',(188.040641020057,-5.2272116864317,19.6738192488164));
#5203=CARTESIAN_POINT('',(187.834928419122,-10.5697256162703,19.7661130511625));
#5204=CARTESIAN_POINT('',(187.415261323638,-15.9180014669508,19.9540266800835));
#5205=CARTESIAN_POINT('',(186.995594228154,-21.2662773176313,20.1419403090046));
#5206=CARTESIAN_POINT('',(186.358113885995,-26.6357889537311,20.4267320187071));
#5207=CARTESIAN_POINT('',(185.50638358493,-31.9446553930487,20.8068038787196));
#5208=CARTESIAN_POINT('',(183.8029229828,-42.5623882716839,21.5669475987447));
#5209=CARTESIAN_POINT('',(181.270825016331,-52.901578685059,22.6715172458554));
#5210=CARTESIAN_POINT('',(177.860866620356,-62.9368579893821,24.1508828772735));
#5211=CARTESIAN_POINT('',(176.155887422369,-67.9544976415437,24.8905656929826));
#5212=CARTESIAN_POINT('',(174.225592097097,-72.9023642544994,25.7250274710057));
#5213=CARTESIAN_POINT('',(172.050865938307,-77.7549497852613,26.662460176481));
#5214=CARTESIAN_POINT('',(169.876139779518,-82.6075353160231,27.5998928819562));
#5215=CARTESIAN_POINT('',(167.469656908931,-87.3353112343395,28.6346323650079));
#5216=CARTESIAN_POINT('',(164.845323166451,-91.8627399768518,29.761183558301));
#5217=CARTESIAN_POINT('',(162.220989423972,-96.3901687193641,30.8877347515941));
#5218=CARTESIAN_POINT('',(159.368169085364,-100.746074587574,32.1106864673672));
#5219=CARTESIAN_POINT('',(156.252131746525,-104.90490208873,33.4457548880444));
#5220=CARTESIAN_POINT('',(153.136094407686,-109.063729589886,34.7808233087215));
#5221=CARTESIAN_POINT('',(149.735829892157,-113.042498180146,36.2370794646494));
#5222=CARTESIAN_POINT('',(146.078949660354,-116.688873158984,37.803118773361));
#5223=CARTESIAN_POINT('',(142.422069428551,-120.335248137822,39.3691580820726));
#5224=CARTESIAN_POINT('',(138.531519339361,-123.637903675826,41.0352661060257));
#5225=CARTESIAN_POINT('',(134.30654315773,-126.503251435654,42.8428387571989));
#5226=CARTESIAN_POINT('',(132.194055066915,-127.935925315568,43.7466250827855));
#5227=CARTESIAN_POINT('',(129.9967410885,-129.256745259524,44.6862477343128));
#5228=CARTESIAN_POINT('',(127.749597071,-130.419996908855,45.6464221336137));
#5229=CARTESIAN_POINT('',(125.5024530535,-131.583248558185,46.6065965329146));
#5230=CARTESIAN_POINT('',(123.205527250589,-132.58940450275,47.5873035063749));
#5231=CARTESIAN_POINT('',(120.850095148744,-133.42347440042,48.5921782125797));
#5232=CARTESIAN_POINT('',(118.494663046899,-134.25754429809,49.5970529187844));
#5233=CARTESIAN_POINT('',(116.057581990252,-134.921858676385,50.635959704247));
#5234=CARTESIAN_POINT('',(113.59332608936,-135.375226414603,51.6857474433652));
#5235=CARTESIAN_POINT('',(111.129070188468,-135.828594152822,52.7355351824834));
#5236=CARTESIAN_POINT('',(108.657768442841,-136.067984918503,53.7876422107124));
#5237=CARTESIAN_POINT('',(106.182300409757,-136.082786084767,54.8410216029904));
#5238=CARTESIAN_POINT('',(103.706832376673,-136.097587251032,55.8944009952685));
#5239=CARTESIAN_POINT('',(101.201452403087,-135.881362789581,56.9599977289303));
#5240=CARTESIAN_POINT('',(98.742763213041,-135.428220167742,58.0053840160317));
#5241=CARTESIAN_POINT('',(96.2840740229947,-134.975077545903,59.0507703031331));
#5242=CARTESIAN_POINT('',(93.8959445459295,-134.291350928275,60.0658043370256));
#5243=CARTESIAN_POINT('',(91.5733871897027,-133.388469997334,61.0527498952009));
#5244=CARTESIAN_POINT('',(89.250829833476,-132.485589066393,62.0396954533762));
#5245=CARTESIAN_POINT('',(86.9766885854105,-131.34982186272,63.0058359649453));
#5246=CARTESIAN_POINT('',(84.8109440655721,-130.02313337509,63.9257835403325));
#5247=CARTESIAN_POINT('',(82.6451995457337,-128.69644488746,64.8457311157197));
#5248=CARTESIAN_POINT('',(80.60472862021,-127.192087664181,65.7123192580023));
#5249=CARTESIAN_POINT('',(78.6688605230175,-125.529307573861,66.5343972722884));
#5250=CARTESIAN_POINT('',(76.732992425825,-123.866527483541,67.3564752865744));
#5251=CARTESIAN_POINT('',(74.8956525595607,-122.033980684565,68.1366198661149));
#5252=CARTESIAN_POINT('',(73.186638257719,-120.095840824306,68.8622219090741));
#5253=CARTESIAN_POINT('',(71.4776239558774,-118.157700964047,69.5878239520333));
#5254=CARTESIAN_POINT('',(69.9018811571353,-116.122700933024,70.2567842183993));
#5255=CARTESIAN_POINT('',(68.4313474135069,-114.00103941787,70.8810446959559));
#5256=CARTESIAN_POINT('',(65.49027992625,-109.757716387563,72.1295656510691));
#5257=CARTESIAN_POINT('',(62.9669404416881,-105.152192238929,73.2006101218559));
#5258=CARTESIAN_POINT('',(60.7968334038511,-100.355884184393,74.1216599498251));
#5259=CARTESIAN_POINT('',(58.626726366014,-95.5595761298564,75.0427097777944));
#5260=CARTESIAN_POINT('',(56.8224638416709,-90.6043748025855,75.8084088031192));
#5261=CARTESIAN_POINT('',(55.2864350934052,-85.5281936835407,76.4602276035477));
#5262=CARTESIAN_POINT('',(55.2091315683629,85.5547540606666,76.4854671843024));
#5263=CARTESIAN_POINT('',(56.7440907957131,90.6258393160395,75.8341837952363));
#5264=CARTESIAN_POINT('',(58.5425403757929,95.5588083836113,75.0710230146385));
#5265=CARTESIAN_POINT('',(60.6889046142334,100.313806640812,74.1600973710665));
#5266=CARTESIAN_POINT('',(62.8352688526739,105.068804898013,73.2491717274946));
#5267=CARTESIAN_POINT('',(65.3375330519965,109.666039338872,72.1870996441847));
#5268=CARTESIAN_POINT('',(68.3065187434841,113.964275648866,70.9266809145308));
#5269=CARTESIAN_POINT('',(71.2755044349717,118.262511958859,69.6662621848769));
#5270=CARTESIAN_POINT('',(74.6409363879436,122.166309195401,68.2373496701411));
#5271=CARTESIAN_POINT('',(78.5330912691555,125.525395239648,66.5842231184133));
#5272=CARTESIAN_POINT('',(80.4791687097615,127.204938261771,65.7576598425494));
#5273=CARTESIAN_POINT('',(82.5413411252268,128.729125867777,64.8816538442723));
#5274=CARTESIAN_POINT('',(84.6798130360375,130.047907783093,63.973020525137));
#5275=CARTESIAN_POINT('',(86.8182849468482,131.366689698409,63.0643872060017));
#5276=CARTESIAN_POINT('',(89.0439836831617,132.493545860117,62.1184899164611));
#5277=CARTESIAN_POINT('',(91.3749162027109,133.413867112134,61.1275313924491));
#5278=CARTESIAN_POINT('',(93.7058487222601,134.33418836415,60.136572868437));
#5279=CARTESIAN_POINT('',(96.1448830550464,135.042728373733,59.0993233598132));
#5280=CARTESIAN_POINT('',(98.5999256589242,135.508277318334,58.0547578114563));
#5281=CARTESIAN_POINT('',(101.054968262802,135.973826262936,57.0101922630994));
#5282=CARTESIAN_POINT('',(103.515962573299,136.202036932448,55.962603943348));
#5283=CARTESIAN_POINT('',(106.006812437287,136.199876297546,54.9015772817441));
#5284=CARTESIAN_POINT('',(108.497662301274,136.197715662645,53.8405506201401));
#5285=CARTESIAN_POINT('',(111.021497674623,135.965423951756,52.7647450571733));
#5286=CARTESIAN_POINT('',(113.488725892545,135.527298420622,51.7121138404904));
#5287=CARTESIAN_POINT('',(115.955954110466,135.089172889488,50.6594826238076));
#5288=CARTESIAN_POINT('',(118.369610452391,134.444482191061,49.6287340736786));
#5289=CARTESIAN_POINT('',(120.758002420723,133.612320393447,48.6076589411498));
#5290=CARTESIAN_POINT('',(123.146394389055,132.780158595833,47.586583808621));
#5291=CARTESIAN_POINT('',(125.488507460981,131.765179533576,46.5841376622362));
#5292=CARTESIAN_POINT('',(127.74500935786,130.6087926215,45.6173126962628));
#5293=CARTESIAN_POINT('',(130.001511254739,129.452405709425,44.6504877302894));
#5294=CARTESIAN_POINT('',(132.177795171738,128.155724205014,43.7170001712653));
#5295=CARTESIAN_POINT('',(134.285620353575,126.739052878806,42.8122669087146));
#5296=CARTESIAN_POINT('',(138.501270717248,123.90571022639,41.0028003836133));
#5297=CARTESIAN_POINT('',(142.486256620197,120.55274824001,39.2900506348105));
#5298=CARTESIAN_POINT('',(146.157592035596,116.912533535983,37.7120990135731));
#5299=CARTESIAN_POINT('',(149.828927450996,113.272318831956,36.1341473923358));
#5300=CARTESIAN_POINT('',(153.196204253534,109.350892409107,34.6867519483053));
#5301=CARTESIAN_POINT('',(156.322954967674,105.204075988151,33.3420228280908));
#5302=CARTESIAN_POINT('',(159.449705681814,101.057259567195,31.9972937078763));
#5303=CARTESIAN_POINT('',(162.341968501596,96.6694014466443,30.7525118447638));
#5304=CARTESIAN_POINT('',(165.002939007528,92.0996328960031,29.6050985923856));
#5305=CARTESIAN_POINT('',(167.663909513461,87.5298643453618,28.4576853400075));
#5306=CARTESIAN_POINT('',(170.074095655152,82.8110546385547,27.4159242888141));
#5307=CARTESIAN_POINT('',(172.24267685843,77.9994699192308,26.4755307639465));
#5308=CARTESIAN_POINT('',(174.411258061708,73.1878851999068,25.5351372390789));
#5309=CARTESIAN_POINT('',(176.349439761993,68.2626102310723,24.6915142552241));
#5310=CARTESIAN_POINT('',(178.073129486412,63.238954458649,23.9370928856768));
#5311=CARTESIAN_POINT('',(179.796819210831,58.2152986862257,23.1826715161295));
#5312=CARTESIAN_POINT('',(181.306160952659,53.0896414093899,22.5178819139262));
#5313=CARTESIAN_POINT('',(182.605989753674,47.8593177746339,21.9453951910851));
#5314=CARTESIAN_POINT('',(183.905818554689,42.6289941398779,21.3729084682441));
#5315=CARTESIAN_POINT('',(184.989263152729,37.3360017141955,20.8882950326568));
#5316=CARTESIAN_POINT('',(185.850140635457,32.044200260525,20.4972984057309));
#5317=CARTESIAN_POINT('',(187.571895600912,21.4605973531839,19.7153051518792));
#5318=CARTESIAN_POINT('',(188.420962830598,10.7977890137089,19.3292774262347));
#5319=CARTESIAN_POINT('',(188.426629006579,0.107487079217994,19.3264205805721));
#5320=CARTESIAN_POINT('',(188.429462094569,-5.23766388802743,19.3249921577409));
#5321=CARTESIAN_POINT('',(188.220241583287,-10.5908527215964,19.4205049265406));
#5322=CARTESIAN_POINT('',(187.793850137594,-15.9495324918603,19.6146836955753));
#5323=CARTESIAN_POINT('',(187.367458691901,-21.3082122621242,19.80886246461));
#5324=CARTESIAN_POINT('',(186.720152698275,-26.6879342995695,20.1028571387983));
#5325=CARTESIAN_POINT('',(185.85631165919,-32.0062115706825,20.4945054134297));
#5326=CARTESIAN_POINT('',(184.128629581019,-42.6427661129087,21.2778019626925));
#5327=CARTESIAN_POINT('',(181.571796978988,-53.0003850869428,22.4062146176207));
#5328=CARTESIAN_POINT('',(178.137389077278,-63.0512449117764,23.9089842438189));
#5329=CARTESIAN_POINT('',(176.420185126422,-68.0766748241932,24.660369056918));
#5330=CARTESIAN_POINT('',(174.477998743567,-73.0317969929036,25.5060772988913));
#5331=CARTESIAN_POINT('',(172.291553877999,-77.8909361018827,26.4543342387061));
#5332=CARTESIAN_POINT('',(170.105109012432,-82.7500752108617,27.4025911785209));
#5333=CARTESIAN_POINT('',(167.687192578175,-87.4837734744241,28.4476104397538));
#5334=CARTESIAN_POINT('',(165.051454913434,-92.0162486100627,29.5841785289657));
#5335=CARTESIAN_POINT('',(162.415717248693,-96.5487237457014,30.7207466181776));
#5336=CARTESIAN_POINT('',(159.551435185093,-100.90892386079,31.9535211291194));
#5337=CARTESIAN_POINT('',(156.423272948585,-105.070837897488,33.2988780146721));
#5338=CARTESIAN_POINT('',(153.295110712077,-109.232751934185,34.6442349002247));
#5339=CARTESIAN_POINT('',(149.881907864652,-113.213400383594,36.1113740572002));
#5340=CARTESIAN_POINT('',(146.210918349654,-116.859621843883,37.6891789587923));
#5341=CARTESIAN_POINT('',(142.539928834656,-120.505843304173,39.2669838603845));
#5342=CARTESIAN_POINT('',(138.634073043927,-123.806246047887,40.9457636943849));
#5343=CARTESIAN_POINT('',(134.39290837539,-126.666787621539,42.7662160268807));
#5344=CARTESIAN_POINT('',(132.272326041121,-128.097058408365,43.6764421931286));
#5345=CARTESIAN_POINT('',(130.066653442327,-129.414905667506,44.622554289152));
#5346=CARTESIAN_POINT('',(127.81141727292,-130.574714118556,45.5888587859849));
#5347=CARTESIAN_POINT('',(125.556181103513,-131.734522569605,46.5551632828177));
#5348=CARTESIAN_POINT('',(123.251315984291,-132.736820082915,47.5416900097109));
#5349=CARTESIAN_POINT('',(120.888281311632,-133.566779801274,48.551962005436));
#5350=CARTESIAN_POINT('',(118.525246638972,-134.396739519632,49.5622340011611));
#5351=CARTESIAN_POINT('',(116.080807050955,-135.05664641864,50.6061728128949));
#5352=CARTESIAN_POINT('',(113.609693803545,-135.505522716966,51.6605014368777));
#5353=CARTESIAN_POINT('',(111.138580556135,-135.954399015292,52.7148300608605));
#5354=CARTESIAN_POINT('',(108.660929263343,-136.189254610099,53.7709765851739));
#5355=CARTESIAN_POINT('',(106.179566776598,-136.199541495328,54.8279888913725));
#5356=CARTESIAN_POINT('',(103.698204289853,-136.209828380558,55.8850011975711));
#5357=CARTESIAN_POINT('',(101.187345920549,-135.98905478519,56.9538483140104));
#5358=CARTESIAN_POINT('',(98.7236974514633,-135.531501690576,58.0020950309822));
#5359=CARTESIAN_POINT('',(96.260048982378,-135.073948595962,59.050341747954));
#5360=CARTESIAN_POINT('',(93.8674796192047,-134.385976886982,60.067841963797));
#5361=CARTESIAN_POINT('',(91.5408868968209,-133.479004868437,61.0569710834973));
#5362=CARTESIAN_POINT('',(89.2142941744371,-132.572032849892,62.0461002031976));
#5363=CARTESIAN_POINT('',(86.936502450208,-131.432294568071,63.014150628811));
#5364=CARTESIAN_POINT('',(84.7675058437914,-130.101860795059,63.9357598688744));
#5365=CARTESIAN_POINT('',(82.5985092373749,-128.771427022046,64.8573691089378));
#5366=CARTESIAN_POINT('',(80.5551818079252,-127.263558937811,65.7253707803241));
#5367=CARTESIAN_POINT('',(78.6167437854486,-125.597456301351,66.5486930647317));
#5368=CARTESIAN_POINT('',(76.678305762972,-123.931353664891,67.3720153491392));
#5369=CARTESIAN_POINT('',(74.8386775456252,-122.095659500267,68.1532363122345));
#5370=CARTESIAN_POINT('',(73.127632969956,-120.154591241737,68.8797738590813));
#5371=CARTESIAN_POINT('',(71.4165883942868,-118.213522983207,69.6063114059281));
#5372=CARTESIAN_POINT('',(69.8390730167544,-116.175814835334,70.2760665703678));
#5373=CARTESIAN_POINT('',(68.3669418028102,-114.051605280353,70.9010295774713));
#5374=CARTESIAN_POINT('',(65.4226793749218,-109.80318617039,72.1509555916782));
#5375=CARTESIAN_POINT('',(62.8968465210987,-105.193209378166,73.2230366253074));
#5376=CARTESIAN_POINT('',(60.7246622431536,-100.39294316962,74.1449216800192));
#5377=CARTESIAN_POINT('',(58.5524779652085,-95.5926769610744,75.0668067347309));
#5378=CARTESIAN_POINT('',(56.7465718617767,-90.6340360665066,75.833131078606));
#5379=CARTESIAN_POINT('',(55.2091315683252,-85.5547540605424,76.4854671843184));
#5380=CARTESIAN_POINT('',(55.1332423995314,85.5804941520419,76.507664242583));
#5381=CARTESIAN_POINT('',(56.6695724383746,90.6545834876239,75.8559067881281));
#5382=CARTESIAN_POINT('',(58.4696120532286,95.5908708348989,75.0921659464824));
#5383=CARTESIAN_POINT('',(60.6179718992724,100.349669853503,74.180454563979));
#5384=CARTESIAN_POINT('',(62.7663317453161,105.108468872107,73.2687431814757));
#5385=CARTESIAN_POINT('',(65.270994644713,109.709989940029,72.2056838775684));
#5386=CARTESIAN_POINT('',(68.2430941771395,114.013193784765,70.9438804190686));
#5387=CARTESIAN_POINT('',(71.2151937095659,118.316397629501,69.6820769605688));
#5388=CARTESIAN_POINT('',(74.5844022009414,122.225767226905,68.2514133741046));
#5389=CARTESIAN_POINT('',(78.4815202153734,125.59126665305,66.5957802511628));
#5390=CARTESIAN_POINT('',(80.4300792225894,127.274016366122,65.7679636896918));
#5391=CARTESIAN_POINT('',(82.4950375163808,128.80161733508,64.8905102376924));
#5392=CARTESIAN_POINT('',(84.636606762232,130.123945983251,63.9802023951824));
#5393=CARTESIAN_POINT('',(86.7781760080832,131.446274631422,63.0698945526724));
#5394=CARTESIAN_POINT('',(89.0072829881853,132.576828380616,62.1220964018701));
#5395=CARTESIAN_POINT('',(91.3420728675383,133.501037543752,61.1288925730661));
#5396=CARTESIAN_POINT('',(93.6768627468913,134.425246706888,60.1356887442621));
#5397=CARTESIAN_POINT('',(96.120208019413,135.137868770394,59.0958426517242));
#5398=CARTESIAN_POINT('',(98.5799704187233,135.60753440374,58.0483051974826));
#5399=CARTESIAN_POINT('',(101.039732818034,136.077200037086,57.000767743241));
#5400=CARTESIAN_POINT('',(103.505709103624,136.309533143058,55.9499036522929));
#5401=CARTESIAN_POINT('',(106.002062257502,136.311501225312,54.885089600014));
#5402=CARTESIAN_POINT('',(108.498415411381,136.313469307565,53.820275547735));
#5403=CARTESIAN_POINT('',(111.028403601923,136.085312131711,52.7401107504175));
#5404=CARTESIAN_POINT('',(113.501892142046,135.651140161468,51.6827590010871));
#5405=CARTESIAN_POINT('',(115.975380682168,135.216968191225,50.6254072517567));
#5406=CARTESIAN_POINT('',(118.395536383323,134.576039837881,49.5895210597606));
#5407=CARTESIAN_POINT('',(120.790820340093,133.747317243065,48.5627667880259));
#5408=CARTESIAN_POINT('',(123.186104296863,132.918594648248,47.5360125162913));
#5409=CARTESIAN_POINT('',(125.53529243307,131.906756439239,46.5274481240559));
#5410=CARTESIAN_POINT('',(127.798812521162,130.752981819669,45.5542935387872));
#5411=CARTESIAN_POINT('',(130.062332609254,129.599207200099,44.5811389535185));
#5412=CARTESIAN_POINT('',(132.245552800869,128.304627889069,43.6411229336515));
#5413=CARTESIAN_POINT('',(134.360092138798,126.889466754219,42.7298796738818));
#5414=CARTESIAN_POINT('',(138.589170814656,124.059144484519,40.9073931543425));
#5415=CARTESIAN_POINT('',(142.586561413384,120.706841397102,39.1817716003129));
#5416=CARTESIAN_POINT('',(146.268750049783,117.065384499892,37.5923531138957));
#5417=CARTESIAN_POINT('',(149.950938686182,113.423927602681,36.0029346274785));
#5418=CARTESIAN_POINT('',(153.32761315639,109.499550290521,34.5453622215166));
#5419=CARTESIAN_POINT('',(156.462992162505,105.348744342095,33.1911352141678));
#5420=CARTESIAN_POINT('',(159.59837116862,101.197938393668,31.8369082068191));
#5421=CARTESIAN_POINT('',(162.498477058826,96.8050851819697,30.58326278152));
#5422=CARTESIAN_POINT('',(165.166855186731,92.2296459244342,29.4270955528795));
#5423=CARTESIAN_POINT('',(167.835233314637,87.6542066668987,28.270928324239));
#5424=CARTESIAN_POINT('',(170.252367407249,82.9290407877314,27.2205579383981));
#5425=CARTESIAN_POINT('',(172.427516920252,78.1106632500653,26.2715255554097));
#5426=CARTESIAN_POINT('',(174.602666433256,73.2922857123992,25.3224931724214));
#5427=CARTESIAN_POINT('',(176.54708429122,68.3596806041047,24.4701407562913));
#5428=CARTESIAN_POINT('',(178.276774772458,63.328367966547,23.7070256506757));
#5429=CARTESIAN_POINT('',(180.006465253696,58.2970553289892,22.9439105450602));
#5430=CARTESIAN_POINT('',(181.521411146009,53.1637127129814,22.270545545197));
#5431=CARTESIAN_POINT('',(182.826318734467,47.9253291588129,21.6900927329621));
#5432=CARTESIAN_POINT('',(184.131226322925,42.6869456046444,21.1096399207272));
#5433=CARTESIAN_POINT('',(185.219607390892,37.3855499072785,20.6176843995339));
#5434=CARTESIAN_POINT('',(186.084727222889,32.0862751327269,20.2207259047521));
#5435=CARTESIAN_POINT('',(187.814966886883,21.4877255836238,19.4268089151885));
#5436=CARTESIAN_POINT('',(188.669142875077,10.8114668498142,19.0338531218224));
#5437=CARTESIAN_POINT('',(188.674849194562,0.107617333078679,19.0309593733842));
#5438=CARTESIAN_POINT('',(188.677702354305,-5.24430742528905,19.0295124991651));
#5439=CARTESIAN_POINT('',(188.467254007051,-10.6042564298697,19.1266553357337));
#5440=CARTESIAN_POINT('',(188.038513692863,-15.9699282566023,19.3240398367602));
#5441=CARTESIAN_POINT('',(187.609773378675,-21.335600083335,19.5214243377868));
#5442=CARTESIAN_POINT('',(186.958992734375,-26.7225962903995,19.8202492517105));
#5443=CARTESIAN_POINT('',(186.09092291768,-32.0482735311926,20.2178923498003));
#5444=CARTESIAN_POINT('',(184.354783284289,-42.6996280127786,21.0131785459798));
#5445=CARTESIAN_POINT('',(181.787561272067,-53.0742696276125,22.158484230895));
#5446=CARTESIAN_POINT('',(178.341243782395,-63.1404117117721,23.6785979992714));
#5447=CARTESIAN_POINT('',(176.618085037559,-68.173482753852,24.4386548834596));
#5448=CARTESIAN_POINT('',(174.669630513995,-73.1359625677961,25.2931440540174));
#5449=CARTESIAN_POINT('',(172.476551316636,-78.0019552193652,26.2501305100746));
#5450=CARTESIAN_POINT('',(170.283472119276,-82.8679478709343,27.2071169661319));
#5451=CARTESIAN_POINT('',(167.85859924154,-87.6080340929156,28.2607611685766));
#5452=CARTESIAN_POINT('',(165.215513084265,-92.1461458581987,29.4060130835093));
#5453=CARTESIAN_POINT('',(162.57242692699,-96.6842576234818,30.5512649984421));
#5454=CARTESIAN_POINT('',(159.700344180318,-101.049474966602,31.7928401629132));
#5455=CARTESIAN_POINT('',(156.563574464167,-105.215394955846,33.1476906552168));
#5456=CARTESIAN_POINT('',(153.426804748016,-109.381314945091,34.5025411475205));
#5457=CARTESIAN_POINT('',(150.004058193842,-113.364984272147,35.9800040536466));
#5458=CARTESIAN_POINT('',(146.322227869049,-117.012461000176,37.5692689907634));
#5459=CARTESIAN_POINT('',(142.640397544257,-120.659937728205,39.1585339278803));
#5460=CARTESIAN_POINT('',(138.722359676876,-123.959775204194,40.8499503271275));
#5461=CARTESIAN_POINT('',(134.467736987506,-126.81726686052,42.6834911240426));
#5462=CARTESIAN_POINT('',(132.340425642821,-128.246012688682,43.6002615225001));
#5463=CARTESIAN_POINT('',(130.127641831091,-129.561785483305,44.5530306057118));
#5464=CARTESIAN_POINT('',(127.865414933309,-130.718986823659,45.525658185276));
#5465=CARTESIAN_POINT('',(125.603188035526,-131.876188164013,46.4982857648402));
#5466=CARTESIAN_POINT('',(123.291321606979,-132.875408667285,47.4908582541626));
#5467=CARTESIAN_POINT('',(120.921485919762,-133.701960181316,48.5067552895567));
#5468=CARTESIAN_POINT('',(118.551650232545,-134.528511695347,49.5226523249509));
#5469=CARTESIAN_POINT('',(116.100519724928,-135.184640027236,50.5718565789344));
#5470=CARTESIAN_POINT('',(113.623106742753,-135.629570637521,51.6309398767091));
#5471=CARTESIAN_POINT('',(111.145693760579,-136.074501247807,52.6900231744839));
#5472=CARTESIAN_POINT('',(108.662134079595,-136.305281982848,53.750403921805));
#5473=CARTESIAN_POINT('',(106.175244421406,-136.311452116812,54.811218866786));
#5474=CARTESIAN_POINT('',(103.688354763216,-136.317622250775,55.872033811767));
#5475=CARTESIAN_POINT('',(101.172314636298,-136.092636494936,56.9442772459924));
#5476=CARTESIAN_POINT('',(98.703955486047,-135.630961993751,57.9955027920466));
#5477=CARTESIAN_POINT('',(96.2355963357962,-135.169287492566,59.0467283381007));
#5478=CARTESIAN_POINT('',(93.8387824388903,-134.477308593231,60.066786782523));
#5479=CARTESIAN_POINT('',(91.5083203375629,-133.566452836366,61.0581712813585));
#5480=CARTESIAN_POINT('',(89.1778582362356,-132.655597079501,62.049555780194));
#5481=CARTESIAN_POINT('',(86.8965534080135,-131.512064994041,63.0195678041327));
#5482=CARTESIAN_POINT('',(84.7244232826997,-130.178042409095,63.9428744226917));
#5483=CARTESIAN_POINT('',(82.5522931573859,-128.84401982415,64.8661810412507));
#5484=CARTESIAN_POINT('',(80.5062062119872,-127.332773905397,65.7356169513176));
#5485=CARTESIAN_POINT('',(78.5652830490425,-125.663468637192,66.5601947482807));
#5486=CARTESIAN_POINT('',(76.6243598860978,-123.994163368987,67.3847725452438));
#5487=CARTESIAN_POINT('',(74.7825159329467,-122.155428638228,68.167071481334));
#5488=CARTESIAN_POINT('',(73.0695047043468,-120.211529055226,68.8945402069788));
#5489=CARTESIAN_POINT('',(71.3564934757469,-118.267629472223,69.6220089326236));
#5490=CARTESIAN_POINT('',(69.7772596640791,-116.227299771947,70.292549030795));
#5491=CARTESIAN_POINT('',(68.3035788869306,-114.10062195833,70.9182016182275));
#5492=CARTESIAN_POINT('',(65.3562173326335,-109.847266331096,72.1695067930926));
#5493=CARTESIAN_POINT('',(62.8279633635518,-105.232971256944,73.2425864262365));
#5494=CARTESIAN_POINT('',(60.6537612234839,-100.42886625283,74.1652664374008));
#5495=CARTESIAN_POINT('',(58.479559083416,-95.6247612487155,75.0879464485651));
#5496=CARTESIAN_POINT('',(56.6720554779022,-90.6627842903627,75.8548534081864));
#5497=CARTESIAN_POINT('',(55.1332423994897,-85.5804941519043,76.5076642426007));
#5498=CARTESIAN_POINT('',(55.0573532306999,85.6062342434172,76.5298613008636));
#5499=CARTESIAN_POINT('',(56.595054081036,90.6833276592084,75.8776297810198));
#5500=CARTESIAN_POINT('',(58.3966837306642,95.6229332861864,75.1133088783263));
#5501=CARTESIAN_POINT('',(60.5470391843113,100.385533066194,74.2008117568915));
#5502=CARTESIAN_POINT('',(62.6973946379584,105.148132846202,73.2883146354568));
#5503=CARTESIAN_POINT('',(65.2044562374295,109.753940541185,72.2242681109521));
#5504=CARTESIAN_POINT('',(68.1796696107949,114.062111920664,70.9610799236064));
#5505=CARTESIAN_POINT('',(71.1548829841602,118.370283300143,69.6978917362607));
#5506=CARTESIAN_POINT('',(74.5278680139391,122.285225258409,68.2654770780682));
#5507=CARTESIAN_POINT('',(78.4299491615913,125.657138066452,66.6073373839122));
#5508=CARTESIAN_POINT('',(80.3809897354173,127.343094470474,65.7782675368342));
#5509=CARTESIAN_POINT('',(82.4487339075347,128.874108802384,64.8993666311126));
#5510=CARTESIAN_POINT('',(84.5934004884265,130.199984183409,63.9873842652279));
#5511=CARTESIAN_POINT('',(86.7380670693182,131.525859564434,63.0754018993432));
#5512=CARTESIAN_POINT('',(88.9705822932089,132.660110901116,62.1257028872791));
#5513=CARTESIAN_POINT('',(91.3092295323657,133.58820797537,61.1302537536832));
#5514=CARTESIAN_POINT('',(93.6478767715224,134.516305049625,60.1348046200872));
#5515=CARTESIAN_POINT('',(96.0955329837796,135.233009167056,59.0923619436353));
#5516=CARTESIAN_POINT('',(98.5600151785225,135.706791489146,58.041852583509));
#5517=CARTESIAN_POINT('',(101.024497373265,136.180573811235,56.9913432233827));
#5518=CARTESIAN_POINT('',(103.495455633949,136.417029353667,55.9372033612379));
#5519=CARTESIAN_POINT('',(105.997312077718,136.423126153077,54.8686019182839));
#5520=CARTESIAN_POINT('',(108.499168521487,136.429222952486,53.80000047533));
#5521=CARTESIAN_POINT('',(111.035309529223,136.205200311665,52.7154764436616));
#5522=CARTESIAN_POINT('',(113.515058391546,135.774981902314,51.6534041616837));
#5523=CARTESIAN_POINT('',(115.99480725387,135.344763492963,50.5913318797058));
#5524=CARTESIAN_POINT('',(118.421462314255,134.707597484702,49.5503080458426));
#5525=CARTESIAN_POINT('',(120.823638259463,133.882314092683,48.5178746349021));
#5526=CARTESIAN_POINT('',(123.225814204671,133.057030700663,47.4854412239615));
#5527=CARTESIAN_POINT('',(125.582077405159,132.048333344901,46.4707585858756));
#5528=CARTESIAN_POINT('',(127.852615684463,130.897171017837,45.4912743813116));
#5529=CARTESIAN_POINT('',(130.123153963768,129.746008690773,44.5117901767477));
#5530=CARTESIAN_POINT('',(132.313310430001,128.453531573124,43.5652456960378));
#5531=CARTESIAN_POINT('',(134.434563924022,127.039880629632,42.6474924390491));
#5532=CARTESIAN_POINT('',(138.677070912064,124.212578742649,40.8119859250716));
#5533=CARTESIAN_POINT('',(142.686866206571,120.860934554194,39.0734925658152));
#5534=CARTESIAN_POINT('',(146.37990806397,117.2182354638,37.4726072142183));
#5535=CARTESIAN_POINT('',(150.072949921369,113.575536373407,35.8717218626213));
#5536=CARTESIAN_POINT('',(153.459022059246,109.648208171936,34.4039724947279));
#5537=CARTESIAN_POINT('',(156.603029357336,105.493412696039,33.0402476002449));
#5538=CARTESIAN_POINT('',(159.747036655426,101.338617220141,31.6765227057619));
#5539=CARTESIAN_POINT('',(162.654985616055,96.9407689172951,30.4140137182761));
#5540=CARTESIAN_POINT('',(165.330771365934,92.3596589528653,29.2490925133733));
#5541=CARTESIAN_POINT('',(168.006557115813,87.7785489884356,28.0841713084705));
#5542=CARTESIAN_POINT('',(170.430639159345,83.047026936908,27.0251915879821));
#5543=CARTESIAN_POINT('',(172.612356982075,78.2218565808998,26.067520346873));
#5544=CARTESIAN_POINT('',(174.794074804804,73.3966862248915,25.109849105764));
#5545=CARTESIAN_POINT('',(176.744728820447,68.4567509771371,24.2487672573585));
#5546=CARTESIAN_POINT('',(178.480420058504,63.417781474445,23.4769584156747));
#5547=CARTESIAN_POINT('',(180.216111296561,58.3788119717528,22.7051495739909));
#5548=CARTESIAN_POINT('',(181.736661339359,53.2377840165729,22.0232091764678));
#5549=CARTESIAN_POINT('',(183.04664771526,47.9913405429919,21.4347902748391));
#5550=CARTESIAN_POINT('',(184.35663409116,42.7448970694109,20.8463713732103));
#5551=CARTESIAN_POINT('',(185.449951629055,37.4350981003615,20.347073766411));
#5552=CARTESIAN_POINT('',(186.319313810322,32.1283500049289,19.9441534037733));
#5553=CARTESIAN_POINT('',(188.058038172855,21.5148538140637,19.1383126784978));
#5554=CARTESIAN_POINT('',(188.917322919557,10.8251446859194,18.7384288174101));
#5555=CARTESIAN_POINT('',(188.923069382546,0.107747586939364,18.7354981661962));
#5556=CARTESIAN_POINT('',(188.925942614041,-5.25095096255067,18.7340328405892));
#5557=CARTESIAN_POINT('',(188.714266430815,-10.6176601381431,18.8328057449268));
#5558=CARTESIAN_POINT('',(188.283177248132,-15.9903240213444,19.0333959779452));
#5559=CARTESIAN_POINT('',(187.852088065448,-21.3629879045457,19.2339862109636));
#5560=CARTESIAN_POINT('',(187.197832770475,-26.7572582812296,19.5376413646228));
#5561=CARTESIAN_POINT('',(186.32553417617,-32.0903354917026,19.9412792861709));
#5562=CARTESIAN_POINT('',(184.580936987559,-42.7564899126486,20.7485551292672));
#5563=CARTESIAN_POINT('',(182.003325565146,-53.1481541682822,21.9107538441692));
#5564=CARTESIAN_POINT('',(178.545098487513,-63.2295785117679,23.4482117547239));
#5565=CARTESIAN_POINT('',(176.815984948696,-68.2702906835108,24.2169407100013));
#5566=CARTESIAN_POINT('',(174.861262284424,-73.2401281426886,25.0802108091434));
#5567=CARTESIAN_POINT('',(172.661548755272,-78.1129743368477,26.0459267814431));
#5568=CARTESIAN_POINT('',(170.46183522612,-82.9858205310068,27.0116427537428));
#5569=CARTESIAN_POINT('',(168.030005904906,-87.7322947114071,28.0739118973993));
#5570=CARTESIAN_POINT('',(165.379571255096,-92.2760431063347,29.227847638053));
#5571=CARTESIAN_POINT('',(162.729136605286,-96.8197915012623,30.3817833787066));
#5572=CARTESIAN_POINT('',(159.849253175543,-101.190026072414,31.632159196707));
#5573=CARTESIAN_POINT('',(156.703875979749,-105.359952014205,32.9965032957616));
#5574=CARTESIAN_POINT('',(153.558498783956,-109.529877955997,34.3608473948162));
#5575=CARTESIAN_POINT('',(150.126208523031,-113.516568160701,35.8486340500929));
#5576=CARTESIAN_POINT('',(146.433537388445,-117.165300156469,37.4493590227345));
#5577=CARTESIAN_POINT('',(142.740866253858,-120.814032152236,39.0500839953761));
#5578=CARTESIAN_POINT('',(138.810646309824,-124.113304360502,40.75413695987));
#5579=CARTESIAN_POINT('',(134.542565599622,-126.9677460995,42.6007662212044));
#5580=CARTESIAN_POINT('',(132.408525244521,-128.394966969,43.5240808518715));
#5581=CARTESIAN_POINT('',(130.188630219855,-129.708665299105,44.4835069222716));
#5582=CARTESIAN_POINT('',(127.919412593697,-130.863259528763,45.4624575845671));
#5583=CARTESIAN_POINT('',(125.650194967539,-132.017853758421,46.4414082468627));
#5584=CARTESIAN_POINT('',(123.331327229668,-133.013997251654,47.4400264986143));
#5585=CARTESIAN_POINT('',(120.954690527892,-133.837140561358,48.4615485736774));
#5586=CARTESIAN_POINT('',(118.578053826117,-134.660283871062,49.4830706487406));
#5587=CARTESIAN_POINT('',(116.1202323989,-135.312633635831,50.5375403449738));
#5588=CARTESIAN_POINT('',(113.636519681961,-135.753618558076,51.6013783165406));
#5589=CARTESIAN_POINT('',(111.152806965022,-136.194603480321,52.6652162881073));
#5590=CARTESIAN_POINT('',(108.663338895847,-136.421309355597,53.7298312584362));
#5591=CARTESIAN_POINT('',(106.170922066213,-136.423362738295,54.7944488421995));
#5592=CARTESIAN_POINT('',(103.678505236579,-136.425416120993,55.8590664259629));
#5593=CARTESIAN_POINT('',(101.157283352047,-136.196218204682,56.9347061779744));
#5594=CARTESIAN_POINT('',(98.6842135206307,-135.730422296926,57.988910553111));
#5595=CARTESIAN_POINT('',(96.2111436892144,-135.264626389169,59.0431149282475));
#5596=CARTESIAN_POINT('',(93.810085258576,-134.56864029948,60.065731601249));
#5597=CARTESIAN_POINT('',(91.475753778305,-133.653900804295,61.0593714792197));
#5598=CARTESIAN_POINT('',(89.141422298034,-132.739161309111,62.0530113571904));
#5599=CARTESIAN_POINT('',(86.856604365819,-131.59183542001,63.0249849794545));
#5600=CARTESIAN_POINT('',(84.681340721608,-130.254224023132,63.949988976509));
#5601=CARTESIAN_POINT('',(82.506077077397,-128.916612626255,64.8749929735635));
#5602=CARTESIAN_POINT('',(80.4572306160493,-127.401988872984,65.745863122311));
#5603=CARTESIAN_POINT('',(78.5138223126364,-125.729480973033,66.5716964318298));
#5604=CARTESIAN_POINT('',(76.5704140092237,-124.056973073083,67.3975297413485));
#5605=CARTESIAN_POINT('',(74.7263543202681,-122.215197776189,68.1809066504335));
#5606=CARTESIAN_POINT('',(73.0113764387375,-120.268466868714,68.9093065548762));
#5607=CARTESIAN_POINT('',(71.2963985572069,-118.32173596124,69.637706459319));
#5608=CARTESIAN_POINT('',(69.7154463114039,-116.27878470856,70.3090314912221));
#5609=CARTESIAN_POINT('',(68.240215971051,-114.149638636308,70.9353736589837));
#5610=CARTESIAN_POINT('',(65.2897552903453,-109.891346491803,72.188057994507));
#5611=CARTESIAN_POINT('',(62.7590802060048,-105.272733135721,73.2621362271656));
#5612=CARTESIAN_POINT('',(60.5828602038142,-100.464789336039,74.1856111947825));
#5613=CARTESIAN_POINT('',(58.4066402016235,-95.6568455363567,75.1090861623994));
#5614=CARTESIAN_POINT('',(56.5975390940276,-90.6915325142188,75.8765757377669));
#5615=CARTESIAN_POINT('',(55.0573532306541,-85.6062342432661,76.5298613008831));
#5616=CARTESIAN_POINT('',(54.9833755875337,85.630989793069,76.5489102375185));
#5617=CARTESIAN_POINT('',(56.5223998516605,90.7109757017191,75.8962496854621));
#5618=CARTESIAN_POINT('',(58.3255633922221,95.6537750890187,75.1313945348274));
#5619=CARTESIAN_POINT('',(60.477843556334,100.420033994134,74.2181561513993));
#5620=CARTESIAN_POINT('',(62.6301237204459,105.186292899249,73.3049177679712));
#5621=CARTESIAN_POINT('',(65.1394982581304,109.796227374413,72.2399278934137));
#5622=CARTESIAN_POINT('',(68.1177092880043,114.109172615797,70.9753905301674));
#5623=CARTESIAN_POINT('',(71.0959203178781,118.422117857181,69.7108531669212));
#5624=CARTESIAN_POINT('',(74.4725424102736,122.34241459106,68.2767135133411));
#5625=CARTESIAN_POINT('',(78.3793861130847,125.720456541325,66.6160632673729));
#5626=CARTESIAN_POINT('',(80.3328079644903,127.409477516458,65.7857381443887));
#5627=CARTESIAN_POINT('',(82.4032243515213,128.943748714497,64.9053789903058));
#5628=CARTESIAN_POINT('',(84.5508553089406,130.272993458428,63.9916988221854));
#5629=CARTESIAN_POINT('',(86.6984862663599,131.602238202359,63.0780186540651));
#5630=CARTESIAN_POINT('',(88.9342561309781,132.739988254943,62.1263835888873));
#5631=CARTESIAN_POINT('',(91.2765735512517,133.671738150495,61.1286354955439));
#5632=CARTESIAN_POINT('',(93.6188909715254,134.603488046048,60.1308874022005));
#5633=CARTESIAN_POINT('',(96.0706350759503,135.32400136467,59.0857758786764));
#5634=CARTESIAN_POINT('',(98.5395685456597,135.801581943016,58.0322005822056));
#5635=CARTESIAN_POINT('',(101.008502015369,136.279162521363,56.9786252857349));
#5636=CARTESIAN_POINT('',(103.484119175656,136.519377606331,55.9210993855699));
#5637=CARTESIAN_POINT('',(105.991079041051,136.52916820161,54.8485779713108));
#5638=CARTESIAN_POINT('',(108.498038906447,136.53895879689,53.7760565570517));
#5639=CARTESIAN_POINT('',(111.039866287254,136.318562403122,52.6870122442168));
#5640=CARTESIAN_POINT('',(113.52528646432,135.891715847694,51.6200568813658));
#5641=CARTESIAN_POINT('',(116.010706641386,135.464869292266,50.5531015185148));
#5642=CARTESIAN_POINT('',(118.443159986689,134.83080815474,49.5067722761529));
#5643=CARTESIAN_POINT('',(120.851386140595,134.008214061216,48.4684980096621));
#5644=CARTESIAN_POINT('',(123.259612294502,133.185619967692,47.4302237431712));
#5645=CARTESIAN_POINT('',(125.621955703431,132.17923137452,46.4092750403863));
#5646=CARTESIAN_POINT('',(127.898377979132,131.029808791732,45.4233551800279));
#5647=CARTESIAN_POINT('',(130.174800254834,129.880386208944,44.4374353196696));
#5648=CARTESIAN_POINT('',(132.370617928533,128.589100836323,43.4842989258457));
#5649=CARTESIAN_POINT('',(134.497201782979,127.17606173822,42.5600348012815));
#5650=CARTESIAN_POINT('',(138.750369491871,124.349983542015,40.711506552153));
#5651=CARTESIAN_POINT('',(142.769339781826,120.997265647768,38.9604111776653));
#5652=CARTESIAN_POINT('',(146.469941248219,117.351916815416,37.3486062036376));
#5653=CARTESIAN_POINT('',(150.170542714613,113.706567983064,35.7368012296098));
#5654=CARTESIAN_POINT('',(153.562653166437,109.775183924646,34.2596779313899));
#5655=CARTESIAN_POINT('',(156.71178715565,105.615494993888,32.887518599422));
#5656=CARTESIAN_POINT('',(159.860921144863,101.455806063131,31.515359267454));
#5657=CARTESIAN_POINT('',(162.773035712476,97.0522564139128,30.2453197898868));
#5658=CARTESIAN_POINT('',(165.452158741792,92.4648969694645,29.0733572309703));
#5659=CARTESIAN_POINT('',(168.131281771108,87.8775375250162,27.9013946720538));
#5660=CARTESIAN_POINT('',(170.557853134506,83.1391943317179,26.835911988255));
#5661=CARTESIAN_POINT('',(172.74114557184,78.3069454422686,25.8721965408028));
#5662=CARTESIAN_POINT('',(174.924438009175,73.4746965528193,24.9084810933507));
#5663=CARTESIAN_POINT('',(176.875865885965,68.5273365614308,24.0416462240454));
#5664=CARTESIAN_POINT('',(178.611189643187,63.4807876958598,23.2651336121465));
#5665=CARTESIAN_POINT('',(180.346513400409,58.4342388302888,22.4886210002476));
#5666=CARTESIAN_POINT('',(181.865463079683,53.2860093476553,21.802992075759));
#5667=CARTESIAN_POINT('',(183.173809755697,48.0326661665821,21.2109299843863));
#5668=CARTESIAN_POINT('',(184.482156431711,42.7793229855089,20.6188678930136));
#5669=CARTESIAN_POINT('',(185.571984164137,37.4620072744837,20.119136565377));
#5670=CARTESIAN_POINT('',(186.436490533978,32.1495279568738,19.7187233616685));
#5671=CARTESIAN_POINT('',(188.165503273662,21.5245693216541,18.9178969542515));
#5672=CARTESIAN_POINT('',(189.019063570125,10.8300727096123,18.5204120818383));
#5673=CARTESIAN_POINT('',(189.024675503098,0.107787709329491,18.5176477462134));
#5674=CARTESIAN_POINT('',(189.027481469585,-5.25335479081192,18.5162655784009));
#5675=CARTESIAN_POINT('',(188.817309822684,-10.6224712918876,18.6142017019634));
#5676=CARTESIAN_POINT('',(188.388999271841,-15.9984496624448,18.8133455109882));
#5677=CARTESIAN_POINT('',(187.960688720997,-21.374428033002,19.012489320013));
#5678=CARTESIAN_POINT('',(187.310288241406,-26.7729243427476,19.3144049067102));
#5679=CARTESIAN_POINT('',(186.442670204726,-32.1115310837063,19.7158659766955));
#5680=CARTESIAN_POINT('',(184.707434131366,-42.7887445656236,20.5187881166659));
#5681=CARTESIAN_POINT('',(182.133383045628,-53.1959095269634,21.6891925848559));
#5682=CARTESIAN_POINT('',(178.675840030323,-63.2923563111733,23.2362116177422));
#5683=CARTESIAN_POINT('',(176.947068522671,-68.3405797032784,24.0097211341854));
#5684=CARTESIAN_POINT('',(174.991665813559,-73.3178790240616,24.8786658242573));
#5685=CARTESIAN_POINT('',(172.790384014107,-78.1978776524972,25.8504626305143));
#5686=CARTESIAN_POINT('',(170.589102214656,-83.0778762809328,26.8222594367713));
#5687=CARTESIAN_POINT('',(168.154770486084,-87.8311933433212,27.8910641526706));
#5688=CARTESIAN_POINT('',(165.501027500978,-92.3811529299069,29.0519808272558));
#5689=CARTESIAN_POINT('',(162.847284515872,-96.9311125164926,30.2128975018411));
#5690=CARTESIAN_POINT('',(159.963251033483,-101.307066064013,31.4707465985352));
#5691=CARTESIAN_POINT('',(156.812783732922,-105.481896369773,32.8435094792344));
#5692=CARTESIAN_POINT('',(153.662316432362,-109.656726675532,34.2162723599336));
#5693=CARTESIAN_POINT('',(150.223887436114,-113.647558133809,35.7135679848999));
#5694=CARTESIAN_POINT('',(146.523673500409,-117.29894992697,37.3252021693365));
#5695=CARTESIAN_POINT('',(142.823459564705,-120.95034172013,38.9368363537731));
#5696=CARTESIAN_POINT('',(138.884230872873,-124.250750812035,40.6532563591052));
#5697=CARTESIAN_POINT('',(134.605491625159,-127.103945579483,42.5129702177658));
#5698=CARTESIAN_POINT('',(132.466122001302,-128.530542963207,43.4428271470961));
#5699=CARTESIAN_POINT('',(130.240401190711,-129.843096735688,44.4089776305495));
#5700=CARTESIAN_POINT('',(127.96533420106,-130.995955995888,45.3943545124633));
#5701=CARTESIAN_POINT('',(125.690267211409,-132.148815256088,46.379731394377));
#5702=CARTESIAN_POINT('',(123.365376800437,-133.142703927664,47.3845422959181));
#5703=CARTESIAN_POINT('',(120.982780249163,-133.963182696064,48.4118480932777));
#5704=CARTESIAN_POINT('',(118.600183697888,-134.783661464464,49.4391538906374));
#5705=CARTESIAN_POINT('',(116.136377700956,-135.432904623694,50.4990630197078));
#5706=CARTESIAN_POINT('',(113.646959352989,-135.870531117031,51.5678187636834));
#5707=CARTESIAN_POINT('',(111.157541005022,-136.308157610369,52.636574507659));
#5708=CARTESIAN_POINT('',(108.662639308464,-136.531288623588,53.7055769024406));
#5709=CARTESIAN_POINT('',(106.165093577684,-136.529660288177,54.7741314689296));
#5710=CARTESIAN_POINT('',(103.667547846903,-136.528031952766,55.8426860354185));
#5711=CARTESIAN_POINT('',(101.141469620709,-136.294994476288,56.9218385696551));
#5712=CARTESIAN_POINT('',(98.6639641722154,-135.82539942268,57.9791151627234));
#5713=CARTESIAN_POINT('',(96.1864587237216,-135.355804369073,59.0363917557917));
#5714=CARTESIAN_POINT('',(93.781374658942,-134.656079338608,60.0616385326597));
#5715=CARTESIAN_POINT('',(91.4433613485619,-133.737691794632,61.0575883293217));
#5716=CARTESIAN_POINT('',(89.1053480381818,-132.819304250656,62.0535381259838));
#5717=CARTESIAN_POINT('',(86.8171740826156,-131.668388308353,63.0275106209861));
#5718=CARTESIAN_POINT('',(84.6389134723272,-130.327369236365,63.9542353910376));
#5719=CARTESIAN_POINT('',(82.4606528620387,-128.986350164376,64.8809601610891));
#5720=CARTESIAN_POINT('',(80.409159769363,-127.468504089492,65.7532752263321));
#5721=CARTESIAN_POINT('',(78.4633655958325,-125.792934543275,66.5803666360403));
#5722=CARTESIAN_POINT('',(76.5175714223019,-124.117364997057,67.4074580457484));
#5723=CARTESIAN_POINT('',(74.6713816970082,-122.272675614205,68.1919072593679));
#5724=CARTESIAN_POINT('',(72.9545125744138,-120.323228768073,68.9212278045484));
#5725=CARTESIAN_POINT('',(71.2376434518194,-118.373781921942,69.6505483497289));
#5726=CARTESIAN_POINT('',(69.655037336212,-116.328312502055,70.3226432217763));
#5727=CARTESIAN_POINT('',(68.1783147767305,-114.196793706183,70.9496575892849));
#5728=CARTESIAN_POINT('',(65.2248696577675,-109.933756114437,72.2036863243022));
#5729=CARTESIAN_POINT('',(62.6918607809466,-105.310986262241,73.2787190476678));
#5730=CARTESIAN_POINT('',(60.5136949487691,-100.499347464428,74.20294395382));
#5731=CARTESIAN_POINT('',(58.3355291165916,-95.6877086666144,75.1271688599721));
#5732=CARTESIAN_POINT('',(56.5248867397478,-90.7191843567548,75.8951950609704));
#5733=CARTESIAN_POINT('',(54.9833755874845,-85.630989792906,76.5489102375394));
#5734=CARTESIAN_POINT('',(54.9094479341625,85.655381485041,76.5652416038363));
#5735=CARTESIAN_POINT('',(56.4497835950437,90.7382189789687,75.9121862577533));
#5736=CARTESIAN_POINT('',(58.2544654010982,95.6841667272036,75.1468292143503));
#5737=CARTESIAN_POINT('',(60.4086476394288,100.454032476339,74.2328760733313));
#5738=CARTESIAN_POINT('',(62.5628298777595,105.223898225474,73.3189229323123));
#5739=CARTESIAN_POINT('',(65.0744877995362,109.837900032082,72.253011120521));
#5740=CARTESIAN_POINT('',(68.0556514938121,114.155545674296,70.9871279766761));
#5741=CARTESIAN_POINT('',(71.0368151880879,118.47319131651,69.7212448328313));
#5742=CARTESIAN_POINT('',(74.4170160514011,122.398758070406,68.2853668106041));
#5743=CARTESIAN_POINT('',(78.328527999008,125.782812016356,66.6221432099699));
#5744=CARTESIAN_POINT('',(80.2842839728115,127.474838989331,65.7905314096528));
#5745=CARTESIAN_POINT('',(82.3573162259011,129.012300317368,64.9086698021557));
#5746=CARTESIAN_POINT('',(84.5078418530922,130.344835993908,63.9932293974854));
#5747=CARTESIAN_POINT('',(86.6583674802832,131.677371670448,63.0777889928151));
#5748=CARTESIAN_POINT('',(88.8973086119547,132.818529999859,62.1241373864162));
#5749=CARTESIAN_POINT('',(91.2431889287429,133.753821241072,61.1239821581985));
#5750=CARTESIAN_POINT('',(93.5890692455311,134.689112482285,60.1238269299809));
#5751=CARTESIAN_POINT('',(96.0447686910538,135.41330155944,59.0759099912173));
#5752=CARTESIAN_POINT('',(98.5179855131847,135.894518327897,58.0190996644817));
#5753=CARTESIAN_POINT('',(100.991202335316,136.375735096354,56.962289337746));
#5754=CARTESIAN_POINT('',(103.471276036967,136.619520196275,55.9011774205398));
#5755=CARTESIAN_POINT('',(105.983077740034,136.632771294019,54.8244967372885));
#5756=CARTESIAN_POINT('',(108.4948794431,136.646022391763,53.7478160540372));
#5757=CARTESIAN_POINT('',(111.042070807119,136.428974059567,52.6539719061397));
#5758=CARTESIAN_POINT('',(113.532763092946,136.005172860894,51.581823036257));
#5759=CARTESIAN_POINT('',(116.023455378773,135.581371662222,50.5096741663742));
#5760=CARTESIAN_POINT('',(118.461230244498,134.950040069668,49.4576990163973));
#5761=CARTESIAN_POINT('',(120.874922458647,134.129705843634,48.4132214768642));
#5762=CARTESIAN_POINT('',(123.288614672796,133.309371617599,47.3687439373311));
#5763=CARTESIAN_POINT('',(125.656349710103,132.304809512695,46.3411471496327));
#5764=CARTESIAN_POINT('',(127.937874521252,131.156622632773,45.3484173566417));
#5765=CARTESIAN_POINT('',(130.2193993324,130.008435752852,44.3556875636507));
#5766=CARTESIAN_POINT('',(132.420006123944,128.717816953585,43.3955914487448));
#5767=CARTESIAN_POINT('',(134.550984705069,127.304880305014,42.4644762678171));
#5768=CARTESIAN_POINT('',(138.812941867319,124.479007007872,40.6022459059617));
#5769=CARTESIAN_POINT('',(142.838971058092,121.124262879441,38.8379757326725));
#5770=CARTESIAN_POINT('',(146.545055742277,117.475533944934,37.2148890038159));
#5771=CARTESIAN_POINT('',(150.251140426463,113.826805010426,35.5918022749593));
#5772=CARTESIAN_POINT('',(153.647247455517,109.890831838535,34.1051399241603));
#5773=CARTESIAN_POINT('',(156.799446335375,105.725849734627,32.7246126420099));
#5774=CARTESIAN_POINT('',(159.951645215234,101.560867630719,31.3440853598595));
#5775=CARTESIAN_POINT('',(162.865824687662,97.1513447358728,30.0668139039391));
#5776=CARTESIAN_POINT('',(165.546041873357,92.5575571876379,28.8884380385695));
#5777=CARTESIAN_POINT('',(168.226259059053,87.9637696394029,27.7100621731998));
#5778=CARTESIAN_POINT('',(170.652929873694,83.2185245993183,26.6390558040111));
#5779=CARTESIAN_POINT('',(172.83525533123,78.3792421465337,25.6707203999001));
#5780=CARTESIAN_POINT('',(175.017580788766,73.539959693749,24.7023849957892));
#5781=CARTESIAN_POINT('',(176.967068301232,68.5853684845119,23.8315910533394));
#5782=CARTESIAN_POINT('',(178.699237211751,63.5316572515691,23.0530629329221));
#5783=CARTESIAN_POINT('',(180.431406122271,58.4779460186264,22.2745348125047));
#5784=CARTESIAN_POINT('',(181.946095579387,53.3228985533519,21.5885852752145));
#5785=CARTESIAN_POINT('',(183.250398407965,48.0635810172459,20.9960053780507));
#5786=CARTESIAN_POINT('',(184.554701236544,42.80426348114,20.403425480887));
#5787=CARTESIAN_POINT('',(185.638954988853,37.4812820629113,19.9082225458454));
#5788=CARTESIAN_POINT('',(186.497741123875,32.1641498373262,19.5162764973509));
#5789=CARTESIAN_POINT('',(188.215313393918,21.5298853861559,18.7323844003617));
#5790=CARTESIAN_POINT('',(189.06330884128,10.8328162099055,18.3452517842081));
#5791=CARTESIAN_POINT('',(189.068817339529,0.107821017817092,18.3427912058479));
#5792=CARTESIAN_POINT('',(189.071571588653,-5.25467657822711,18.3415609166677));
#5793=CARTESIAN_POINT('',(188.862859701945,-10.6250870251142,18.4366733939028));
#5794=CARTESIAN_POINT('',(188.437459681081,-16.003244671213,18.6307728985773));
#5795=CARTESIAN_POINT('',(188.012059660217,-21.3814023173118,18.8248724032519));
#5796=CARTESIAN_POINT('',(187.365923631947,-26.7829061915066,19.1199910279971));
#5797=CARTESIAN_POINT('',(186.503883557298,-32.126110098612,19.513472882723));
#5798=CARTESIAN_POINT('',(184.779803408,-42.8125179128228,20.3004365921748));
#5799=CARTESIAN_POINT('',(182.215093331683,-53.2323569978244,21.4726866649941));
#5800=CARTESIAN_POINT('',(178.763764210664,-63.342988813447,23.0240575993324));
#5801=CARTESIAN_POINT('',(177.038099650155,-68.3983047212583,23.7997430665015));
#5802=CARTESIAN_POINT('',(175.084754688094,-73.3828910805833,24.672467386748));
#5803=CARTESIAN_POINT('',(172.884481035117,-78.269994738,25.6488793865555));
#5804=CARTESIAN_POINT('',(170.68420738214,-83.1570983954166,26.6252913863631));
#5805=CARTESIAN_POINT('',(168.249763063269,-87.9173365717436,27.6996711270578));
#5806=CARTESIAN_POINT('',(165.594938206443,-92.4736825328527,28.8669417452459));
#5807=CARTESIAN_POINT('',(162.940113349618,-97.0300284939618,30.0342123634339));
#5808=CARTESIAN_POINT('',(160.05401668582,-101.411967406787,31.2992324614305));
#5809=CARTESIAN_POINT('',(156.900526870599,-105.592099836879,32.6803408334126));
#5810=CARTESIAN_POINT('',(153.747037055378,-109.77223226697,34.0614492053947));
#5811=CARTESIAN_POINT('',(150.304540281279,-113.767743640903,35.5684200350136));
#5812=CARTESIAN_POINT('',(146.598861032335,-117.422524510041,37.1913237484486));
#5813=CARTESIAN_POINT('',(142.893181783392,-121.077305379178,38.8142274618835));
#5814=CARTESIAN_POINT('',(138.947024763745,-124.379783560309,40.5435738717316));
#5815=CARTESIAN_POINT('',(134.659515099726,-127.232756649307,42.417056038081));
#5816=CARTESIAN_POINT('',(132.515760267717,-128.659243193806,43.3537971212558));
#5817=CARTESIAN_POINT('',(130.285097861935,-129.971185734602,44.3270455004956));
#5818=CARTESIAN_POINT('',(128.00496653424,-131.122813881226,45.3192219613828));
#5819=CARTESIAN_POINT('',(125.724835206545,-132.274442027849,46.31139842227));
#5820=CARTESIAN_POINT('',(123.394601419001,-133.266551916891,47.3227787316918));
#5821=CARTESIAN_POINT('',(121.00662657105,-134.084793162973,48.3562278915821));
#5822=CARTESIAN_POINT('',(118.618651723099,-134.903034409054,49.3896770514725));
#5823=CARTESIAN_POINT('',(116.149348434118,-135.549553285025,50.4553716486123));
#5824=CARTESIAN_POINT('',(113.654628047512,-135.984150523497,51.52935719878));
#5825=CARTESIAN_POINT('',(111.159907660906,-136.418747761969,52.6033427489478));
#5826=CARTESIAN_POINT('',(108.6598906962,-136.638578718957,53.677008688767));
#5827=CARTESIAN_POINT('',(106.157478791874,-136.633502698722,54.7497401614225));
#5828=CARTESIAN_POINT('',(103.655066887549,-136.628426678486,55.822471634078));
#5829=CARTESIAN_POINT('',(101.124340904045,-136.391744751511,56.9053427490617));
#5830=CARTESIAN_POINT('',(98.6425698211829,-135.918514249747,57.9658623191726));
#5831=CARTESIAN_POINT('',(96.1607987383208,-135.445283747984,59.0263818892834));
#5832=CARTESIAN_POINT('',(93.7518196465068,-134.741951252264,60.0543936122972));
#5833=CARTESIAN_POINT('',(91.4102325964398,-133.820027732689,61.0527623642192));
#5834=CARTESIAN_POINT('',(89.0686455463728,-132.898104213113,62.0511311161411));
#5835=CARTESIAN_POINT('',(86.7772015805762,-131.74369139483,63.0271859551604));
#5836=CARTESIAN_POINT('',(84.5960150589886,-130.399344474227,63.9556952629825));
#5837=CARTESIAN_POINT('',(82.414828537401,-129.054997553623,64.8842045708046));
#5838=CARTESIAN_POINT('',(80.36074472355,-127.533995344691,65.7580084261384));
#5839=CARTESIAN_POINT('',(78.4126117991618,-125.855422607251,66.586389536971));
#5840=CARTESIAN_POINT('',(76.4644788747736,-124.176849869812,67.4147706478036));
#5841=CARTESIAN_POINT('',(74.6161975791037,-122.329297332713,68.2003112383653));
#5842=CARTESIAN_POINT('',(72.8974694991631,-120.37717990801,68.9305634543805));
#5843=CARTESIAN_POINT('',(71.1787414192225,-118.425062483308,69.6608156703957));
#5844=CARTESIAN_POINT('',(69.5945076044022,-116.377114718913,70.3336834098292));
#5845=CARTESIAN_POINT('',(68.1163151945018,-114.243259644628,70.9613684256098));
#5846=CARTESIAN_POINT('',(65.1599303747008,-109.97554949606,72.2167384571711));
#5847=CARTESIAN_POINT('',(62.6246177393063,-105.348683176784,73.2927045429279));
#5848=CARTESIAN_POINT('',(60.4445290236642,-100.533402267932,74.2176526825721));
#5849=CARTESIAN_POINT('',(58.264440308022,-95.7181213590795,75.1426008222163));
#5850=CARTESIAN_POINT('',(56.4522723385594,-90.7464313670932,75.9111311075198));
#5851=CARTESIAN_POINT('',(54.9094479341106,-85.6553814848692,76.5652416038584));
#5852=CARTESIAN_POINT('',(54.8355202807913,85.679773177013,76.5815729701542));
#5853=CARTESIAN_POINT('',(56.377167338427,90.7654622562183,75.9281228300445));
#5854=CARTESIAN_POINT('',(58.1833674099743,95.7145583653886,75.1622638938732));
#5855=CARTESIAN_POINT('',(60.3394517225237,100.488030958544,74.2475959952634));
#5856=CARTESIAN_POINT('',(62.4955360350731,105.2615035517,73.3329280966535));
#5857=CARTESIAN_POINT('',(65.009477340942,109.879572689751,72.2660943476283));
#5858=CARTESIAN_POINT('',(67.9935936996198,114.201918732795,70.9988654231848));
#5859=CARTESIAN_POINT('',(70.9777100582977,118.524264775839,69.7316364987413));
#5860=CARTESIAN_POINT('',(74.3614896925285,122.455101549752,68.2940201078672));
#5861=CARTESIAN_POINT('',(78.2776698849313,125.845167491387,66.628223152567));
#5862=CARTESIAN_POINT('',(80.2357599811327,127.540200462204,65.7953246749169));
#5863=CARTESIAN_POINT('',(82.3114081002809,129.080851920238,64.9119606140057));
#5864=CARTESIAN_POINT('',(84.4648283972437,130.416678529388,63.9947599727854));
#5865=CARTESIAN_POINT('',(86.6182486942065,131.752505138538,63.077559331565));
#5866=CARTESIAN_POINT('',(88.8603610929313,132.897071744775,62.121891183945));
#5867=CARTESIAN_POINT('',(91.209804306234,133.835904331648,61.1193288208532));
#5868=CARTESIAN_POINT('',(93.5592475195368,134.774736918521,60.1167664577613));
#5869=CARTESIAN_POINT('',(96.0189023061573,135.502601754209,59.0660441037583));
#5870=CARTESIAN_POINT('',(98.4964024807098,135.987454712777,58.0059987467577));
#5871=CARTESIAN_POINT('',(100.973902655262,136.472307671345,56.945953389757));
#5872=CARTESIAN_POINT('',(103.458432898278,136.719662786218,55.8812554555097));
#5873=CARTESIAN_POINT('',(105.975076439016,136.736374386427,54.8004155032662));
#5874=CARTESIAN_POINT('',(108.491719979754,136.753085986637,53.7195755510227));
#5875=CARTESIAN_POINT('',(111.044275326984,136.539385716012,52.6209315680627));
#5876=CARTESIAN_POINT('',(113.540239721572,136.118629874095,51.5435891911482));
#5877=CARTESIAN_POINT('',(116.03620411616,135.697874032177,50.4662468142336));
#5878=CARTESIAN_POINT('',(118.479300502306,135.069271984596,49.4086257566417));
#5879=CARTESIAN_POINT('',(120.898458776698,134.251197626051,48.3579449440663));
#5880=CARTESIAN_POINT('',(123.31761705109,133.433123267506,47.3072641314909));
#5881=CARTESIAN_POINT('',(125.690743716775,132.43038765087,46.2730192588791));
#5882=CARTESIAN_POINT('',(127.977371063371,131.283436473814,45.2734795332555));
#5883=CARTESIAN_POINT('',(130.263998409967,130.136485296759,44.2739398076318));
#5884=CARTESIAN_POINT('',(132.469394319356,128.846533070847,43.3068839716438));
#5885=CARTESIAN_POINT('',(134.60476762716,127.433698871807,42.3689177343527));
#5886=CARTESIAN_POINT('',(138.875514242767,124.608030473729,40.4929852597704));
#5887=CARTESIAN_POINT('',(142.908602334358,121.251260111115,38.7155402876797));
#5888=CARTESIAN_POINT('',(146.620170236336,117.599151074452,37.0811718039943));
#5889=CARTESIAN_POINT('',(150.331738138314,113.947042037789,35.4468033203088));
#5890=CARTESIAN_POINT('',(153.731841744597,110.006479752424,33.9506019169306));
#5891=CARTESIAN_POINT('',(156.887105515101,105.836204475366,32.5617066845978));
#5892=CARTESIAN_POINT('',(160.042369285605,101.665929198307,31.172811452265));
#5893=CARTESIAN_POINT('',(162.958613662849,97.2504330578329,29.8883080179915));
#5894=CARTESIAN_POINT('',(165.639925004923,92.6502174058112,28.7035188461686));
#5895=CARTESIAN_POINT('',(168.321236346997,88.0500017537896,27.5187296743457));
#5896=CARTESIAN_POINT('',(170.748006612883,83.2978548669187,26.4421996197673));
#5897=CARTESIAN_POINT('',(172.92936509062,78.4515388507987,25.4692442589975));
#5898=CARTESIAN_POINT('',(175.110723568357,73.6052228346787,24.4962888982276));
#5899=CARTESIAN_POINT('',(177.058270716499,68.6434004075929,23.6215358826334));
#5900=CARTESIAN_POINT('',(178.787284780316,63.5825268072785,22.8409922536977));
#5901=CARTESIAN_POINT('',(180.516298844132,58.5216532069641,22.0604486247619));
#5902=CARTESIAN_POINT('',(182.02672807909,53.3597877590485,21.3741784746699));
#5903=CARTESIAN_POINT('',(183.326987060234,48.0944958679098,20.7810807717152));
#5904=CARTESIAN_POINT('',(184.627246041377,42.829203976771,20.1879830687605));
#5905=CARTESIAN_POINT('',(185.70592581357,37.5005568513389,19.6973085263139));
#5906=CARTESIAN_POINT('',(186.558991713771,32.1787717177785,19.3138296330332));
#5907=CARTESIAN_POINT('',(188.265123514174,21.5352014506576,18.5468718464718));
#5908=CARTESIAN_POINT('',(189.107554112435,10.8355597101987,18.1700914865779));
#5909=CARTESIAN_POINT('',(189.112959175959,0.107854326304694,18.1679346654823));
#5910=CARTESIAN_POINT('',(189.115661707721,-5.25599836564229,18.1668562549345));
#5911=CARTESIAN_POINT('',(188.908409581206,-10.6277027583408,18.2591450858421));
#5912=CARTESIAN_POINT('',(188.485920090321,-16.0080396799812,18.4482002861665));
#5913=CARTESIAN_POINT('',(188.063430599436,-21.3883766016216,18.6372554864908));
#5914=CARTESIAN_POINT('',(187.421559022489,-26.7928880402656,18.9255771492841));
#5915=CARTESIAN_POINT('',(186.565096909871,-32.1406891135178,19.3110797887506));
#5916=CARTESIAN_POINT('',(184.852172684634,-42.8362912600221,20.0820850676836));
#5917=CARTESIAN_POINT('',(182.296803617738,-53.2688044686853,21.2561807451324));
#5918=CARTESIAN_POINT('',(178.851688391005,-63.3936213157206,22.8119035809225));
#5919=CARTESIAN_POINT('',(177.129130777639,-68.4560297392383,23.5897649988176));
#5920=CARTESIAN_POINT('',(175.177843562629,-73.447903137105,24.4662689492386));
#5921=CARTESIAN_POINT('',(172.978578056126,-78.3421118235028,25.4472961425968));
#5922=CARTESIAN_POINT('',(170.779312549624,-83.2363205099005,26.4283233359549));
#5923=CARTESIAN_POINT('',(168.344755640454,-88.003479800166,27.5082781014451));
#5924=CARTESIAN_POINT('',(165.688848911909,-92.5662121357985,28.6819026632359));
#5925=CARTESIAN_POINT('',(163.032942183364,-97.1289444714308,29.8555272250266));
#5926=CARTESIAN_POINT('',(160.144782338157,-101.516868749561,31.1277183243257));
#5927=CARTESIAN_POINT('',(156.988270008275,-105.702303303985,32.5171721875907));
#5928=CARTESIAN_POINT('',(153.831757678394,-109.887737858408,33.9066260508557));
#5929=CARTESIAN_POINT('',(150.385193126444,-113.887929147997,35.4232720851274));
#5930=CARTESIAN_POINT('',(146.674048564261,-117.546099093112,37.0574453275607));
#5931=CARTESIAN_POINT('',(142.962904002078,-121.204269038226,38.691618569994));
#5932=CARTESIAN_POINT('',(139.009818654617,-124.508816308583,40.4338913843579));
#5933=CARTESIAN_POINT('',(134.713538574293,-127.361567719131,42.3211418583963));
#5934=CARTESIAN_POINT('',(132.565398534131,-128.787943424405,43.2647670954155));
#5935=CARTESIAN_POINT('',(130.32979453316,-130.099274733516,44.2451133704418));
#5936=CARTESIAN_POINT('',(128.044598867421,-131.249671766563,45.2440894103024));
#5937=CARTESIAN_POINT('',(125.759403201682,-132.400068799611,46.243065450163));
#5938=CARTESIAN_POINT('',(123.423826037565,-133.390399906119,47.2610151674656));
#5939=CARTESIAN_POINT('',(121.030472892937,-134.206403629882,48.3006076898865));
#5940=CARTESIAN_POINT('',(118.637119748309,-135.022407353644,49.3402002123075));
#5941=CARTESIAN_POINT('',(116.16231916728,-135.666201946356,50.4116802775168));
#5942=CARTESIAN_POINT('',(113.662296742035,-136.097769929963,51.4908956338767));
#5943=CARTESIAN_POINT('',(111.16227431679,-136.529337913569,52.5701109902365));
#5944=CARTESIAN_POINT('',(108.657142083935,-136.745868814326,53.6484404750934));
#5945=CARTESIAN_POINT('',(106.149864006065,-136.737345109266,54.7253488539155));
#5946=CARTESIAN_POINT('',(103.642585928195,-136.728821404206,55.8022572327375));
#5947=CARTESIAN_POINT('',(101.107212187381,-136.488495026733,56.8888469284684));
#5948=CARTESIAN_POINT('',(98.6211754701503,-136.011629076814,57.9526094756217));
#5949=CARTESIAN_POINT('',(96.13513875292,-135.534763126895,59.0163720227751));
#5950=CARTESIAN_POINT('',(93.7222646340716,-134.82782316592,60.0471486919347));
#5951=CARTESIAN_POINT('',(91.3771038443177,-133.902363670746,61.0479363991166));
#5952=CARTESIAN_POINT('',(89.0319430545637,-132.976904175571,62.0487241062985));
#5953=CARTESIAN_POINT('',(86.7372290785368,-131.818994481307,63.0268612893347));
#5954=CARTESIAN_POINT('',(84.55311664565,-130.471319712089,63.9571551349274));
#5955=CARTESIAN_POINT('',(82.3690042127632,-129.123644942871,64.8874489805201));
#5956=CARTESIAN_POINT('',(80.3123296777369,-127.59948659989,65.7627416259448));
#5957=CARTESIAN_POINT('',(78.361858002491,-125.917910671228,66.5924124379018));
#5958=CARTESIAN_POINT('',(76.4113863272452,-124.236334742567,67.4220832498588));
#5959=CARTESIAN_POINT('',(74.5610134611992,-122.385919051221,68.2087152173626));
#5960=CARTESIAN_POINT('',(72.8404264239124,-120.431131047948,68.9398991042126));
#5961=CARTESIAN_POINT('',(71.1198393866256,-118.476343044674,69.6710829910625));
#5962=CARTESIAN_POINT('',(69.5339778725924,-116.42591693577,70.3447235978822));
#5963=CARTESIAN_POINT('',(68.054315612273,-114.289725583074,70.9730792619348));
#5964=CARTESIAN_POINT('',(65.0949910916342,-110.017342877683,72.2297905900399));
#5965=CARTESIAN_POINT('',(62.557374697666,-105.386380091328,73.3066900381879));
#5966=CARTESIAN_POINT('',(60.3753630985593,-100.567457071436,74.2323614113242));
#5967=CARTESIAN_POINT('',(58.1933514994525,-95.7485340515445,75.1580327844605));
#5968=CARTESIAN_POINT('',(56.379657937371,-90.7736783774317,75.9270671540692));
#5969=CARTESIAN_POINT('',(54.8355202807368,-85.6797731768324,76.5815729701774));
#5970=CARTESIAN_POINT('',(54.7603850407268,85.7042180014613,76.5954657300598));
#5971=CARTESIAN_POINT('',(56.3033547869132,90.7927656958904,75.9416481261501));
#5972=CARTESIAN_POINT('',(58.1110844158923,95.7450180455613,75.1753108804923));
#5973=CARTESIAN_POINT('',(60.2690811474996,100.522105497546,74.2599425362761));
#5974=CARTESIAN_POINT('',(62.4270778791069,105.299192949531,73.3445741920599));
#5975=CARTESIAN_POINT('',(64.9433121119048,109.921337692323,72.2768243616716));
#5976=CARTESIAN_POINT('',(67.9303865515755,114.248389332407,71.0082304101577));
#5977=CARTESIAN_POINT('',(70.9174609912461,118.57544097249,69.7396364586438));
#5978=CARTESIAN_POINT('',(74.3048207310119,122.511549871694,68.3002396681836));
#5979=CARTESIAN_POINT('',(78.2256531487135,125.907610597139,66.6317641237315));
#5980=CARTESIAN_POINT('',(80.1860693575643,127.605640959862,65.7975263515056));
#5981=CARTESIAN_POINT('',(82.2643201249182,129.149468131199,64.9125912360022));
#5982=CARTESIAN_POINT('',(84.4206128367095,130.488561202822,63.9935395786223));
#5983=CARTESIAN_POINT('',(86.5769055485007,131.827654274444,63.0744879212424));
#5984=CARTESIAN_POINT('',(88.8221580143676,132.975594609655,62.1166903087936));
#5985=CARTESIAN_POINT('',(91.1751148076549,133.917914921424,61.1115744705774));
#5986=CARTESIAN_POINT('',(93.5280716009423,134.860235233193,60.1064586323613));
#5987=CARTESIAN_POINT('',(95.9916132921246,135.591702268334,59.0527501470009));
#5988=CARTESIAN_POINT('',(98.4732967357932,136.080088479493,57.9892509971548));
#5989=CARTESIAN_POINT('',(100.954980179462,136.568474690651,56.9257518473087));
#5990=CARTESIAN_POINT('',(103.443838355017,136.819268749785,55.8572120262681));
#5991=CARTESIAN_POINT('',(105.965139827044,136.839265612235,54.7719103643369));
#5992=CARTESIAN_POINT('',(108.48644129907,136.859262474685,53.6866087024056));
#5993=CARTESIAN_POINT('',(111.044117381412,136.648689900968,52.5828161233513));
#5994=CARTESIAN_POINT('',(113.545039829965,136.230708413414,51.4998925205096));
#5995=CARTESIAN_POINT('',(116.045962278518,135.812726925861,50.4169689176678));
#5996=CARTESIAN_POINT('',(118.493992071587,135.186532616742,49.353276971541));
#5997=CARTESIAN_POINT('',(120.918122682998,134.370344120487,48.2959370572176));
#5998=CARTESIAN_POINT('',(123.342253294409,133.554155624231,47.2385971428943));
#5999=CARTESIAN_POINT('',(125.720177826339,132.552820102634,46.1972192705429));
#6000=CARTESIAN_POINT('',(128.011224463738,131.406659458646,45.1903810186093));
#6001=CARTESIAN_POINT('',(130.302271101138,130.260498814658,44.1835427666758));
#6002=CARTESIAN_POINT('',(132.51168659349,128.970749949737,43.2090328972747));
#6003=CARTESIAN_POINT('',(134.650626414132,127.55757332119,42.2637342218776));
#6004=CARTESIAN_POINT('',(138.928506055417,124.731220064096,40.3731368710835));
#6005=CARTESIAN_POINT('',(142.966777838098,121.371608414686,38.5815942596321));
#6006=CARTESIAN_POINT('',(146.681998930905,117.715503841377,36.9351952671234));
#6007=CARTESIAN_POINT('',(150.397220023712,114.059399268069,35.2887962746148));
#6008=CARTESIAN_POINT('',(153.799529113236,110.113804827379,33.7824740005713));
#6009=CARTESIAN_POINT('',(156.956057603388,105.937908471338,32.3848368271813));
#6010=CARTESIAN_POINT('',(160.11258609354,101.762012115297,30.9871996537912));
#6011=CARTESIAN_POINT('',(163.029069232047,97.3403244835613,29.6952975706054));
#6012=CARTESIAN_POINT('',(165.709557650052,92.7335622405434,28.5041836674229));
#6013=CARTESIAN_POINT('',(168.390046068057,88.1267999975256,27.3130697642404));
#6014=CARTESIAN_POINT('',(170.814909948034,83.3677477378178,26.231371306121));
#6015=CARTESIAN_POINT('',(172.993260115345,78.5145448004113,25.2544177827742));
#6016=CARTESIAN_POINT('',(175.171610282656,73.6613418630048,24.2774642594273));
#6017=CARTESIAN_POINT('',(177.115075550577,68.6925905759261,23.3996637766121));
#6018=CARTESIAN_POINT('',(178.839102949979,63.6251996276493,22.6181681093148));
#6019=CARTESIAN_POINT('',(180.563130349381,58.5578086793725,21.8366724420176));
#6020=CARTESIAN_POINT('',(182.067915947218,53.3897533296554,21.1511140406737));
#6021=CARTESIAN_POINT('',(183.362804246772,48.1194107114004,20.5586877380059));
#6022=CARTESIAN_POINT('',(184.657692546326,42.8490680931454,19.9662614353381));
#6023=CARTESIAN_POINT('',(185.730773103837,37.5169562022928,19.4806499548533));
#6024=CARTESIAN_POINT('',(186.579879279564,32.1917378252411,19.1044756138798));
#6025=CARTESIAN_POINT('',(188.278091631018,21.5413010711376,18.3521269319329));
#6026=CARTESIAN_POINT('',(189.118132131592,10.8388041753888,17.9836442393715));
#6027=CARTESIAN_POINT('',(189.123526003223,0.10790702116875,17.9816944750715));
#6028=CARTESIAN_POINT('',(189.126222939038,-5.25754155594129,17.9807195929214));
#6029=CARTESIAN_POINT('',(188.919601556874,-10.6307586461422,18.0707982247636));
#6030=CARTESIAN_POINT('',(188.498685626442,-16.0130562211982,18.255738070103));
#6031=CARTESIAN_POINT('',(188.077769696011,-21.3953537962543,18.4406779154424));
#6032=CARTESIAN_POINT('',(187.438492500821,-26.8021795402973,18.7232423485059));
#6033=CARTESIAN_POINT('',(186.585968954314,-32.1535526595812,19.1017692421514));
#6034=CARTESIAN_POINT('',(184.8809218613,-42.8562988981489,19.8588230294426));
#6035=CARTESIAN_POINT('',(182.338521315778,-53.2982816020984,21.0310809744746));
#6036=CARTESIAN_POINT('',(178.903322162805,-63.4360516217854,22.5890326611951));
#6037=CARTESIAN_POINT('',(177.185722586319,-68.504936631629,23.3680085045553));
#6038=CARTESIAN_POINT('',(175.238609722797,-73.5037920249237,24.2473704134297));
#6039=CARTESIAN_POINT('',(173.04241178948,-78.4049477180984,25.2323775604332));
#6040=CARTESIAN_POINT('',(170.846213856163,-83.306103411273,26.2173847074367));
#6041=CARTESIAN_POINT('',(168.413559955252,-88.0801922098073,27.3025611342008));
#6042=CARTESIAN_POINT('',(165.758473535108,-92.6494254560498,28.4824494538459));
#6043=CARTESIAN_POINT('',(163.103387114964,-97.2186587022922,29.6623377734911));
#6044=CARTESIAN_POINT('',(160.214979305715,-101.612781214877,30.9418587365651));
#6045=CARTESIAN_POINT('',(157.057248842584,-105.803844513946,32.3400274835095));
#6046=CARTESIAN_POINT('',(153.899518379453,-109.994907813015,33.7381962304539));
#6047=CARTESIAN_POINT('',(150.450703413485,-114.000226041388,35.2651061284799));
#6048=CARTESIAN_POINT('',(146.735924155982,-117.662399851962,36.9112965100765));
#6049=CARTESIAN_POINT('',(143.021144898479,-121.324573662535,38.5574868916732));
#6050=CARTESIAN_POINT('',(139.062975632921,-124.631986378755,40.313590345176));
#6051=CARTESIAN_POINT('',(134.759595447636,-127.485412314924,42.2155783377847));
#6052=CARTESIAN_POINT('',(132.607905354993,-128.912125283008,43.166572334089));
#6053=CARTESIAN_POINT('',(130.368141460927,-130.223314852067,44.1545179163547));
#6054=CARTESIAN_POINT('',(128.078567679559,-131.372925748265,45.1607818438894));
#6055=CARTESIAN_POINT('',(125.788993898191,-132.522536644463,46.1670457714242));
#6056=CARTESIAN_POINT('',(123.448659844389,-133.511509843492,47.1920427790196));
#6057=CARTESIAN_POINT('',(121.0504196898,-134.325648426866,48.2382313046726));
#6058=CARTESIAN_POINT('',(118.652179535211,-135.139787010241,49.2844198303256));
#6059=CARTESIAN_POINT('',(116.172281006939,-135.781184943283,50.3621164671792));
#6060=CARTESIAN_POINT('',(113.66727486933,-136.209997117288,51.4469514572104));
#6061=CARTESIAN_POINT('',(111.16226873172,-136.638809291292,52.5317864472416));
#6062=CARTESIAN_POINT('',(108.65225866407,-136.852258542021,53.61512501878));
#6063=CARTESIAN_POINT('',(106.140300282212,-136.840463497191,54.6965130244082));
#6064=CARTESIAN_POINT('',(103.628341900354,-136.828668452362,55.7779010300365));
#6065=CARTESIAN_POINT('',(101.088455249996,-136.584833350234,56.8684717833361));
#6066=CARTESIAN_POINT('',(98.5982537766718,-136.104436136162,57.9356985229451));
#6067=CARTESIAN_POINT('',(96.1080523033475,-135.62403892209,59.0029252625542));
#6068=CARTESIAN_POINT('',(93.6913509343549,-134.913564297684,60.0366450556883));
#6069=CARTESIAN_POINT('',(91.3426666293172,-133.984623242727,61.0399989775761));
#6070=CARTESIAN_POINT('',(88.9939823242794,-133.05568218777,62.0433528994638));
#6071=CARTESIAN_POINT('',(86.6960310732989,-131.894311823931,63.0236891605485));
#6072=CARTESIAN_POINT('',(84.5090152633748,-130.543334110572,63.9558602804938));
#6073=CARTESIAN_POINT('',(82.3219994534506,-129.192356397212,64.8880314004391));
#6074=CARTESIAN_POINT('',(80.2627473056223,-127.66505616839,65.764880919179));
#6075=CARTESIAN_POINT('',(78.3099451716804,-125.980485936642,66.5958941265357));
#6076=CARTESIAN_POINT('',(76.3571430377385,-124.295915704894,67.4269073338924));
#6077=CARTESIAN_POINT('',(74.504682179293,-122.442640509206,68.2146677100811));
#6078=CARTESIAN_POINT('',(72.7822371407473,-120.485182846017,68.94680977695));
#6079=CARTESIAN_POINT('',(71.0597921022016,-118.527725182829,69.6789518438189));
#6080=CARTESIAN_POINT('',(69.4723014949181,-116.474819267022,70.3533812525279));
#6081=CARTESIAN_POINT('',(67.9911668271967,-114.336289227887,70.9824172259951));
#6082=CARTESIAN_POINT('',(65.0288974917538,-110.059229149616,72.2404891729295));
#6083=CARTESIAN_POINT('',(62.4889677070503,-105.424161508763,73.3183166965228));
#6084=CARTESIAN_POINT('',(60.3050227200778,-100.601588137056,74.2446969827812));
#6085=CARTESIAN_POINT('',(58.1210777331052,-95.7790147653493,75.1710772690396));
#6086=CARTESIAN_POINT('',(56.3058472649849,-90.8009855795897,75.9405919663437));
#6087=CARTESIAN_POINT('',(54.7603850406701,-85.7042180012744,76.5954657300838));
#6088=CARTESIAN_POINT('',(54.6821773702229,85.7293361712931,76.6073225871153));
#6089=CARTESIAN_POINT('',(56.2265166510615,90.8208197462469,75.9531549133268));
#6090=CARTESIAN_POINT('',(58.0358277449636,95.7763147745113,75.1863502231302));
#6091=CARTESIAN_POINT('',(60.1957953811433,100.557113668,74.2702782398728));
#6092=CARTESIAN_POINT('',(62.355763017323,105.337912561489,73.3542062566154));
#6093=CARTESIAN_POINT('',(64.8743556699169,109.964240642915,72.2855239700377));
#6094=CARTESIAN_POINT('',(67.8644636599857,114.296121669252,71.0155131869878));
#6095=CARTESIAN_POINT('',(70.8545716500546,118.628002695589,69.7455024039379));
#6096=CARTESIAN_POINT('',(74.2455924607426,122.569516773881,68.3042427435876));
#6097=CARTESIAN_POINT('',(78.1711629986746,125.971719234894,66.6329212292507));
#6098=CARTESIAN_POINT('',(80.1339482676406,127.672820465401,65.7972604720822));
#6099=CARTESIAN_POINT('',(82.2148430973807,129.219897218383,64.9106499846661));
#6100=CARTESIAN_POINT('',(84.3740454816651,130.562329695871,63.9896137288099));
#6101=CARTESIAN_POINT('',(86.5332478659495,131.904762173358,63.0685774729537));
#6102=CARTESIAN_POINT('',(88.7816746105577,133.056148545018,62.1084873705731));
#6103=CARTESIAN_POINT('',(91.1381688751322,134.002025432558,61.1006092990025));
#6104=CARTESIAN_POINT('',(93.4946631397066,134.947902320097,60.092731227432));
#6105=CARTESIAN_POINT('',(95.9621052083742,135.683036631366,59.035780635246));
#6106=CARTESIAN_POINT('',(98.4479614802585,136.175010684492,57.9685162430588));
#6107=CARTESIAN_POINT('',(100.933817752143,136.666984737618,56.9012518508717));
#6108=CARTESIAN_POINT('',(103.426980781509,136.921263115097,55.8285017487899));
#6109=CARTESIAN_POINT('',(105.952875798961,136.944578042648,54.7382904416739));
#6110=CARTESIAN_POINT('',(108.478770816413,136.9678929702,53.6480791345578));
#6111=CARTESIAN_POINT('',(111.041448811049,136.760469024959,52.5386151006388));
#6112=CARTESIAN_POINT('',(113.547175266541,136.345266040058,51.4494918821505));
#6113=CARTESIAN_POINT('',(116.052901722033,135.930063055158,50.3603686636622));
#6114=CARTESIAN_POINT('',(118.505663401546,135.306266024994,49.2898961417051));
#6115=CARTESIAN_POINT('',(120.934484247292,134.491946150473,48.2250716962439));
#6116=CARTESIAN_POINT('',(123.363305093038,133.677626275951,47.1602472507827));
#6117=CARTESIAN_POINT('',(125.745681347694,132.677662096809,46.1107926283342));
#6118=CARTESIAN_POINT('',(128.040735224818,131.532256549613,45.0956061466187));
#6119=CARTESIAN_POINT('',(130.335789101942,130.386851002418,44.0804196649031));
#6120=CARTESIAN_POINT('',(132.548750882486,129.097260132171,43.097297529173));
#6121=CARTESIAN_POINT('',(134.690728467401,127.683684464052,42.1434312921315));
#6122=CARTESIAN_POINT('',(138.974683637229,124.856533127815,40.2356988180486));
#6123=CARTESIAN_POINT('',(143.016877006892,121.493887837279,38.4272586729624));
#6124=CARTESIAN_POINT('',(146.73440724963,117.833566011545,36.7660851262303));
#6125=CARTESIAN_POINT('',(150.451937492368,114.173244185811,35.1049115794982));
#6126=CARTESIAN_POINT('',(153.855040330391,110.222372673387,33.5857812817355));
#6127=CARTESIAN_POINT('',(157.011322857356,106.04066536227,32.1766616146549));
#6128=CARTESIAN_POINT('',(160.167605384322,101.858958051153,30.7675419475743));
#6129=CARTESIAN_POINT('',(163.082718937128,97.4309379749735,29.4654288167705));
#6130=CARTESIAN_POINT('',(165.760548065667,92.8175715849834,28.2647551688749));
#6131=CARTESIAN_POINT('',(168.438377194207,88.2042051949933,27.0640815209792));
#6132=CARTESIAN_POINT('',(170.859288805483,83.4382947672785,25.9735343937892));
#6133=CARTESIAN_POINT('',(173.03211590383,78.578316202964,24.9880664263866));
#6134=CARTESIAN_POINT('',(175.204943002178,73.7183376386496,24.002598458984));
#6135=CARTESIAN_POINT('',(177.141298777601,68.7428173835096,23.116515140755));
#6136=CARTESIAN_POINT('',(178.856564117258,63.6691400531925,22.3271077821777));
#6137=CARTESIAN_POINT('',(180.571829456914,58.5954627228753,21.5377004236004));
#6138=CARTESIAN_POINT('',(182.066268625254,53.4213993666356,20.8443955087611));
#6139=CARTESIAN_POINT('',(183.35019452377,48.145946213667,20.245080976859));
#6140=CARTESIAN_POINT('',(184.634120422286,42.8704930606985,19.6457664449569));
#6141=CARTESIAN_POINT('',(185.695509924028,37.5347336521541,19.1541757065717));
#6142=CARTESIAN_POINT('',(186.534200166399,32.2060786950712,18.7728538128739));
#6143=CARTESIAN_POINT('',(188.211580651141,21.5487687809054,18.0102100254783));
#6144=CARTESIAN_POINT('',(189.037818294698,10.8425581680126,17.6369487749445));
#6145=CARTESIAN_POINT('',(189.043098244233,0.107957725071219,17.6349540975322));
#6146=CARTESIAN_POINT('',(189.045738219,-5.25934249639948,17.633956758826));
#6147=CARTESIAN_POINT('',(188.842334413978,-10.6343417733781,17.7252477235728));
#6148=CARTESIAN_POINT('',(188.427502526398,-16.0188821128709,17.9126883922009));
#6149=CARTESIAN_POINT('',(188.012670638817,-21.4034224523637,18.100129060829));
#6150=CARTESIAN_POINT('',(187.382343478482,-26.8129033212555,18.3864734379005));
#6151=CARTESIAN_POINT('',(186.540223376412,-32.1678206709905,18.7701080508976));
#6152=CARTESIAN_POINT('',(184.855983172271,-42.8776553704603,19.5373772768917));
#6153=CARTESIAN_POINT('',(182.33811059572,-53.3294092039825,20.7238607998738));
#6154=CARTESIAN_POINT('',(178.920458660348,-63.4797493877491,22.297674607341));
#6155=CARTESIAN_POINT('',(177.211632692663,-68.5549194796324,23.0845815110746));
#6156=CARTESIAN_POINT('',(175.271742265217,-73.5605712845065,23.9722372402222));
#6157=CARTESIAN_POINT('',(173.081147550871,-78.4685559468803,24.965832226605));
#6158=CARTESIAN_POINT('',(170.890552836525,-83.376540609254,25.9594272129878));
#6159=CARTESIAN_POINT('',(168.461863436925,-88.157516454143,27.0534782449636));
#6160=CARTESIAN_POINT('',(165.809421081142,-92.7333044413584,28.2428443132747));
#6161=CARTESIAN_POINT('',(163.156978725359,-97.3090924285738,29.4322103815859));
#6162=CARTESIAN_POINT('',(160.26992851392,-101.709546127591,30.7218546389583));
#6163=CARTESIAN_POINT('',(157.112494277351,-105.906429966864,32.1314886606461));
#6164=CARTESIAN_POINT('',(153.955060040783,-110.103313806137,33.541122682334));
#6165=CARTESIAN_POINT('',(150.505430850921,-114.114004363208,35.0810198846557));
#6166=CARTESIAN_POINT('',(146.788360912243,-117.780405712581,36.7419738030691));
#6167=CARTESIAN_POINT('',(143.071290973566,-121.446807061954,38.4029277214825));
#6168=CARTESIAN_POINT('',(139.109284914404,-124.757272425572,40.1756138066004));
#6169=CARTESIAN_POINT('',(134.799867133641,-127.611491748396,42.0948330078491));
#6170=CARTESIAN_POINT('',(132.64515824326,-129.038601409809,43.0544426084734));
#6171=CARTESIAN_POINT('',(130.401721508183,-130.349691541629,44.0511623686844));
#6172=CARTESIAN_POINT('',(128.108182446281,-131.498552379678,45.0657666855013));
#6173=CARTESIAN_POINT('',(125.814643384378,-132.647413217728,46.0803710023183));
#6174=CARTESIAN_POINT('',(123.46989638263,-133.635056095302,47.113346017757));
#6175=CARTESIAN_POINT('',(121.067047831253,-134.447348127975,48.1669526806717));
#6176=CARTESIAN_POINT('',(118.664199279877,-135.259640160647,49.2205593435865));
#6177=CARTESIAN_POINT('',(116.179418781146,-135.898650458971,50.3051922921819));
#6178=CARTESIAN_POINT('',(113.669586715941,-136.324702401322,51.3962703368107));
#6179=CARTESIAN_POINT('',(111.159754650736,-136.750754343674,52.4873483814394));
#6180=CARTESIAN_POINT('',(108.644970445701,-136.961103501744,53.5762178700565));
#6181=CARTESIAN_POINT('',(106.12840037105,-136.946005380162,54.6625330903107));
#6182=CARTESIAN_POINT('',(103.611830296399,-136.930907258579,55.7488483105648));
#6183=CARTESIAN_POINT('',(101.06746310538,-136.683518611581,56.8437765331645));
#6184=CARTESIAN_POINT('',(98.5731043833907,-136.199534798878,57.9147838078703));
#6185=CARTESIAN_POINT('',(96.0787456614016,-135.715550986175,58.985791082576));
#6186=CARTESIAN_POINT('',(93.6582048953866,-135.001478287065,60.0227059334461));
#6187=CARTESIAN_POINT('',(91.3059744829869,-134.068987553079,61.028835887224));
#6188=CARTESIAN_POINT('',(88.9537440705871,-133.136496819093,62.034965841002));
#6189=CARTESIAN_POINT('',(86.6525221197044,-131.971592921887,63.0176691601891));
#6190=CARTESIAN_POINT('',(84.4625639314645,-130.617237509843,63.9518543440261));
#6191=CARTESIAN_POINT('',(82.2726057432246,-129.262882097799,64.8860395278631));
#6192=CARTESIAN_POINT('',(80.2107347768632,-127.7323663885,65.7645494848173));
#6193=CARTESIAN_POINT('',(78.2555604231075,-126.044729588936,66.5969884913806));
#6194=CARTESIAN_POINT('',(76.3003860693517,-124.357092789372,67.4294274979439));
#6195=CARTESIAN_POINT('',(74.4457950013672,-122.500887380083,68.2183791096702));
#6196=CARTESIAN_POINT('',(72.7214509232124,-120.540692049699,68.9515281563194));
#6197=CARTESIAN_POINT('',(70.9971068450576,-118.580496719316,69.6846772029685));
#6198=CARTESIAN_POINT('',(69.4079480833974,-116.525046862027,70.359929853717));
#6199=CARTESIAN_POINT('',(67.9253040165353,-114.38411739263,70.9896718439252));
#6200=CARTESIAN_POINT('',(64.960015882811,-110.102258453837,72.2491558243414));
#6201=CARTESIAN_POINT('',(62.4177060969764,-105.462976818775,73.3279288787084));
#6202=CARTESIAN_POINT('',(60.2317682827836,-100.636654792059,74.2550215952676));
#6203=CARTESIAN_POINT('',(58.0458304685908,-95.8103327653432,75.1821143118268));
#6204=CARTESIAN_POINT('',(56.229011109011,-90.8290436003782,75.952098287169));
#6205=CARTESIAN_POINT('',(54.6821773701654,-85.7293361711035,76.6073225871396));
#6206=CARTESIAN_POINT('',(54.603969699719,85.7544543411249,76.6191794441708));
#6207=CARTESIAN_POINT('',(56.1496785152097,90.8488737966034,75.9646617005035));
#6208=CARTESIAN_POINT('',(57.960571074035,95.8076115034613,75.1973895657681));
#6209=CARTESIAN_POINT('',(60.122509614787,100.592121838454,74.2806139434696));
#6210=CARTESIAN_POINT('',(62.2844481555391,105.376632173446,73.363838321171));
#6211=CARTESIAN_POINT('',(64.8053992279289,110.007143593508,72.2942235784039));
#6212=CARTESIAN_POINT('',(67.798540768396,114.343854006097,71.0227959638179));
#6213=CARTESIAN_POINT('',(70.7916823088631,118.680564418687,69.751368349232));
#6214=CARTESIAN_POINT('',(74.1863641904732,122.627483676068,68.3082458189917));
#6215=CARTESIAN_POINT('',(78.1166728486357,126.035827872649,66.6340783347699));
#6216=CARTESIAN_POINT('',(80.081827177717,127.73999997094,65.7969945926589));
#6217=CARTESIAN_POINT('',(82.1653660698431,129.290326305568,64.9087087333301));
#6218=CARTESIAN_POINT('',(84.3274781266207,130.63609818892,63.9856878789976));
#6219=CARTESIAN_POINT('',(86.4895901833983,131.981870072272,63.0626670246651));
#6220=CARTESIAN_POINT('',(88.7411912067479,133.136702480382,62.1002844323525));
#6221=CARTESIAN_POINT('',(91.1012229426094,134.086135943692,61.0896441274276));
#6222=CARTESIAN_POINT('',(93.4612546784709,135.035569407001,60.0790038225027));
#6223=CARTESIAN_POINT('',(95.9325971246237,135.774370994398,59.018811123491));
#6224=CARTESIAN_POINT('',(98.4226262247237,136.269932889491,57.9477814889629));
#6225=CARTESIAN_POINT('',(100.912655324824,136.765494784585,56.8767518544347));
#6226=CARTESIAN_POINT('',(103.410123208,137.023257480409,55.7997914713118));
#6227=CARTESIAN_POINT('',(105.940611770878,137.049890473062,54.7046705190109));
#6228=CARTESIAN_POINT('',(108.471100333756,137.076523465714,53.60954956671));
#6229=CARTESIAN_POINT('',(111.038780240685,136.872248148949,52.4944140779262));
#6230=CARTESIAN_POINT('',(113.549310703116,136.459823666702,51.3990912437914));
#6231=CARTESIAN_POINT('',(116.059841165547,136.047399184455,50.3037684096566));
#6232=CARTESIAN_POINT('',(118.517334731505,135.425999433245,49.2265153118692));
#6233=CARTESIAN_POINT('',(120.950845811586,134.613548180458,48.1542063352702));
#6234=CARTESIAN_POINT('',(123.384356891668,133.801096927671,47.0818973586712));
#6235=CARTESIAN_POINT('',(125.77118486905,132.802504090984,46.0243659861256));
#6236=CARTESIAN_POINT('',(128.070245985898,131.65785364058,45.000831274628));
#6237=CARTESIAN_POINT('',(130.369307102746,130.513203190177,43.9772965631303));
#6238=CARTESIAN_POINT('',(132.585815171482,129.223770314605,42.9855621610713));
#6239=CARTESIAN_POINT('',(134.730830520669,127.809795606914,42.0231283623854));
#6240=CARTESIAN_POINT('',(139.020861219042,124.981846191533,40.0982607650137));
#6241=CARTESIAN_POINT('',(143.066976175686,121.616167259872,38.2729230862927));
#6242=CARTESIAN_POINT('',(146.786815568355,117.951628181712,36.5969749853371));
#6243=CARTESIAN_POINT('',(150.506654961023,114.287089103553,34.9210268843815));
#6244=CARTESIAN_POINT('',(153.910551547546,110.330940519396,33.3890885628996));
#6245=CARTESIAN_POINT('',(157.066588111325,106.143422253202,31.9684864021284));
#6246=CARTESIAN_POINT('',(160.222624675103,101.955903987008,30.5478842413573));
#6247=CARTESIAN_POINT('',(163.136368642209,97.5215514663857,29.2355600629357));
#6248=CARTESIAN_POINT('',(165.811538481283,92.9015809294234,28.0253266703268));
#6249=CARTESIAN_POINT('',(168.486708320356,88.281610392461,26.815093277718));
#6250=CARTESIAN_POINT('',(170.903667662931,83.5088417967392,25.7156974814573));
#6251=CARTESIAN_POINT('',(173.070971692315,78.6420876055167,24.7217150699989));
#6252=CARTESIAN_POINT('',(175.238275721699,73.7753334142943,23.7277326585406));
#6253=CARTESIAN_POINT('',(177.167522004625,68.7930441910932,22.833366504898));
#6254=CARTESIAN_POINT('',(178.874025284537,63.7130804787357,22.0360474550406));
#6255=CARTESIAN_POINT('',(180.580528564448,58.6331167663781,21.2387284051833));
#6256=CARTESIAN_POINT('',(182.06462130329,53.4530454036158,20.5376769768484));
#6257=CARTESIAN_POINT('',(183.337584800768,48.1724817159337,19.931474215712));
#6258=CARTESIAN_POINT('',(184.610548298245,42.8919180282516,19.3252714545756));
#6259=CARTESIAN_POINT('',(185.66024674422,37.5525111020155,18.8277014582901));
#6260=CARTESIAN_POINT('',(186.488521053235,32.2204195649014,18.4412320118679));
#6261=CARTESIAN_POINT('',(188.145069671265,21.5562364906733,17.6682931190237));
#6262=CARTESIAN_POINT('',(188.957504457803,10.8463121606364,17.2902533105175));
#6263=CARTESIAN_POINT('',(188.962670485242,0.108008428973688,17.2882137199929));
#6264=CARTESIAN_POINT('',(188.965253498962,-5.26114343685767,17.2871939247306));
#6265=CARTESIAN_POINT('',(188.765067271083,-10.6379249006139,17.379697222382));
#6266=CARTESIAN_POINT('',(188.356319426353,-16.0247080045436,17.5696387142988));
#6267=CARTESIAN_POINT('',(187.947571581624,-21.4114911084732,17.7595802062156));
#6268=CARTESIAN_POINT('',(187.326194456144,-26.8236271022138,18.0497045272952));
#6269=CARTESIAN_POINT('',(186.49447779851,-32.1820886823997,18.4384468596437));
#6270=CARTESIAN_POINT('',(184.831044483243,-42.8990118427716,19.2159315243408));
#6271=CARTESIAN_POINT('',(182.337699875662,-53.3605368058667,20.416640625273));
#6272=CARTESIAN_POINT('',(178.937595157891,-63.5234471537128,22.0063165534869));
#6273=CARTESIAN_POINT('',(177.237542799006,-68.6049023276359,22.8011545175939));
#6274=CARTESIAN_POINT('',(175.304874807638,-73.6173505440894,23.6971040670147));
#6275=CARTESIAN_POINT('',(173.119883312263,-78.5321641756622,24.6992868927768));
#6276=CARTESIAN_POINT('',(170.934891816888,-83.446977807235,25.7014697185389));
#6277=CARTESIAN_POINT('',(168.510166918597,-88.2348406984788,26.8043953557264));
#6278=CARTESIAN_POINT('',(165.860368627176,-92.8171834266671,28.0032391727035));
#6279=CARTESIAN_POINT('',(163.210570335755,-97.3995261548554,29.2020829896806));
#6280=CARTESIAN_POINT('',(160.324877722126,-101.806311040305,30.5018505413515));
#6281=CARTESIAN_POINT('',(157.167739712119,-106.009015419782,31.9229498377828));
#6282=CARTESIAN_POINT('',(154.010601702112,-110.211719799259,33.3440491342141));
#6283=CARTESIAN_POINT('',(150.560158288357,-114.227782685027,34.8969336408315));
#6284=CARTESIAN_POINT('',(146.840797668505,-117.8984115732,36.5726510960617));
#6285=CARTESIAN_POINT('',(143.121437048653,-121.569040461373,38.2483685512919));
#6286=CARTESIAN_POINT('',(139.155594195888,-124.882558472388,40.0376372680249));
#6287=CARTESIAN_POINT('',(134.840138819647,-127.737571181869,41.9740876779135));
#6288=CARTESIAN_POINT('',(132.682411131526,-129.16507753661,42.9423128828578));
#6289=CARTESIAN_POINT('',(130.435301555439,-130.47606823119,43.947806821014));
#6290=CARTESIAN_POINT('',(128.137797213002,-131.624179011091,44.9707515271132));
#6291=CARTESIAN_POINT('',(125.840292870566,-132.772289790993,45.9936962332124));
#6292=CARTESIAN_POINT('',(123.491132920871,-133.758602347113,47.0346492564943));
#6293=CARTESIAN_POINT('',(121.083675972706,-134.569047829083,48.0956740566708));
#6294=CARTESIAN_POINT('',(118.676219024542,-135.379493311053,49.1566988568474));
#6295=CARTESIAN_POINT('',(116.186556555352,-136.016115974658,50.2482681171846));
#6296=CARTESIAN_POINT('',(113.671898562552,-136.439407685357,51.3455892164109));
#6297=CARTESIAN_POINT('',(111.157240569753,-136.862699396056,52.4429103156372));
#6298=CARTESIAN_POINT('',(108.637682227331,-137.069948461468,53.537310721333));
#6299=CARTESIAN_POINT('',(106.116500459888,-137.051547263133,54.6285531562131));
#6300=CARTESIAN_POINT('',(103.595318692444,-137.033146064797,55.7197955910931));
#6301=CARTESIAN_POINT('',(101.046470960763,-136.782203872927,56.8190812829929));
#6302=CARTESIAN_POINT('',(98.5479549901096,-136.294633461593,57.8938690927954));
#6303=CARTESIAN_POINT('',(96.0494390194558,-135.807063050259,58.9686569025979));
#6304=CARTESIAN_POINT('',(93.6250588564183,-135.089392276446,60.0087668112038));
#6305=CARTESIAN_POINT('',(91.2692823366566,-134.153351863431,61.0176727968719));
#6306=CARTESIAN_POINT('',(88.9135058168948,-133.217311450415,62.0265787825401));
#6307=CARTESIAN_POINT('',(86.60901316611,-132.048874019843,63.0116491598297));
#6308=CARTESIAN_POINT('',(84.4161125995543,-130.691140909114,63.9478484075584));
#6309=CARTESIAN_POINT('',(82.2232120329985,-129.333407798385,64.8840476552871));
#6310=CARTESIAN_POINT('',(80.1587222481041,-127.79967660861,65.7642180504556));
#6311=CARTESIAN_POINT('',(78.2011756745345,-126.10897324123,66.5980828562255));
#6312=CARTESIAN_POINT('',(76.243629100965,-124.41826987385,67.4319476619954));
#6313=CARTESIAN_POINT('',(74.3869078234414,-122.559134250959,68.2220905092593));
#6314=CARTESIAN_POINT('',(72.6606647056775,-120.596201253381,68.9562465356887));
#6315=CARTESIAN_POINT('',(70.9344215879136,-118.633268255804,69.6904025621181));
#6316=CARTESIAN_POINT('',(69.3435946718767,-116.575274457031,70.3664784549062));
#6317=CARTESIAN_POINT('',(67.8594412058739,-114.431945557373,70.9969264618552));
#6318=CARTESIAN_POINT('',(64.8911342738683,-110.145287758057,72.2578224757533));
#6319=CARTESIAN_POINT('',(62.3464444869025,-105.501792128788,73.3375410608939));
#6320=CARTESIAN_POINT('',(60.1585138454895,-100.671721447062,74.265346207754));
#6321=CARTESIAN_POINT('',(57.9705832040764,-95.8416507653371,75.193151354614));
#6322=CARTESIAN_POINT('',(56.1521749530372,-90.8571016211666,75.9636046079943));
#6323=CARTESIAN_POINT('',(54.6039696996608,-85.7544543409325,76.6191794441955));
#6324=CARTESIAN_POINT('',(54.5231627744523,85.7800885205413,76.6288917173036));
#6325=CARTESIAN_POINT('',(56.0702789482691,90.8775031131102,75.9740440612413));
#6326=CARTESIAN_POINT('',(57.8827944387474,95.8395499604595,75.2063188132368));
#6327=CARTESIAN_POINT('',(60.0467494959484,100.627845840465,74.2888411129135));
#6328=CARTESIAN_POINT('',(62.2107045531494,105.41614172047,73.3713634125901));
#6329=CARTESIAN_POINT('',(64.7340642272904,110.050919039628,72.3008058659431));
#6330=CARTESIAN_POINT('',(67.7302947817752,114.392553968086,71.0279182858788));
#6331=CARTESIAN_POINT('',(70.72652533626,118.734188896543,69.7550307058145));
#6332=CARTESIAN_POINT('',(74.1249253381241,122.686615048967,68.3099738087408));
#6333=CARTESIAN_POINT('',(78.0600260990354,126.101214545434,66.6328087252078));
#6334=CARTESIAN_POINT('',(80.027576479491,127.808514293667,65.7942261834412));
#6335=CARTESIAN_POINT('',(82.1137831451237,129.362147254673,64.9041696014736));
#6336=CARTESIAN_POINT('',(84.2788226281897,130.711315477285,63.9790406650661));
#6337=CARTESIAN_POINT('',(86.4438621112556,132.060483699897,63.0539117286586));
#6338=CARTESIAN_POINT('',(88.6986501638255,133.218819125755,62.0890849313709));
#6339=CARTESIAN_POINT('',(91.0622197140974,134.171864673579,61.0754861214239));
#6340=CARTESIAN_POINT('',(93.4257892643692,135.124910221404,60.0618873114768));
#6341=CARTESIAN_POINT('',(95.9010198064796,135.867432881105,58.9982102754724));
#6342=CARTESIAN_POINT('',(98.3951850335053,136.366630300365,57.9231175420397));
#6343=CARTESIAN_POINT('',(100.889350260531,136.865827719624,56.8480248086069));
#6344=CARTESIAN_POINT('',(103.391072475115,137.127117395539,55.7664995288991));
#6345=CARTESIAN_POINT('',(105.926063416708,137.157104855404,54.6660326491432));
#6346=CARTESIAN_POINT('',(108.461054358301,137.187092315269,53.5655657693872));
#6347=CARTESIAN_POINT('',(111.033591933225,136.985996476848,52.4442451649456));
#6348=CARTESIAN_POINT('',(113.548748561291,136.576371547532,51.3421081074755));
#6349=CARTESIAN_POINT('',(116.063905189357,136.166746618216,50.2399710500054));
#6350=CARTESIAN_POINT('',(118.525907762732,135.547757614924,49.1552256774281));
#6351=CARTESIAN_POINT('',(120.963808337083,134.737185726972,48.074594918052));
#6352=CARTESIAN_POINT('',(123.401708911435,133.92661383902,46.9939641586758));
#6353=CARTESIAN_POINT('',(125.792626115665,132.92939560071,45.9273905270151));
#6354=CARTESIAN_POINT('',(128.095264984594,131.785491721087,44.8944275058574));
#6355=CARTESIAN_POINT('',(130.397903853523,130.641587841464,43.8614644846996));
#6356=CARTESIAN_POINT('',(132.617465861935,129.352288646903,42.8599211472951));
#6357=CARTESIAN_POINT('',(134.764964381059,127.93786743658,41.8876444319898));
#6358=CARTESIAN_POINT('',(139.059961419308,125.109025015935,39.9430910013791));
#6359=CARTESIAN_POINT('',(143.108651705816,121.740086373238,38.0979742305927));
#6360=CARTESIAN_POINT('',(146.829335533969,118.071049265119,36.4044482278232));
#6361=CARTESIAN_POINT('',(150.550019362123,114.402012156999,34.7109222250537));
#6362=CARTESIAN_POINT('',(153.95314670422,110.440265250971,33.1634458986082));
#6363=CARTESIAN_POINT('',(157.107241394601,106.246671908784,31.7285637316548));
#6364=CARTESIAN_POINT('',(160.261336084982,102.053078566597,30.2936815647014));
#6365=CARTESIAN_POINT('',(163.171884099753,97.6121794452219,28.9682586558827));
#6366=CARTESIAN_POINT('',(165.842254051329,92.9854559418508,27.7451343599407));
#6367=CARTESIAN_POINT('',(168.512624002906,88.3587324384797,26.5220100639987));
#6368=CARTESIAN_POINT('',(170.923192003983,83.5790364319862,25.4099688521104));
#6369=CARTESIAN_POINT('',(173.081872041943,78.7054533869759,24.4029078101734));
#6370=CARTESIAN_POINT('',(175.240552079903,73.8318703419656,23.3958467682364));
#6371=CARTESIAN_POINT('',(177.158888533751,68.8427603123447,22.487932027455));
#6372=CARTESIAN_POINT('',(178.851729155559,63.7564316865071,21.6762010992462));
#6373=CARTESIAN_POINT('',(180.544569777368,58.6701030606694,20.8644701710374));
#6374=CARTESIAN_POINT('',(182.012166244508,53.4839071246448,20.1481997789025));
#6375=CARTESIAN_POINT('',(183.267132961663,48.1979866986619,19.528605825187));
#6376=CARTESIAN_POINT('',(184.522099678818,42.912066272679,18.9090118714716));
#6377=CARTESIAN_POINT('',(185.552259253437,37.5684344993907,18.3970226340064));
#6378=CARTESIAN_POINT('',(186.362421977838,32.2329274374911,17.9970174009064));
#6379=CARTESIAN_POINT('',(187.982747426641,21.5619133136917,17.1970069347065));
#6380=CARTESIAN_POINT('',(188.769586967328,10.8490048837643,16.8070830192754));
#6381=CARTESIAN_POINT('',(188.77454678603,0.108040325231887,16.8048625195276));
#6382=CARTESIAN_POINT('',(188.77702669538,-5.26244195403431,16.8037522696538));
#6383=CARTESIAN_POINT('',(188.582738702737,-10.6404925616626,16.8994016106128));
#6384=CARTESIAN_POINT('',(188.184967082267,-16.0292046337318,17.0958369256039));
#6385=CARTESIAN_POINT('',(187.787195461797,-21.417916705801,17.2922722405949));
#6386=CARTESIAN_POINT('',(187.181849033754,-26.8326467410342,17.5921163156431));
#6387=CARTESIAN_POINT('',(186.368250725103,-32.1945634382541,17.994138201356));
#6388=CARTESIAN_POINT('',(184.741054107803,-42.9183968326938,18.7981819727817));
#6389=CARTESIAN_POINT('',(182.287492501874,-53.3908666485566,20.0276180955481));
#6390=CARTESIAN_POINT('',(178.914791111418,-63.5665504045014,21.6459368404284));
#6391=CARTESIAN_POINT('',(177.22844041619,-68.6543922824738,22.4550962128685));
#6392=CARTESIAN_POINT('',(175.306846347363,-73.6736723004681,23.364763787509));
#6393=CARTESIAN_POINT('',(173.130592118444,-78.5953686890174,24.3801826681464));
#6394=CARTESIAN_POINT('',(170.954337889525,-83.5170650775667,25.3956015487838));
#6395=CARTESIAN_POINT('',(168.536028770415,-88.3118849623056,26.5111791578234));
#6396=CARTESIAN_POINT('',(165.891001012993,-92.9009273840831,27.7228098340882));
#6397=CARTESIAN_POINT('',(163.245973255571,-97.4899698058606,28.9344405103531));
#6398=CARTESIAN_POINT('',(160.363461249359,-101.903291517412,30.247200733774));
#6399=CARTESIAN_POINT('',(157.208320579446,-106.112082715191,31.6825729782162));
#6400=CARTESIAN_POINT('',(154.053179909533,-110.32087391297,33.1179452226584));
#6401=CARTESIAN_POINT('',(150.60351202502,-114.342631882752,34.6865839963449));
#6402=CARTESIAN_POINT('',(146.88332583215,-118.017771217365,36.3798706351466));
#6403=CARTESIAN_POINT('',(143.163139639281,-121.692910551978,38.0731572739482));
#6404=CARTESIAN_POINT('',(139.194790432506,-125.009702792635,39.8818404991254));
#6405=CARTESIAN_POINT('',(134.874412571923,-127.865609868127,41.8380968896963));
#6406=CARTESIAN_POINT('',(132.714223641632,-129.293563405873,42.8162250849817));
#6407=CARTESIAN_POINT('',(130.463947496,-130.604475838975,43.8317073419093));
#6408=CARTESIAN_POINT('',(128.162908268293,-131.751845987555,44.8640753531076));
#6409=CARTESIAN_POINT('',(125.861869040587,-132.899216136134,45.8964433643059));
#6410=CARTESIAN_POINT('',(123.50865600734,-133.884194263097,46.9463269053911));
#6411=CARTESIAN_POINT('',(121.096887786968,-134.692783926558,48.0156039417699));
#6412=CARTESIAN_POINT('',(118.685119566596,-135.501373590019,49.0848809781486));
#6413=CARTESIAN_POINT('',(116.190812162921,-136.135593277955,50.1841089110102));
#6414=CARTESIAN_POINT('',(113.671509734139,-136.556103139466,51.2882929393484));
#6415=CARTESIAN_POINT('',(111.152207305358,-136.976613000977,52.3924769676866));
#6416=CARTESIAN_POINT('',(108.628004276597,-137.180733466179,53.4929208296539));
#6417=CARTESIAN_POINT('',(106.102305878474,-137.158993638131,54.5895266387405));
#6418=CARTESIAN_POINT('',(103.57660748035,-137.137253810084,55.6861324478271));
#6419=CARTESIAN_POINT('',(101.02333903047,-136.882715642171,56.7901382554835));
#6420=CARTESIAN_POINT('',(98.5206999731387,-136.391510120767,57.8690091862444));
#6421=CARTESIAN_POINT('',(96.0180609158072,-135.900304599362,58.9478801170054));
#6422=CARTESIAN_POINT('',(93.589854450246,-135.178983308757,59.9914235428845));
#6423=CARTESIAN_POINT('',(91.230532731874,-134.239338269243,61.003302908929));
#6424=CARTESIAN_POINT('',(88.8712110135021,-133.299693229729,62.0151822749735));
#6425=CARTESIAN_POINT('',(86.5634361638745,-132.12766490988,63.0027761174028));
#6426=CARTESIAN_POINT('',(84.3675741422974,-130.766495613182,63.9411159063223));
#6427=CARTESIAN_POINT('',(82.1717121207204,-129.405326316483,64.8794556952418));
#6428=CARTESIAN_POINT('',(80.1045798798349,-127.868322753995,65.7613811945869));
#6429=CARTESIAN_POINT('',(78.1446351650887,-126.174497091341,66.5967473744065));
#6430=CARTESIAN_POINT('',(76.1846904503426,-124.480671428687,67.4321135542261));
#6431=CARTESIAN_POINT('',(74.3258108763521,-122.618551310303,68.2235036963204));
#6432=CARTESIAN_POINT('',(72.5976402823226,-120.652828361883,68.9587096410364));
#6433=CARTESIAN_POINT('',(70.8694696882931,-118.687105413463,69.6939155857524));
#6434=CARTESIAN_POINT('',(69.2769465558906,-116.626518446067,70.3708442349458));
#6435=CARTESIAN_POINT('',(67.7912565957869,-114.480743525206,71.0020196720413));
#6436=CARTESIAN_POINT('',(64.8198766755793,-110.189193683483,72.2643705462322));
#6437=CARTESIAN_POINT('',(62.2727558123018,-105.541400340758,73.3450459830605));
#6438=CARTESIAN_POINT('',(60.0827859604753,-100.707505487918,74.273562249408));
#6439=CARTESIAN_POINT('',(57.8928161086489,-95.8736106350779,75.2020785157555));
#6440=CARTESIAN_POINT('',(56.0727774500614,-90.8857350800359,75.9729865252117));
#6441=CARTESIAN_POINT('',(54.5231627743945,-85.7800885203499,76.6288917173282));
#6442=CARTESIAN_POINT('',(54.4409378270411,85.8059058250976,76.6366289522093));
#6443=CARTESIAN_POINT('',(55.9894759659512,90.9063366182887,75.9814730585052));
#6444=CARTESIAN_POINT('',(57.8036296206217,95.8717173849656,75.2133125232271));
#6445=CARTESIAN_POINT('',(59.9696146002418,100.663826149588,74.2951420115459));
#6446=CARTESIAN_POINT('',(62.1355995798619,105.45593491421,73.3769714998646));
#6447=CARTESIAN_POINT('',(64.6613800471562,110.095008626175,72.3054725821593));
#6448=CARTESIAN_POINT('',(67.6607055335395,114.441608178483,71.0311025835845));
#6449=CARTESIAN_POINT('',(70.6600310199228,118.78820773079,69.7567325850096));
#6450=CARTESIAN_POINT('',(74.062145456827,122.746183328146,68.3096994570934));
#6451=CARTESIAN_POINT('',(78.0020113315296,126.16710809443,66.6294300851226));
#6452=CARTESIAN_POINT('',(79.971944268881,127.877570477571,65.7892953991372));
#6453=CARTESIAN_POINT('',(82.0607966689586,129.434549520752,64.8973991707025));
#6454=CARTESIAN_POINT('',(84.2287314108963,130.787164521819,63.9700678311269));
#6455=CARTESIAN_POINT('',(86.3966661528341,132.139779522885,63.0427364915514));
#6456=CARTESIAN_POINT('',(88.6545999053565,133.301679254299,62.075345887527));
#6457=CARTESIAN_POINT('',(91.0216508516767,134.258417523582,61.0586242980528));
#6458=CARTESIAN_POINT('',(93.3887017979968,135.215155792864,60.0419027085786));
#6459=CARTESIAN_POINT('',(95.8677489602602,135.961500248223,58.9745309908345));
#6460=CARTESIAN_POINT('',(98.3659597547942,136.464459084995,57.8950992234722));
#6461=CARTESIAN_POINT('',(100.864170549328,136.967417921768,56.8156674561098));
#6462=CARTESIAN_POINT('',(103.370050858679,137.232386369372,55.7292339994509));
#6463=CARTESIAN_POINT('',(105.909421758209,137.265914017471,54.622969139347));
#6464=CARTESIAN_POINT('',(108.448792657738,137.29944166557,53.5167042792432));
#6465=CARTESIAN_POINT('',(111.026023746596,137.101746505744,52.388643379872));
#6466=CARTESIAN_POINT('',(113.545636754052,136.69516050646,51.2789884480195));
#6467=CARTESIAN_POINT('',(116.065249761508,136.288574507176,50.169333516167));
#6468=CARTESIAN_POINT('',(118.531571161734,135.672257260906,49.0762470634693));
#6469=CARTESIAN_POINT('',(120.973609659553,134.863822740385,47.9862653119703));
#6470=CARTESIAN_POINT('',(123.415648157371,134.055388219863,46.8962835604713));
#6471=CARTESIAN_POINT('',(125.810360378599,133.059790313179,45.8194543868953));
#6472=CARTESIAN_POINT('',(128.116209187131,131.916807394645,44.7757174823699));
#6473=CARTESIAN_POINT('',(130.422057995663,130.77382447611,43.7319805778445));
#6474=CARTESIAN_POINT('',(132.644235353841,129.484753899583,42.7191529651595));
#6475=CARTESIAN_POINT('',(134.793686547131,128.06987742482,41.7355151336096));
#6476=CARTESIAN_POINT('',(139.092588933711,125.240124475294,39.7682394705099));
#6477=CARTESIAN_POINT('',(143.142422970113,121.867443854476,37.9001564984932));
#6478=CARTESIAN_POINT('',(146.86228057703,118.19327126242,36.1861719131415));
#6479=CARTESIAN_POINT('',(150.582138183947,114.519098670363,34.4721873277897));
#6480=CARTESIAN_POINT('',(153.982627317577,110.551003997295,32.9065434799832));
#6481=CARTESIAN_POINT('',(157.132704444307,106.35066737397,31.454720833111));
#6482=CARTESIAN_POINT('',(160.282781571038,102.150330750645,30.0028981862387));
#6483=CARTESIAN_POINT('',(163.187847156858,97.7022794210381,28.6616488791436));
#6484=CARTESIAN_POINT('',(165.85069725251,93.068235765645,27.4226178230909));
#6485=CARTESIAN_POINT('',(168.513547348162,88.4341921102519,26.1835867670382));
#6486=CARTESIAN_POINT('',(170.914573751016,83.6470335909496,25.0556012153832));
#6487=CARTESIAN_POINT('',(173.060746123485,78.7660647592734,24.0320186576882));
#6488=CARTESIAN_POINT('',(175.206918495953,73.8850959275972,23.0084360999931));
#6489=CARTESIAN_POINT('',(177.109677717335,68.8885679329429,22.0833642989895));
#6490=CARTESIAN_POINT('',(178.783352985754,63.7952638842602,21.2540121944774));
#6491=CARTESIAN_POINT('',(180.457028254173,58.7019598355776,20.4246600899654));
#6492=CARTESIAN_POINT('',(181.901772066299,53.5091813064079,19.6904746042898));
#6493=CARTESIAN_POINT('',(183.132049038811,48.2175980074763,19.0554087676305));
#6494=CARTESIAN_POINT('',(184.362326011323,42.9260147085447,18.4203429309712));
#6495=CARTESIAN_POINT('',(185.366459224689,37.5776366300557,17.8931049422736));
#6496=CARTESIAN_POINT('',(186.153437826494,32.2391374489291,17.479795891004));
#6497=CARTESIAN_POINT('',(187.727395030105,21.562139086676,16.6531777884648));
#6498=CARTESIAN_POINT('',(188.482185846834,10.8489382584035,16.2524530093343));
#6499=CARTESIAN_POINT('',(188.48692487055,0.108038627303898,16.2500848650154));
#6500=CARTESIAN_POINT('',(188.489294382409,-5.26241118824587,16.248900792856));
#6501=CARTESIAN_POINT('',(188.302344312017,-10.6403645417461,16.3474280907759));
#6502=CARTESIAN_POINT('',(187.918380545144,-16.0298894927724,16.5499802028196));
#6503=CARTESIAN_POINT('',(187.53441677827,-21.4194144437987,16.7525323148632));
#6504=CARTESIAN_POINT('',(186.949408265499,-26.8359080530599,17.0616868513093));
#6505=CARTESIAN_POINT('',(186.159096277596,-32.2007787767806,17.4768260153607));
#6506=CARTESIAN_POINT('',(184.578472301789,-42.9305202242218,18.3071043434633));
#6507=CARTESIAN_POINT('',(182.179953891737,-53.4154555126728,19.5697227365263));
#6508=CARTESIAN_POINT('',(178.845698034034,-63.6051208923758,21.223095318537));
#6509=CARTESIAN_POINT('',(177.178570105182,-68.6999535822274,22.0497816095423));
#6510=CARTESIAN_POINT('',(175.272775370995,-73.7266566290029,22.9767849055282));
#6511=CARTESIAN_POINT('',(173.109186788259,-78.6558061578734,24.0089190133025));
#6512=CARTESIAN_POINT('',(170.945598205523,-83.5849556867439,25.0410531210768));
#6513=CARTESIAN_POINT('',(168.536865836109,-88.3872635805887,26.1725913094736));
#6514=CARTESIAN_POINT('',(165.899310479749,-92.9835671314821,27.4000016006899));
#6515=CARTESIAN_POINT('',(163.26175512339,-97.5798706823756,28.6274118919061));
#6516=CARTESIAN_POINT('',(160.384704821574,-102.00032317356,29.9558759057958));
#6517=CARTESIAN_POINT('',(157.233646103188,-106.215872478665,31.4081897984466));
#6518=CARTESIAN_POINT('',(154.082587384801,-110.43142178377,32.8605036910975));
#6519=CARTESIAN_POINT('',(150.635595665422,-114.459630911825,34.4475608789297));
#6520=CARTESIAN_POINT('',(146.916255814835,-118.139921539863,36.1612983712682));
#6521=CARTESIAN_POINT('',(143.196915964247,-121.8202121679,37.8750358636066));
#6522=CARTESIAN_POINT('',(139.2274787723,-125.140758407833,39.7062600051901));
#6523=CARTESIAN_POINT('',(134.903245920749,-127.997587163158,41.6853839741041));
#6524=CARTESIAN_POINT('',(132.741129494974,-129.426001540821,42.6749459585612));
#6525=CARTESIAN_POINT('',(130.488140224321,-130.736736978748,43.7019130640427));
#6526=CARTESIAN_POINT('',(128.183934642226,-131.883195224009,44.7450529106772));
#6527=CARTESIAN_POINT('',(125.879729060131,-133.029653469271,45.7881927573118));
#6528=CARTESIAN_POINT('',(123.522755680832,-134.013053758491,46.8482046499213));
#6529=CARTESIAN_POINT('',(121.106923553043,-134.819533903942,47.9267597849341));
#6530=CARTESIAN_POINT('',(118.691091425253,-135.626014049393,49.0053149199469));
#6531=CARTESIAN_POINT('',(116.192344037409,-136.257564097344,50.1130643122966));
#6532=CARTESIAN_POINT('',(113.668570002838,-136.675050185211,51.2248225325504));
#6533=CARTESIAN_POINT('',(111.144795968267,-137.092536273079,52.3365807528042));
#6534=CARTESIAN_POINT('',(108.616092922109,-137.293311591672,53.4436236951994));
#6535=CARTESIAN_POINT('',(106.086004366277,-137.268047672882,54.5460451726017));
#6536=CARTESIAN_POINT('',(103.555915810445,-137.242783754092,55.6484666500039));
#6537=CARTESIAN_POINT('',(100.998334199379,-136.984494122313,56.7575442234605));
#6538=CARTESIAN_POINT('',(98.4916590702283,-136.489525041605,57.8407797669551));
#6539=CARTESIAN_POINT('',(95.984983941078,-135.994555960897,58.9240153104496));
#6540=CARTESIAN_POINT('',(93.5530225014399,-135.269485070951,59.9711993313978));
#6541=CARTESIAN_POINT('',(91.1902132534118,-134.326154477917,60.9862175311887));
#6542=CARTESIAN_POINT('',(88.8274040053836,-133.382823884882,62.0012357309797));
#6543=CARTESIAN_POINT('',(86.5163911844506,-132.20714228641,62.9914764228964));
#6544=CARTESIAN_POINT('',(84.3175990171873,-130.842484372034,63.9320537482281));
#6545=CARTESIAN_POINT('',(82.118806849924,-129.477826457658,64.8726310735599));
#6546=CARTESIAN_POINT('',(80.0490538252899,-127.937510922383,65.7563801474412));
#6547=CARTESIAN_POINT('',(78.0867256525268,-126.240528975199,66.5933007323937));
#6548=CARTESIAN_POINT('',(76.1243974797637,-124.543547028014,67.4302213173462));
#6549=CARTESIAN_POINT('',(74.2633675246103,-122.678414628234,68.222895789739));
#6550=CARTESIAN_POINT('',(72.5332727146636,-120.709876588126,68.9591788673037));
#6551=CARTESIAN_POINT('',(70.8031779047168,-118.741338548018,69.6954619448685));
#6552=CARTESIAN_POINT('',(69.2089579172075,-116.678137021784,70.3732603602743));
#6553=CARTESIAN_POINT('',(67.7217290481471,-114.529896854714,71.0051743107347));
#6554=CARTESIAN_POINT('',(64.7472713100263,-110.233416520576,72.2690022116553));
#6555=CARTESIAN_POINT('',(62.1977066022786,-105.581294056783,73.3506338290079));
#6556=CARTESIAN_POINT('',(60.0056837011925,-100.743546687365,74.2798520975471));
#6557=CARTESIAN_POINT('',(57.8136608001063,-95.905799317948,75.2090703660864));
#6558=CARTESIAN_POINT('',(55.9919765834682,-90.9145728551039,75.9804151019862));
#6559=CARTESIAN_POINT('',(54.4409378269858,-85.8059058249143,76.6366289522328));
#6560=CARTESIAN_POINT('',(54.2764879322188,85.8575404342103,76.6521034220206));
#6561=CARTESIAN_POINT('',(55.8278700013153,90.9640036286457,75.9963310530332));
#6562=CARTESIAN_POINT('',(57.6452999843701,95.936052233978,75.2272999432078));
#6563=CARTESIAN_POINT('',(59.8153448088285,100.735786767835,74.3077438088107));
#6564=CARTESIAN_POINT('',(61.9853896332868,105.535521301692,73.3881876744136));
#6565=CARTESIAN_POINT('',(64.5160116868878,110.183187799271,72.3148060145918));
#6566=CARTESIAN_POINT('',(67.5215270370682,114.539716599277,71.0374711789959));
#6567=CARTESIAN_POINT('',(70.5270423872485,118.896245399283,69.7601363433999));
#6568=CARTESIAN_POINT('',(73.9365856942328,122.865319886504,68.3091507537985));
#6569=CARTESIAN_POINT('',(77.8859817965181,126.298895192422,66.6226728049523));
#6570=CARTESIAN_POINT('',(79.8606798476608,128.01568284538,65.7794338305292));
#6571=CARTESIAN_POINT('',(81.9548237166284,129.57935405291,64.8838583091604));
#6572=CARTESIAN_POINT('',(84.1285489763097,130.938862610885,63.9521221632487));
#6573=CARTESIAN_POINT('',(86.302274235991,132.29837116886,63.020386017337));
#6574=CARTESIAN_POINT('',(88.5664993884186,133.467399511386,62.0478677998391));
#6575=CARTESIAN_POINT('',(90.9405131268353,134.431523223586,61.0249006513107));
#6576=CARTESIAN_POINT('',(93.3145268652519,135.395646935785,60.0019335027822));
#6577=CARTESIAN_POINT('',(95.8012072678214,136.149634982458,58.9271724215586));
#6578=CARTESIAN_POINT('',(98.3075091973719,136.660116654257,57.8390625863371));
#6579=CARTESIAN_POINT('',(100.813811126922,137.170598326055,56.7509527511157));
#6580=CARTESIAN_POINT('',(103.328007625807,137.442924317037,55.6547029405545));
#6581=CARTESIAN_POINT('',(105.87613844121,137.483532341605,54.5368421197547));
#6582=CARTESIAN_POINT('',(108.424269256612,137.524140366173,53.418981298955));
#6583=CARTESIAN_POINT('',(111.010887373338,137.333246563535,52.2774398097249));
#6584=CARTESIAN_POINT('',(113.539413139574,136.932738424314,51.1527491291075));
#6585=CARTESIAN_POINT('',(116.067938905809,136.532230285094,50.0280584484901));
#6586=CARTESIAN_POINT('',(118.542897959739,135.921256552871,48.9182898355516));
#6587=CARTESIAN_POINT('',(120.993212304492,135.117096767211,47.809606099807));
#6588=CARTESIAN_POINT('',(123.443526649245,134.31293698155,46.7009223640624));
#6589=CARTESIAN_POINT('',(125.845828904469,133.320579738118,45.6035821066557));
#6590=CARTESIAN_POINT('',(128.158097592205,132.179438741761,44.538297435395));
#6591=CARTESIAN_POINT('',(130.470366279942,131.038297745403,43.4730127641343));
#6592=CARTESIAN_POINT('',(132.697774337654,129.749684404943,42.4376166008883));
#6593=CARTESIAN_POINT('',(134.851130879275,128.333897401299,41.4312565368493));
#6594=CARTESIAN_POINT('',(139.157843962518,125.502323394011,39.4185364087714));
#6595=CARTESIAN_POINT('',(143.209965498706,122.122158816952,37.5045210342942));
#6596=CARTESIAN_POINT('',(146.928170663151,118.437715257022,35.749619283778));
#6597=CARTESIAN_POINT('',(150.646375827597,114.753271697092,33.9947175332617));
#6598=CARTESIAN_POINT('',(154.04158854429,110.772481489941,32.3927386427333));
#6599=CARTESIAN_POINT('',(157.183630543719,106.558658304341,30.9070350360233));
#6600=CARTESIAN_POINT('',(160.325672543148,102.344835118741,29.4213314293132));
#6601=CARTESIAN_POINT('',(163.21977327107,97.8824793726704,28.0484293256656));
#6602=CARTESIAN_POINT('',(165.867583654872,93.2337954132333,26.7775847493915));
#6603=CARTESIAN_POINT('',(168.515394038674,88.5851114537962,25.5067401731173));
#6604=CARTESIAN_POINT('',(170.897337245082,83.7830279088764,24.346865941929));
#6605=CARTESIAN_POINT('',(173.018494286568,78.8872875038685,23.2902403527177));
#6606=CARTESIAN_POINT('',(175.139651328054,73.9915470988606,22.2336147635064));
#6607=CARTESIAN_POINT('',(177.011256084504,68.9801831741393,21.2742288420585));
#6608=CARTESIAN_POINT('',(178.646600646144,63.8729282797666,20.4096343849399));
#6609=CARTESIAN_POINT('',(180.281945207784,58.7656733853938,19.5450399278214));
#6610=CARTESIAN_POINT('',(181.680983709881,53.5597296699342,18.7750242550645));
#6611=CARTESIAN_POINT('',(182.861881193107,48.2568206251052,18.1090146525174));
#6612=CARTESIAN_POINT('',(184.042778676333,42.9539115802762,17.4430050499704));
#6613=CARTESIAN_POINT('',(184.994859167193,37.5960408913857,16.8852695588081));
#6614=CARTESIAN_POINT('',(185.735469523806,32.2515574718053,16.4453528711993));
#6615=CARTESIAN_POINT('',(187.216690237034,21.5625906326447,15.5655194959815));
#6616=CARTESIAN_POINT('',(187.907383605844,10.8488050076818,15.1431929894521));
#6617=CARTESIAN_POINT('',(187.911681039592,0.10803523144792,15.140529555991));
#6618=CARTESIAN_POINT('',(187.913829756465,-5.262349656669,15.1391978392605));
#6619=CARTESIAN_POINT('',(187.741555530577,-10.6401085019133,15.2434810511022));
#6620=CARTESIAN_POINT('',(187.385207470896,-16.0312592108536,15.4582667572509));
#6621=CARTESIAN_POINT('',(187.028859411215,-21.4224099197939,15.6730524633997));
#6622=CARTESIAN_POINT('',(186.484526728989,-26.8424306771113,16.0008279226418));
#6623=CARTESIAN_POINT('',(185.74078738258,-32.2132094538335,16.4422016433701));
#6624=CARTESIAN_POINT('',(184.253308689762,-42.9547670072778,17.3249490848267));
#6625=CARTESIAN_POINT('',(181.964876671462,-53.4646332409052,18.6539320184827));
#6626=CARTESIAN_POINT('',(178.707511879265,-63.6822618681247,20.3774122747543));
#6627=CARTESIAN_POINT('',(177.078829483166,-68.7910761817344,21.23915240289));
#6628=CARTESIAN_POINT('',(175.204633418258,-73.8326252860728,22.2008271415667));
#6629=CARTESIAN_POINT('',(173.066376127889,-78.7766810955856,23.2663917036147));
#6630=CARTESIAN_POINT('',(170.92811883752,-83.7207369050983,24.3319562656627));
#6631=CARTESIAN_POINT('',(168.538539967496,-88.5380208171548,25.4954156127741));
#6632=CARTESIAN_POINT('',(165.915929413262,-93.1488466262802,26.7543851338932));
#6633=CARTESIAN_POINT('',(163.293318859028,-97.7596724354055,28.0133546550123));
#6634=CARTESIAN_POINT('',(160.427191966005,-102.194386485856,29.3732262498394));
#6635=CARTESIAN_POINT('',(157.284297150671,-106.423452005612,30.8594234389075));
#6636=CARTESIAN_POINT('',(154.141402335338,-110.652517525368,32.3456206279756));
#6637=CARTESIAN_POINT('',(150.699762946228,-114.693628969972,33.9695146440991));
#6638=CARTESIAN_POINT('',(146.982115780204,-118.384222184858,35.7241538435113));
#6639=CARTESIAN_POINT('',(143.26446861418,-122.074815399745,37.4787930429235));
#6640=CARTESIAN_POINT('',(139.29285545189,-125.402869638229,39.3550990173196));
#6641=CARTESIAN_POINT('',(134.960912618402,-128.261541753221,41.3799581429199));
#6642=CARTESIAN_POINT('',(132.794941201658,-129.690877810718,42.39238770572));
#6643=CARTESIAN_POINT('',(130.536525680963,-131.001259258294,43.4423245083094));
#6644=CARTESIAN_POINT('',(128.22598739009,-132.145893696918,44.5070080258165));
#6645=CARTESIAN_POINT('',(125.915449099217,-133.290528135543,45.5716915433236));
#6646=CARTESIAN_POINT('',(123.550955027817,-134.270772749279,46.6519601389816));
#6647=CARTESIAN_POINT('',(121.126995085191,-135.07303385871,47.7490714712625));
#6648=CARTESIAN_POINT('',(118.703035142566,-135.875294968141,48.8461828035435));
#6649=CARTESIAN_POINT('',(116.195407786386,-136.50150573612,49.9709751148694));
#6650=CARTESIAN_POINT('',(113.662690540235,-136.912944276701,51.0978817189545));
#6651=CARTESIAN_POINT('',(111.129973294084,-137.324382817282,52.2247883230395));
#6652=CARTESIAN_POINT('',(108.592270213134,-137.518467842659,53.3450294262906));
#6653=CARTESIAN_POINT('',(106.053401341885,-137.486155742383,54.459082240324));
#6654=CARTESIAN_POINT('',(103.514532470636,-137.453843642108,55.5731350543575));
#6655=CARTESIAN_POINT('',(100.948324537195,-137.188051082596,56.6923561594147));
#6656=CARTESIAN_POINT('',(98.4335772644075,-136.685554883281,57.7843209283764));
#6657=CARTESIAN_POINT('',(95.9188299916196,-136.183058683965,58.8762856973381));
#6658=CARTESIAN_POINT('',(93.4793586038279,-135.45048859534,59.9307509084244));
#6659=CARTESIAN_POINT('',(91.1095742964874,-134.499786895264,60.9520467757082));
#6660=CARTESIAN_POINT('',(88.7397899891468,-133.549085195189,61.973342642992));
#6661=CARTESIAN_POINT('',(86.4223012256027,-132.366097039469,62.9688770338836));
#6662=CARTESIAN_POINT('',(84.217648766967,-130.994461889739,63.9139294320398));
#6663=CARTESIAN_POINT('',(82.0129963083313,-129.622826740009,64.8589818301961));
#6664=CARTESIAN_POINT('',(79.9380017162001,-128.075887259161,65.7463780531498));
#6665=CARTESIAN_POINT('',(77.970906627403,-126.372592742914,66.5864074483682));
#6666=CARTESIAN_POINT('',(76.003811538606,-124.669298226667,67.4264368435865));
#6667=CARTESIAN_POINT('',(74.1384808211267,-122.798141264094,68.2216799765761));
#6668=CARTESIAN_POINT('',(72.4045375793455,-120.823973040611,68.9601173198385));
#6669=CARTESIAN_POINT('',(70.6705943375642,-118.849804817128,69.698554663101));
#6670=CARTESIAN_POINT('',(69.0729806398412,-116.781374173217,70.3780926109314));
#6671=CARTESIAN_POINT('',(67.5826739528676,-114.628203513732,71.0114835881215));
#6672=CARTESIAN_POINT('',(64.6020605789203,-110.321862194762,72.2782655425016));
#6673=CARTESIAN_POINT('',(62.0476081822322,-105.661081488831,73.3618095209025));
#6674=CARTESIAN_POINT('',(59.8514791826267,-100.81562908626,74.2924317938254));
#6675=CARTESIAN_POINT('',(57.6553501830212,-95.9701766836882,75.2230540667483));
#6676=CARTESIAN_POINT('',(55.8303748502817,-90.97224840524,75.9952722555351));
#6677=CARTESIAN_POINT('',(54.2764879321683,-85.8575404340432,76.6521034220421));
#6678=CARTESIAN_POINT('',(54.1141515191334,85.9074358082318,76.6588490118978));
#6679=CARTESIAN_POINT('',(55.6682920453732,91.0197331717867,76.0025783162383));
#6680=CARTESIAN_POINT('',(57.4888929643547,95.9982361274699,75.2327915433908));
#6681=CARTESIAN_POINT('',(59.6628460914977,100.805354823543,74.3119535554032));
#6682=CARTESIAN_POINT('',(61.8367992186407,105.612473519615,73.3911155674157));
#6683=CARTESIAN_POINT('',(64.3720675468376,110.268462530462,72.3159463234055));
#6684=CARTESIAN_POINT('',(67.3834793542178,114.634641441316,71.0356935848291));
#6685=CARTESIAN_POINT('',(70.3948911615979,119.00082035217,69.7554408462527));
#6686=CARTESIAN_POINT('',(73.8114685084461,122.980686177642,68.3005152713947));
#6687=CARTESIAN_POINT('',(77.7697871364675,126.426706933274,66.6076652355724));
#6688=CARTESIAN_POINT('',(79.7489464504782,128.14971731109,65.7612402176614));
#6689=CARTESIAN_POINT('',(81.8480167681941,129.719999199511,64.8618609410063));
#6690=CARTESIAN_POINT('',(84.0271016400567,131.086386136357,63.9255125716086));
#6691=CARTESIAN_POINT('',(86.2061865119193,132.452773073203,62.9891642022109));
#6692=CARTESIAN_POINT('',(88.4762082551367,133.628978596608,62.0112295390468));
#6693=CARTESIAN_POINT('',(90.8566029468679,134.600659205817,60.9815654461506));
#6694=CARTESIAN_POINT('',(93.2369976385992,135.572339815026,59.9519013532544));
#6695=CARTESIAN_POINT('',(95.7306415519166,136.334270676064,58.8691322809583));
#6696=CARTESIAN_POINT('',(98.2442892262374,136.852757252866,57.77145232643));
#6697=CARTESIAN_POINT('',(100.757936900558,137.371243829668,56.6737723719017));
#6698=CARTESIAN_POINT('',(103.279678519924,137.651592942268,55.566535529493));
#6699=CARTESIAN_POINT('',(105.835715286291,137.700190229846,54.4354252092231));
#6700=CARTESIAN_POINT('',(108.391752052657,137.748787517425,53.3043148889533));
#6701=CARTESIAN_POINT('',(110.986759254822,137.565854272388,52.1471763627437));
#6702=CARTESIAN_POINT('',(113.523224520022,137.172750822736,51.0046411408302));
#6703=CARTESIAN_POINT('',(116.059689785222,136.779647373085,49.8621059189168));
#6704=CARTESIAN_POINT('',(118.542279964221,136.175527071714,48.7321647926732));
#6705=CARTESIAN_POINT('',(120.999663886087,135.377179940466,47.6004477096031));
#6706=CARTESIAN_POINT('',(123.457047807953,134.578832809218,46.468730626533));
#6707=CARTESIAN_POINT('',(125.865607259506,133.591238706853,45.3456901387678));
#6708=CARTESIAN_POINT('',(128.182680412416,132.453095848794,44.2531019885967));
#6709=CARTESIAN_POINT('',(130.499753565326,131.314952990735,43.1605138384256));
#6710=CARTESIAN_POINT('',(132.73050414953,130.02754421833,42.0962477258543));
#6711=CARTESIAN_POINT('',(134.885490112241,128.611048117021,41.0607737640827));
#6712=CARTESIAN_POINT('',(139.195462037662,125.778055914404,38.9898258405395));
#6713=CARTESIAN_POINT('',(143.243746241256,122.388398025594,37.0169094834743));
#6714=CARTESIAN_POINT('',(146.953219849245,118.690947221497,35.2097216208263));
#6715=CARTESIAN_POINT('',(150.662693457234,114.993496417399,33.4025337581782));
#6716=CARTESIAN_POINT('',(154.044780990772,110.996778233796,31.7541143804142));
#6717=CARTESIAN_POINT('',(157.170229144661,106.766743374415,30.2240617242067));
#6718=CARTESIAN_POINT('',(160.295677298551,102.536708515035,28.6940090679992));
#6719=CARTESIAN_POINT('',(163.169513337802,98.0577399167155,27.2784760967542));
#6720=CARTESIAN_POINT('',(165.791437465796,93.3924206826706,25.9632995131304));
#6721=CARTESIAN_POINT('',(168.41336159379,88.7271014486258,24.6481229295067));
#6722=CARTESIAN_POINT('',(170.763838829824,83.9083825957832,23.4423894878263));
#6723=CARTESIAN_POINT('',(172.845035314524,78.9961988821033,22.3378605866807));
#6724=CARTESIAN_POINT('',(174.926231799223,74.0840151684234,21.2333316855352));
#6725=CARTESIAN_POINT('',(176.74893960165,69.0561361488115,20.2236520724383));
#6726=CARTESIAN_POINT('',(178.325589516002,63.9333434572264,19.3097287440707));
#6727=CARTESIAN_POINT('',(179.902239430354,58.8105507656413,18.3958054157032));
#6728=CARTESIAN_POINT('',(181.232591700782,53.5902313738504,17.5776502234445));
#6729=CARTESIAN_POINT('',(182.339712806735,48.275498845272,16.8695186721501));
#6730=CARTESIAN_POINT('',(183.446833912687,42.9607663166937,16.1613871208557));
#6731=CARTESIAN_POINT('',(184.324216858393,37.5928931668547,15.5691226510864));
#6732=CARTESIAN_POINT('',(185.00161105468,32.2439026088106,15.1037947513911));
#6733=CARTESIAN_POINT('',(186.356399447254,21.5459214927223,14.1731389520006));
#6734=CARTESIAN_POINT('',(186.960486609571,10.8400216098071,13.7300364038368));
#6735=CARTESIAN_POINT('',(186.964323600931,0.107940055098858,13.727283248334));
#6736=CARTESIAN_POINT('',(186.966242096611,-5.25810072225524,13.7259066705825));
#6737=CARTESIAN_POINT('',(186.813577050273,-10.6313555692094,13.8353533937278));
#6738=CARTESIAN_POINT('',(186.494466585457,-16.0205699932252,14.0615273673388));
#6739=CARTESIAN_POINT('',(186.175356120641,-21.409784417241,14.2877013409498));
#6740=CARTESIAN_POINT('',(185.686370694683,-26.830540367989,14.6335075105779));
#6741=CARTESIAN_POINT('',(185.006458373029,-32.2056233207528,15.1004672956844));
#6742=CARTESIAN_POINT('',(183.64663372972,-42.9557892262804,16.0343868658974));
#6743=CARTESIAN_POINT('',(181.523848717112,-53.4933698130255,17.4535714144489));
#6744=CARTESIAN_POINT('',(178.384298838437,-63.7421051709553,19.2756632832704));
#6745=CARTESIAN_POINT('',(176.8145238991,-68.8664728499202,20.1867092176811));
#6746=CARTESIAN_POINT('',(174.989834787033,-73.9245372095647,21.1989589610996));
#6747=CARTESIAN_POINT('',(172.892019125669,-78.8852094642074,22.3129294159276));
#6748=CARTESIAN_POINT('',(170.794203464304,-83.8458817188501,23.4268998707556));
#6749=CARTESIAN_POINT('',(168.436208586195,-88.6798413279904,24.6363366081945));
#6750=CARTESIAN_POINT('',(165.839314579258,-93.3071600295566,25.939289430289));
#6751=CARTESIAN_POINT('',(163.24242057232,-97.9344787311228,27.2422422523834));
#6752=CARTESIAN_POINT('',(160.396487923929,-102.385715225212,28.644447701899));
#6753=CARTESIAN_POINT('',(157.27035133541,-106.631031675614,30.1750309252924));
#6754=CARTESIAN_POINT('',(154.144214746891,-110.876348126016,31.7056141486859));
#6755=CARTESIAN_POINT('',(150.715905975684,-114.933621561658,33.3765858362866));
#6756=CARTESIAN_POINT('',(147.007036002112,-118.637267208744,35.183497547355));
#6757=CARTESIAN_POINT('',(143.298166028539,-122.34091285583,36.9904092584234));
#6758=CARTESIAN_POINT('',(139.33044143646,-125.678486594616,38.9245071997707));
#6759=CARTESIAN_POINT('',(134.995371828514,-128.538640576849,41.0079848780146));
#6760=CARTESIAN_POINT('',(132.827837024541,-129.968717567966,42.0497237171365));
#6761=CARTESIAN_POINT('',(130.565942812992,-131.277979083686,43.129023628197));
#6762=CARTESIAN_POINT('',(128.250690031342,-132.419650494695,44.221016923341));
#6763=CARTESIAN_POINT('',(125.935437249691,-133.561321905705,45.3130102184851));
#6764=CARTESIAN_POINT('',(123.564746618699,-134.536902638521,46.4186617016217));
#6765=CARTESIAN_POINT('',(121.133845295269,-135.333428218303,47.5386488189234));
#6766=CARTESIAN_POINT('',(118.702943971839,-136.129953798085,48.6586359362251));
#6767=CARTESIAN_POINT('',(116.187501478648,-136.749284554603,49.804024554026));
#6768=CARTESIAN_POINT('',(113.646825374512,-137.153333414043,50.948922388456));
#6769=CARTESIAN_POINT('',(111.106149270376,-137.557382273484,52.093820222886));
#6770=CARTESIAN_POINT('',(108.560362198609,-137.743637490521,53.2293806096241));
#6771=CARTESIAN_POINT('',(106.013580157541,-137.703366472458,54.3567223427579));
#6772=CARTESIAN_POINT('',(103.466798116472,-137.663095454394,55.4840640758917));
#6773=CARTESIAN_POINT('',(100.892783521929,-137.389112445271,56.6146318530083));
#6774=CARTESIAN_POINT('',(98.3706983927449,-136.878594097625,57.7162390080969));
#6775=CARTESIAN_POINT('',(95.8486132635605,-136.368075749979,58.8178461631855));
#6776=CARTESIAN_POINT('',(93.4022937869038,-135.627710062984,59.8802024747435));
#6777=CARTESIAN_POINT('',(91.0261206523181,-134.669461693729,60.9082323861363));
#6778=CARTESIAN_POINT('',(88.6499475177325,-133.711213324474,61.9362622975292));
#6779=CARTESIAN_POINT('',(86.3264968595132,-132.520867431279,62.9373896850345));
#6780=CARTESIAN_POINT('',(84.1164172062455,-131.142265030349,63.8871321035463));
#6781=CARTESIAN_POINT('',(81.9063375529778,-129.76366262942,64.8368745220581));
#6782=CARTESIAN_POINT('',(79.8264627381294,-128.21017814752,65.7280417205958));
#6783=CARTESIAN_POINT('',(77.854908035118,-126.500675582162,66.5712609170478));
#6784=CARTESIAN_POINT('',(75.8833533321066,-124.791173016804,67.4144801134998));
#6785=CARTESIAN_POINT('',(74.013976448239,-122.914125108568,68.2123276273444));
#6786=CARTESIAN_POINT('',(72.276396820592,-120.934462841811,68.9529321084682));
#6787=CARTESIAN_POINT('',(70.538817192945,-118.954800575053,69.693536589592));
#6788=CARTESIAN_POINT('',(68.9379814573345,-116.881282621451,70.3748028534609));
#6789=CARTESIAN_POINT('',(67.4447443762166,-114.723321910096,71.0096473314237));
#6790=CARTESIAN_POINT('',(64.4582702139809,-110.407400487386,72.2793362873492));
#6791=CARTESIAN_POINT('',(61.8991263444067,-105.738231606177,73.3646988527774));
#6792=CARTESIAN_POINT('',(59.6990438091274,-100.885316216394,74.2966209122356));
#6793=CARTESIAN_POINT('',(57.4989612738481,-96.0324008266111,75.2285429716937));
#6794=CARTESIAN_POINT('',(55.6708010810657,-91.0279864783326,76.0015188288645));
#6795=CARTESIAN_POINT('',(54.1141515190948,-85.907435808104,76.6588490119142));
#6796=CARTESIAN_POINT('',(53.9111143358317,85.9697867014558,76.6658498014476));
#6797=CARTESIAN_POINT('',(55.4686950599986,91.0893469250456,76.0089717314219));
#6798=CARTESIAN_POINT('',(57.2932605781354,96.0758977033909,75.2382520313885));
#6799=CARTESIAN_POINT('',(59.4720922579372,100.8921879746,74.3158253366308));
#6800=CARTESIAN_POINT('',(61.6509239377391,105.708478245809,73.393398641873));
#6801=CARTESIAN_POINT('',(64.1919896447401,110.374789586549,72.3160089121363));
#6802=CARTESIAN_POINT('',(67.2107696866888,114.752910628284,71.0321185196487));
#6803=CARTESIAN_POINT('',(70.2295497286375,119.131031670019,69.7482281271611));
#6804=CARTESIAN_POINT('',(73.6548824984785,123.124180183851,68.2883987583815));
#6805=CARTESIAN_POINT('',(77.6243144599102,126.585409602218,66.5876194910089));
#6806=CARTESIAN_POINT('',(79.609030440626,128.316024311402,65.7372298573226));
#6807=CARTESIAN_POINT('',(81.7142093833433,129.8943292007,64.8331311377771));
#6808=CARTESIAN_POINT('',(83.8999191493826,131.269001734981,63.8910764324923));
#6809=CARTESIAN_POINT('',(86.0856289154219,132.643674269261,62.9490217272075));
#6810=CARTESIAN_POINT('',(88.362811156287,133.828469237887,61.964393363057));
#6811=CARTESIAN_POINT('',(90.7510374501072,134.809071106479,60.9264989060063));
#6812=CARTESIAN_POINT('',(93.1392637439274,135.789672975072,59.8886044489556));
#6813=CARTESIAN_POINT('',(95.641417801714,136.560863140994,58.7960259653567));
#6814=CARTESIAN_POINT('',(98.1639291294836,137.088467867223,57.6867353619124));
#6815=CARTESIAN_POINT('',(100.686440457253,137.616072593452,56.5774447584681));
#6816=CARTESIAN_POINT('',(103.217317024346,137.90537303483,55.4569118471898));
#6817=CARTESIAN_POINT('',(105.782723887463,137.962539160784,54.3099823339813));
#6818=CARTESIAN_POINT('',(108.34813075058,138.019705286738,53.1630528207729));
#6819=CARTESIAN_POINT('',(110.952768241009,137.844966497761,51.9875355258769));
#6820=CARTESIAN_POINT('',(113.498279970448,137.458944113661,50.8242624075964));
#6821=CARTESIAN_POINT('',(116.043791699887,137.072921729561,49.660989289316));
#6822=CARTESIAN_POINT('',(118.534880683117,136.474779415233,48.5078966847245));
#6823=CARTESIAN_POINT('',(120.999726259034,135.680735237159,47.3503398934132));
#6824=CARTESIAN_POINT('',(123.464571834951,134.886691059084,46.1927831021019));
#6825=CARTESIAN_POINT('',(125.879388891058,133.901683502422,45.0414267187886));
#6826=CARTESIAN_POINT('',(128.200830433091,132.763959808031,43.9193473409038));
#6827=CARTESIAN_POINT('',(130.522271975124,131.626236113639,42.7972679630189));
#6828=CARTESIAN_POINT('',(132.755512678472,130.337075397537,41.7023558402711));
#6829=CARTESIAN_POINT('',(134.910996612523,128.916917745479,40.6363607542854));
#6830=CARTESIAN_POINT('',(139.221964480626,126.076602441362,38.5043705823139));
#6831=CARTESIAN_POINT('',(143.263102905024,122.671738047348,36.4709967752439));
#6832=CARTESIAN_POINT('',(146.960375500599,118.956596433581,34.6110435246273));
#6833=CARTESIAN_POINT('',(150.657648096174,115.241454819814,32.7510902740106));
#6834=CARTESIAN_POINT('',(154.022927466901,111.224862781902,31.0569063271807));
#6835=CARTESIAN_POINT('',(157.127935653897,106.974780701782,29.4857122047852));
#6836=CARTESIAN_POINT('',(160.232943840892,102.724698621662,27.9145180823896));
#6837=CARTESIAN_POINT('',(163.082433334465,98.225354653368,26.4621159858898));
#6838=CARTESIAN_POINT('',(165.674770951125,93.5397328020667,25.1130095423276));
#6839=CARTESIAN_POINT('',(168.267108567785,88.8541109507653,23.7639030987654));
#6840=CARTESIAN_POINT('',(170.582792597918,84.0151978429078,22.5274381906995));
#6841=CARTESIAN_POINT('',(172.623231268087,79.0837279567312,21.3964041983988));
#6842=CARTESIAN_POINT('',(174.663669938256,74.1522580705547,20.265370206098));
#6843=CARTESIAN_POINT('',(176.439447269269,69.1057631637766,19.2335146390491));
#6844=CARTESIAN_POINT('',(177.964331594978,63.9668669180972,18.3027060007978));
#6845=CARTESIAN_POINT('',(179.489215920687,58.8279706724179,17.3718973625465));
#6846=CARTESIAN_POINT('',(180.763091489366,53.593811789224,16.5422568501393));
#6847=CARTESIAN_POINT('',(181.813431533723,48.2693298148092,15.8264483906763));
#6848=CARTESIAN_POINT('',(182.863771578081,42.9448478403944,15.1106399312133));
#6849=CARTESIAN_POINT('',(183.684804767861,37.5712804143442,14.514423349205));
#6850=CARTESIAN_POINT('',(184.31353479222,32.2206033410631,14.04670339072));
#6851=CARTESIAN_POINT('',(185.570994840939,21.5192491945008,13.11126347375));
#6852=CARTESIAN_POINT('',(186.111748252378,10.8264029882026,12.6687012161763));
#6853=CARTESIAN_POINT('',(186.115131547829,0.107811472981432,12.6659470005898));
#6854=CARTESIAN_POINT('',(186.116823195555,-5.25148428462916,12.6645698927965));
#6855=CARTESIAN_POINT('',(185.978849897994,-10.617864945522,12.7740149755422));
#6856=CARTESIAN_POINT('',(185.687758508758,-16.0024889537471,13.0006499205729));
#6857=CARTESIAN_POINT('',(185.396667119522,-21.3871129619722,13.2272848656037));
#6858=CARTESIAN_POINT('',(184.949089675873,-26.8055591488395,13.573990597232));
#6859=CARTESIAN_POINT('',(184.318034483026,-32.1823097886957,14.0433587367922));
#6860=CARTESIAN_POINT('',(183.055924097333,-42.9358110684082,14.9820950159124));
#6861=CARTESIAN_POINT('',(181.057042634353,-53.4940604549137,16.4124170193179));
#6862=CARTESIAN_POINT('',(178.021109734322,-63.7750179229105,18.2680116919903));
#6863=CARTESIAN_POINT('',(176.503143284307,-68.9154966569089,19.1958090283264));
#6864=CARTESIAN_POINT('',(174.725875105176,-73.992167508597,20.2301979474135));
#6865=CARTESIAN_POINT('',(172.669295633398,-78.9722991477015,21.3708755711042));
#6866=CARTESIAN_POINT('',(170.612716161619,-83.952430786806,22.5115531947949));
#6867=CARTESIAN_POINT('',(168.289620329413,-88.8066386993606,23.7518100301622));
#6868=CARTESIAN_POINT('',(165.722109524788,-93.4540972043139,25.0883802028734));
#6869=CARTESIAN_POINT('',(163.154598720163,-98.1015557092673,26.4249503755846));
#6870=CARTESIAN_POINT('',(160.332914705476,-102.57302929765,27.8636640522383));
#6871=CARTESIAN_POINT('',(157.227392886798,-106.838437538866,29.4353650770423));
#6872=CARTESIAN_POINT('',(154.121871068121,-111.103845780081,31.0070661018463));
#6873=CARTESIAN_POINT('',(150.710641537777,-115.181271145556,32.7244005448921));
#6874=CARTESIAN_POINT('',(147.014014224852,-118.902659818533,34.584053192068));
#6875=CARTESIAN_POINT('',(143.317386911927,-122.62404849151,36.4437058392439));
#6876=CARTESIAN_POINT('',(139.356845753534,-125.976719312526,38.4371005952243));
#6877=CARTESIAN_POINT('',(135.020915518138,-128.844310142965,40.5820113377685));
#6878=CARTESIAN_POINT('',(132.852950400441,-130.278105558184,41.6544667090406));
#6879=CARTESIAN_POINT('',(130.588478353431,-131.58924639347,42.7649070619569));
#6880=CARTESIAN_POINT('',(128.268953659746,-132.730535204966,43.8864001952798));
#6881=CARTESIAN_POINT('',(125.949428966061,-133.871824016462,45.0078933286026));
#6882=CARTESIAN_POINT('',(123.572556094576,-134.844903698293,46.1414878367143));
#6883=CARTESIAN_POINT('',(121.13432193967,-135.637213434291,47.2871257902208));
#6884=CARTESIAN_POINT('',(118.696087784763,-136.42952317029,48.4327637437274));
#6885=CARTESIAN_POINT('',(116.172029694787,-137.042878370974,49.6017355065888));
#6886=CARTESIAN_POINT('',(113.622304313268,-137.439879513737,50.7675325185524));
#6887=CARTESIAN_POINT('',(111.072578931749,-137.8368806565,51.9333295305161));
#6888=CARTESIAN_POINT('',(108.517375548746,-138.015098869445,53.0869918359297));
#6889=CARTESIAN_POINT('',(105.961253551287,-137.96630773651,54.2301737036111));
#6890=CARTESIAN_POINT('',(103.405131553828,-137.917516603574,55.3733555712926));
#6891=CARTESIAN_POINT('',(100.821762732521,-137.63442238978,56.5176134036717));
#6892=CARTESIAN_POINT('',(98.2907794351284,-137.11476369307,57.630937689422));
#6893=CARTESIAN_POINT('',(95.7597961377357,-136.59510499636,58.7442619751724));
#6894=CARTESIAN_POINT('',(93.3051174284639,-135.845657515485,59.8162773566621));
#6895=CARTESIAN_POINT('',(90.9211132314052,-134.878508642554,60.852577930739));
#6896=CARTESIAN_POINT('',(88.5371090343464,-133.911359769623,61.8888785048159));
#6897=CARTESIAN_POINT('',(86.206312055449,-132.712224766851,62.8969091425547));
#6898=CARTESIAN_POINT('',(83.9895059721207,-131.32522008322,63.852461807465));
#6899=CARTESIAN_POINT('',(81.7726998887924,-129.93821539959,64.8080144723752));
#6900=CARTESIAN_POINT('',(79.6867705543719,-128.376781778949,65.703861799967));
#6901=CARTESIAN_POINT('',(77.7096746178488,-126.659705329173,66.5510443458744));
#6902=CARTESIAN_POINT('',(75.7325786813257,-124.942628879397,67.3982268917818));
#6903=CARTESIAN_POINT('',(73.8581659119678,-123.058360216896,68.1993148132145));
#6904=CARTESIAN_POINT('',(72.1160508471294,-121.071936295335,68.9426192714786));
#6905=CARTESIAN_POINT('',(70.373935782291,-119.085512373773,69.6859237297427));
#6906=CARTESIAN_POINT('',(68.7690781089917,-117.005714169881,70.369343895814));
#6907=CARTESIAN_POINT('',(67.2721847857817,-114.841834186817,71.0059980774204));
#6908=CARTESIAN_POINT('',(64.2783981393618,-110.514074220689,72.2793064406332));
#6909=CARTESIAN_POINT('',(61.713392670587,-105.834495135445,73.3669314274819));
#6910=CARTESIAN_POINT('',(59.50837127473,-100.972302159726,74.3004661863491));
#6911=CARTESIAN_POINT('',(57.303349878873,-96.1101091840074,75.2340009452162));
#6912=CARTESIAN_POINT('',(55.471209663704,-91.0976119982047,76.0079112584583));
#6913=CARTESIAN_POINT('',(53.9111143358316,-85.9697867014555,76.6658498014477));
#6914=CARTESIAN_POINT('',(53.9111143358316,85.9697867014556,76.6658498014477));
#6915=CARTESIAN_POINT('',(53.465497231206,84.5051026494266,76.8537797775382));
#6916=CARTESIAN_POINT('',(52.9806480002904,83.0490094614827,77.0343228390604));
#6917=CARTESIAN_POINT('',(52.3327513786023,81.6604609751728,77.2097017193737));
#6918=CARTESIAN_POINT('',(52.0088030677583,80.9661867320179,77.2973911595304));
#6919=CARTESIAN_POINT('',(51.6519330667006,80.282488821513,77.3838905788986));
#6920=CARTESIAN_POINT('',(51.1541622684398,79.6986869903441,77.4673689047452));
#6921=CARTESIAN_POINT('',(50.9052768693094,79.4067860747597,77.5091080676685));
#6922=CARTESIAN_POINT('',(50.6148220419264,79.1327554492223,77.5510810863606));
#6923=CARTESIAN_POINT('',(50.2552616432092,79.0001197303628,77.5837737060374));
#6924=CARTESIAN_POINT('',(50.0754814438506,78.9338018709331,77.6001200158757));
#6925=CARTESIAN_POINT('',(49.8786356457004,78.906652303607,77.6137935665395));
#6926=CARTESIAN_POINT('',(49.6893264053086,78.9310494104284,77.622326294368));
#6927=CARTESIAN_POINT('',(49.5000171649168,78.9554465172498,77.6308590221966));
#6928=CARTESIAN_POINT('',(49.3182479826381,79.0313803720518,77.6342516531578));
#6929=CARTESIAN_POINT('',(49.1541757475408,79.1332949784035,77.6342516495956));
#6930=CARTESIAN_POINT('',(54.7232630689977,85.7203831284247,76.6378466432658));
#6931=CARTESIAN_POINT('',(54.1840704355747,84.2623931781225,76.8318446836836));
#6932=CARTESIAN_POINT('',(53.5998642418125,82.8130368085157,77.0185393690235));
#6933=CARTESIAN_POINT('',(52.8227796971239,81.4311445297673,77.2014639703244));
#6934=CARTESIAN_POINT('',(52.4342374247797,80.7401983903931,77.2929262709749));
#6935=CARTESIAN_POINT('',(52.0068596772443,80.0598447275746,77.3834571458196));
#6936=CARTESIAN_POINT('',(51.4117262223896,79.4791279304811,77.4723820221213));
#6937=CARTESIAN_POINT('',(51.1141594949622,79.1887695319344,77.5168444602721));
#6938=CARTESIAN_POINT('',(50.767164416295,78.9162488931923,77.561954708091));
#6939=CARTESIAN_POINT('',(50.3374823709737,78.7844874539049,77.5985502886091));
#6940=CARTESIAN_POINT('',(50.122641348313,78.7186067342612,77.6168480788682));
#6941=CARTESIAN_POINT('',(49.8873216869878,78.6917073703906,77.6326678130535));
#6942=CARTESIAN_POINT('',(49.6609369380847,78.7161976996566,77.6432741732465));
#6943=CARTESIAN_POINT('',(49.4345521891815,78.7406880289227,77.6538805334394));
#6944=CARTESIAN_POINT('',(49.2170279061943,78.8165588442855,77.6592786158048));
#6945=CARTESIAN_POINT('',(49.0206395880214,78.9183151484743,77.6611019678181));
#6946=CARTESIAN_POINT('',(55.1153789495414,85.6205942921241,76.5500643713579));
#6947=CARTESIAN_POINT('',(54.53412028641,84.1652388156584,76.7624307056168));
#6948=CARTESIAN_POINT('',(53.9047972622914,82.7203367315926,76.9664560066278));
#6949=CARTESIAN_POINT('',(53.0665369206382,81.3392655127632,77.1663328304637));
#6950=CARTESIAN_POINT('',(52.6474067498116,80.6487299033485,77.2662712423816));
#6951=CARTESIAN_POINT('',(52.1866844920627,79.9694443970854,77.3650316926512));
#6952=CARTESIAN_POINT('',(51.5458227671714,79.3863794541717,77.4619003680703));
#6953=CARTESIAN_POINT('',(51.2253919047257,79.0948469827149,77.5103347057798));
#6954=CARTESIAN_POINT('',(50.8524837073952,78.8162735314957,77.559611761658));
#6955=CARTESIAN_POINT('',(50.385751306842,78.6812486167793,77.5996759364386));
#6956=CARTESIAN_POINT('',(50.1523851065654,78.613736159421,77.6197080238289));
#6957=CARTESIAN_POINT('',(49.8881468261668,78.5847144351589,77.6375397462813));
#6958=CARTESIAN_POINT('',(49.6424220500104,78.6099986152136,77.6489672609925));
#6959=CARTESIAN_POINT('',(49.396697273854,78.6352827952683,77.6603947757038));
#6960=CARTESIAN_POINT('',(49.1583135490323,78.7156367771759,77.6660347186856));
#6961=CARTESIAN_POINT('',(48.9456886499767,78.8201049698919,77.6677378118751));
#6962=CARTESIAN_POINT('',(55.8533242536609,85.3284521880854,76.2368251740191));
#6963=CARTESIAN_POINT('',(55.1995589545804,83.8845969394705,76.5143320791905));
#6964=CARTESIAN_POINT('',(54.4880154069384,82.4511583535704,76.7807655324034));
#6965=CARTESIAN_POINT('',(53.5319177757045,81.0808782928378,77.0401117375082));
#6966=CARTESIAN_POINT('',(53.0538689600876,80.3957382624714,77.1697848400606));
#6967=CARTESIAN_POINT('',(52.5267482761297,79.7221818763836,77.2976512719334));
#6968=CARTESIAN_POINT('',(51.7902898791156,79.1472635413494,77.4210009672141));
#6969=CARTESIAN_POINT('',(51.4220606806085,78.8598043738322,77.4826758148544));
#6970=CARTESIAN_POINT('',(50.9907424667009,78.5898882722977,77.5448254932169));
#6971=CARTESIAN_POINT('',(50.4592344075128,78.4609249265392,77.5929566932871));
#6972=CARTESIAN_POINT('',(50.1934803779188,78.39644325366,77.6170222933222));
#6973=CARTESIAN_POINT('',(49.8950780408834,78.369720192893,77.6376293569514));
#6974=CARTESIAN_POINT('',(49.6157953616415,78.3941445720324,77.6501453556919));
#6975=CARTESIAN_POINT('',(49.3365126823996,78.4185689511718,77.6626613544323));
#6976=CARTESIAN_POINT('',(49.0643867967831,78.4944740607869,77.6677378118751));
#6977=CARTESIAN_POINT('',(48.820163940854,78.5955694561492,77.6677378118751));
#6978=CARTESIAN_POINT('',(-6.93889390390723E-15,0.,67.));
#6979=CARTESIAN_POINT('',(-6.93889390390723E-15,0.,67.));
#6980=CARTESIAN_POINT('',(-6.93889390390723E-15,0.,48.));
#6981=CARTESIAN_POINT('',(0.,0.,48.));
#6982=CARTESIAN_POINT('',(46.0448939010591,-61.7160250311069,48.));
#6983=CARTESIAN_POINT('',(46.0448939010591,61.7160250311068,48.));
#6984=CARTESIAN_POINT('',(32.8892099293279,-44.0828750222192,48.));
#6985=CARTESIAN_POINT('',(54.8892099293279,-44.0828750222192,48.));
#6986=CARTESIAN_POINT('',(54.8892099293279,-53.1764183924743,48.));
#6987=CARTESIAN_POINT('',(54.889209929328,44.0828750222191,48.));
#6988=CARTESIAN_POINT('',(32.8892099293279,44.0828750222191,48.));
#6989=CARTESIAN_POINT('',(-6.93889390390723E-15,0.,48.));
#6990=CARTESIAN_POINT('',(-6.93889390390723E-15,0.,65.));
#6991=CARTESIAN_POINT('',(0.,0.,43.));
#6992=CARTESIAN_POINT('',(46.0448939010591,-61.7160250311069,43.));
#6993=CARTESIAN_POINT('',(46.0448939010591,61.7160250311068,43.));
#6994=CARTESIAN_POINT('',(32.8892099293279,44.0828750222191,43.));
#6995=CARTESIAN_POINT('',(54.889209929328,44.0828750222191,43.));
#6996=CARTESIAN_POINT('',(54.8892099293279,-53.1764183924743,43.));
#6997=CARTESIAN_POINT('',(54.8892099293279,-44.0828750222192,43.));
#6998=CARTESIAN_POINT('',(32.8892099293279,-44.0828750222192,43.));
#6999=CARTESIAN_POINT('',(0.,0.,43.));
#7000=CARTESIAN_POINT('',(54.8892099293279,-44.0828750222192,45.));
#7001=CARTESIAN_POINT('',(54.889209929328,44.0828750222191,45.));
#7002=CARTESIAN_POINT('',(54.8892099293279,-53.1764183924743,45.));
#7003=CARTESIAN_POINT('',(46.0448939010591,61.7160250311068,45.));
#7004=CARTESIAN_POINT('',(46.0448939010591,-61.7160250311069,45.));
#7005=CARTESIAN_POINT('',(0.,0.,45.));
#7006=CARTESIAN_POINT('',(32.8892099293279,44.0828750222191,45.));
#7007=CARTESIAN_POINT('',(32.8892099293279,-44.0828750222192,45.));
#7008=CARTESIAN_POINT('',(-110.,0.,2.8));
#7009=CARTESIAN_POINT('',(-108.089772727273,-20.4108067397281,2.8));
#7010=CARTESIAN_POINT('',(-108.089772727273,20.4108067397281,2.8));
#7011=CARTESIAN_POINT('',(0.,0.,2.8));
#7012=CARTESIAN_POINT('',(-105.198863636364,32.1434144050966,2.8));
#7013=CARTESIAN_POINT('',(-110.,0.,2.8));
#7014=CARTESIAN_POINT('',(-105.198863636364,-32.1434144050966,2.8));
#7015=CARTESIAN_POINT('',(0.,0.,2.8));
#7016=CARTESIAN_POINT('',(-110.,0.,2.8));
#7017=CARTESIAN_POINT('',(-105.198863636364,32.1434144050966,0.));
#7018=CARTESIAN_POINT('',(-105.198863636364,-32.1434144050966,0.));
#7019=CARTESIAN_POINT('',(-110.,0.,-1.));
#7020=CARTESIAN_POINT('',(-110.,0.,-1.));
#7021=CARTESIAN_POINT('',(-108.089772727273,20.4108067397281,-1.));
#7022=CARTESIAN_POINT('',(-108.089772727273,-20.4108067397281,-1.));
#7023=CARTESIAN_POINT('',(-108.089772727273,20.4108067397281,0.));
#7024=CARTESIAN_POINT('',(-108.089772727273,-20.4108067397281,0.));
#7025=CARTESIAN_POINT('',(-110.,0.,-1.));
#7026=CARTESIAN_POINT('',(52.8892099293279,-44.0828750222192,79.6677378118752));
#7027=CARTESIAN_POINT('',(52.8892099293279,-44.0828750222192,65.));
#7028=CARTESIAN_POINT('',(52.8892099293279,-44.0828750222192,75.1352322310304));
#7029=CARTESIAN_POINT('',(32.8892099293279,-44.0828750222192,65.));
#7030=CARTESIAN_POINT('',(44.8489226309017,-60.1130113939352,65.));
#7031=CARTESIAN_POINT('',(44.8489226309017,-60.1130113939352,45.));
#7032=CARTESIAN_POINT('',(44.8489226309017,-60.1130113939352,76.6677378118752));
#7033=CARTESIAN_POINT('',(32.8892099293279,-44.0828750222192,76.6677378118752));
#7034=CARTESIAN_POINT('',(46.7422134176114,-58.5083488221887,76.6677378118752));
#7035=CARTESIAN_POINT('',(52.5182387952789,-47.9170927755116,75.3163203205666));
#7036=CARTESIAN_POINT('',(51.7263675035091,-51.9710264444903,75.7028691547576));
#7037=CARTESIAN_POINT('',(49.7411608440099,-55.6284136647615,76.6677378118752));
#7038=CARTESIAN_POINT('',(46.7422134176114,-58.5083488221887,76.6677378118752));
#7039=CARTESIAN_POINT('',(52.5182387952789,-47.9170927755116,75.3163203205666));
#7040=CARTESIAN_POINT('',(32.8892099293279,-44.0828750222192,84.8981530038514));
#7041=CARTESIAN_POINT('',(32.8892099293279,-44.0828750222192,45.));
#7042=CARTESIAN_POINT('',(44.8489226309018,60.1130113939352,45.));
#7043=CARTESIAN_POINT('',(44.8489226309018,60.1130113939352,65.));
#7044=CARTESIAN_POINT('',(44.8489226309018,60.1130113939352,76.6677378118752));
#7045=CARTESIAN_POINT('',(32.8892099293279,44.0828750222191,65.));
#7046=CARTESIAN_POINT('',(52.889209929328,44.0828750222191,65.));
#7047=CARTESIAN_POINT('',(52.889209929328,44.0828750222191,45.));
#7048=CARTESIAN_POINT('',(52.889209929328,44.0828750222191,75.1352322310304));
#7049=CARTESIAN_POINT('',(32.8892099293279,44.0828750222191,84.8981530038514));
#7050=CARTESIAN_POINT('',(52.5182387952789,47.9170927755116,75.3163203205666));
#7051=CARTESIAN_POINT('',(46.7422134176114,58.5083488221887,76.6677378118752));
#7052=CARTESIAN_POINT('',(48.24124182951,57.0688088731361,76.6677378118752));
#7053=CARTESIAN_POINT('',(49.4945856219694,55.4139107577743,76.410195123038));
#7054=CARTESIAN_POINT('',(51.4345595483644,51.8417976434276,75.8297176389558));
#7055=CARTESIAN_POINT('',(52.1217765241945,49.9467556335209,75.5098518076672));
#7056=CARTESIAN_POINT('',(52.5182387952789,47.9170927755116,75.3163203205666));
#7057=CARTESIAN_POINT('',(46.7422134176114,58.5083488221887,76.6677378118752));
#7058=CARTESIAN_POINT('',(32.8892099293279,44.0828750222191,76.6677378118752));
#7059=CARTESIAN_POINT('',(32.8892099293279,44.0828750222191,45.));
#7060=CARTESIAN_POINT('',(48.8201639408539,-3.60157493965246E-15,79.6677378118752));
#7061=CARTESIAN_POINT('',(48.8201639408539,60.6721698921841,79.6677378118752));
#7062=CARTESIAN_POINT('',(48.8201639408539,78.5955694561492,79.6677378118752));
#7063=CARTESIAN_POINT('',(48.820163940854,78.5955694561492,79.6677378118752));
#7064=CARTESIAN_POINT('',(34.8924569650459,87.2468578506445,79.6677378118752));
#7065=CARTESIAN_POINT('',(18.6262065007193,92.1004332111917,79.6677378118752));
#7066=CARTESIAN_POINT('',(-14.1532914641004,92.8932986082083,79.6677378118752));
#7067=CARTESIAN_POINT('',(-30.6362411061151,88.8304493330872,79.6677378118752));
#7068=CARTESIAN_POINT('',(-59.2930645968255,72.8958866706076,79.6677378118752));
#7069=CARTESIAN_POINT('',(-71.441144312581,61.0376220225341,79.6677378118752));
#7070=CARTESIAN_POINT('',(-88.0641970320228,32.774604600302,79.6677378118752));
#7071=CARTESIAN_POINT('',(-92.5237668134958,16.3945421999806,79.6677378118752));
#7072=CARTESIAN_POINT('',(-92.5240318261879,-16.3945421999805,79.6677378118752));
#7073=CARTESIAN_POINT('',(-88.0639682780882,-32.7744707945791,79.6677378118752));
#7074=CARTESIAN_POINT('',(-71.441373066516,-61.0377558282565,79.6677378118752));
#7075=CARTESIAN_POINT('',(-59.2929299416915,-72.8956583176554,79.6677378118752));
#7076=CARTESIAN_POINT('',(-30.6363757612497,-88.830677686039,79.6677378118752));
#7077=CARTESIAN_POINT('',(-14.1532601292444,-92.8930327574299,79.6677378118752));
#7078=CARTESIAN_POINT('',(18.6261751658637,-92.1006990619702,79.6677378118752));
#7079=CARTESIAN_POINT('',(34.8907680404115,-87.247906937425,79.6677378118752));
#7080=CARTESIAN_POINT('',(48.8201639408538,-78.5955694561493,79.6677378118752));
#7081=CARTESIAN_POINT('',(48.8201639408539,-78.5955694561493,79.6677378118752));
#7082=CARTESIAN_POINT('',(48.8201639408539,-3.60157493965246E-15,79.6677378118752));
#7083=CARTESIAN_POINT('',(48.8201639408539,-60.6721698921841,79.6677378118752));
#7084=CARTESIAN_POINT('',(32.8892099293279,-44.0828750222192,79.6677378118752));
#7085=CARTESIAN_POINT('',(46.6428795361378,-62.5175318496926,79.6677378118752));
#7086=CARTESIAN_POINT('',(0.,0.,79.6677378118752));
#7087=CARTESIAN_POINT('',(46.6428795361378,62.5175318496926,79.6677378118752));
#7088=CARTESIAN_POINT('',(32.8892099293279,44.0828750222191,79.6677378118752));
#7089=CARTESIAN_POINT('',(0.,0.,79.6677378118752));
#7090=CARTESIAN_POINT('',(81.4955260905369,-87.5000000000001,51.2296713558326));
#7091=CARTESIAN_POINT('',(81.4955260905369,-87.5000000000001,51.2296713558326));
#7092=CARTESIAN_POINT('',(154.21540951328,-87.5000000000001,20.3619122051799));
#7093=CARTESIAN_POINT('',(154.21540951328,-87.5000000000001,20.3619122051799));
#7094=CARTESIAN_POINT('',(81.4955260905369,-87.5000000000001,51.2296713558326));
#7095=CARTESIAN_POINT('',(152.742601747756,-87.5000000000001,20.9870820107628));
#7096=CARTESIAN_POINT('',(81.4955260905369,0.,51.2296713558326));
#7097=CARTESIAN_POINT('',(81.4955260905369,87.5000000000001,51.2296713558326));
#7098=CARTESIAN_POINT('',(81.4955260905369,87.5000000000001,51.2296713558326));
#7099=CARTESIAN_POINT('',(81.4955260905369,-83.9000000000001,51.2296713558326));
#7100=CARTESIAN_POINT('',(154.21540951328,87.5000000000001,20.3619122051799));
#7101=CARTESIAN_POINT('',(154.21540951328,87.5000000000001,20.3619122051799));
#7102=CARTESIAN_POINT('',(154.21540951328,-87.5000000000001,20.3619122051799));
#7103=CARTESIAN_POINT('',(154.21540951328,-83.9000000000001,20.3619122051799));
#7104=CARTESIAN_POINT('',(118.315720228634,0.,35.6004262162618));
#7105=CARTESIAN_POINT('',(132.123293030421,0.,29.7394592889226));
#7106=CARTESIAN_POINT('',(154.21540951328,87.5000000000001,20.3619122051799));
#7107=CARTESIAN_POINT('',(30.8677591506526,0.,72.7198834227428));
#7108=CARTESIAN_POINT('',(154.21540951328,87.5000000000001,20.3619122051799));
#7109=CARTESIAN_POINT('',(0.,0.,65.));
#7110=CARTESIAN_POINT('',(0.,0.,76.6677378118752));
#7111=CARTESIAN_POINT('',(0.,0.,45.));
#7112=CARTESIAN_POINT('',(52.8892099293279,-53.1764183924743,65.));
#7113=CARTESIAN_POINT('',(52.889209929328,44.0828750222191,75.1352322310304));
#7114=CARTESIAN_POINT('',(52.8892099293279,-53.1764183924743,45.));
#7115=CARTESIAN_POINT('',(55.4625931251716,48.4922254385055,75.3163203205666));
#7116=CARTESIAN_POINT('',(55.8892099293279,44.0828750222191,75.1352322310304));
#7117=CARTESIAN_POINT('',(57.0614033147958,44.0828750222191,77.8967467913878));
#7118=CARTESIAN_POINT('',(52.8892099293279,44.0828750222191,79.6677378118751));
#7119=CARTESIAN_POINT('',(52.8892099293279,44.0828750222191,75.1352322310304));
#7120=CARTESIAN_POINT('',(57.0614033147877,45.5618818277724,77.8967467913912));
#7121=CARTESIAN_POINT('',(52.8892099293279,45.2451486331636,79.6677378119162));
#7122=CARTESIAN_POINT('',(52.8892099293279,45.3689702225198,75.1352322310407));
#7123=CARTESIAN_POINT('',(56.9183287961174,47.0406491158787,77.957478321408));
#7124=CARTESIAN_POINT('',(52.7899947220227,46.4031171511737,79.7098521687729));
#7125=CARTESIAN_POINT('',(52.764797909318,46.6548493981031,75.1959634657494));
#7126=CARTESIAN_POINT('',(56.6347865106394,48.4922254385055,78.077834880924));
#7127=CARTESIAN_POINT('',(52.5881180412149,47.5593505125872,79.7955437357441));
#7128=CARTESIAN_POINT('',(52.5182387952789,47.9170927755116,75.3163203205666));
#7129=CARTESIAN_POINT('',(55.8892099293279,-44.0828750222192,75.1352322310304));
#7130=CARTESIAN_POINT('',(55.889209929328,-7.94322920543724E-15,75.1352322310304));
#7131=CARTESIAN_POINT('',(48.8201639408539,60.6721698921841,76.6677378118752));
#7132=CARTESIAN_POINT('',(46.6428795361378,62.5175318496926,76.6677378118752));
#7133=CARTESIAN_POINT('',(32.8892099293279,44.0828750222191,76.6677378118752));
#7134=CARTESIAN_POINT('',(55.4625931251716,-48.4922254385055,75.3163203205666));
#7135=CARTESIAN_POINT('',(56.6347865106394,-48.4922254385055,78.077834880924));
#7136=CARTESIAN_POINT('',(52.5881180412149,-47.5593505125872,79.7955437357441));
#7137=CARTESIAN_POINT('',(52.5182387952789,-47.9170927755116,75.3163203205666));
#7138=CARTESIAN_POINT('',(56.9183287961141,-47.0406491158769,77.9574783214094));
#7139=CARTESIAN_POINT('',(52.789994722047,-46.4031171511944,79.7098521687403));
#7140=CARTESIAN_POINT('',(52.7647979093183,-46.6548493981013,75.195963465758));
#7141=CARTESIAN_POINT('',(57.0614033147877,-45.5618818277737,77.8967467913912));
#7142=CARTESIAN_POINT('',(52.8892099293279,-45.2451486331481,79.6677378118751));
#7143=CARTESIAN_POINT('',(52.8892099293279,-45.3689702225211,75.1352322310407));
#7144=CARTESIAN_POINT('',(57.0614033147958,-44.0828750222191,77.8967467913878));
#7145=CARTESIAN_POINT('',(52.8892099293279,-44.0828750222191,79.6677378118751));
#7146=CARTESIAN_POINT('',(52.8892099293279,-44.0828750222191,75.1352322310304));
#7147=CARTESIAN_POINT('',(46.6428795361378,-62.5175318496926,76.6677378118752));
#7148=CARTESIAN_POINT('',(0.,0.,76.6677378118752));
#7149=CARTESIAN_POINT('',(48.8201639408539,-60.6721698921841,76.6677378118752));
#7150=CARTESIAN_POINT('',(32.8892099293279,-44.0828750222192,76.6677378118752));
#7151=CARTESIAN_POINT('',(56.6347865106394,85.3284521880854,78.077834880924));
#7152=CARTESIAN_POINT('',(56.189800714476,84.444084757237,78.2667201449663));
#7153=CARTESIAN_POINT('',(55.7509650042742,83.6479392905356,78.4339641233527));
#7154=CARTESIAN_POINT('',(55.1051624334189,82.5860540367041,78.6559080051042));
#7155=CARTESIAN_POINT('',(54.8919633656553,82.2541477764637,78.7250699764354));
#7156=CARTESIAN_POINT('',(54.5756126642783,81.7893716226582,78.82203170028));
#7157=CARTESIAN_POINT('',(54.4182987036756,81.5652543548943,78.8688172770213));
#7158=CARTESIAN_POINT('',(54.2623363871133,81.3535433008385,78.913143920715));
#7159=CARTESIAN_POINT('',(54.1586681448945,81.2151595345143,78.9421579093109));
#7160=CARTESIAN_POINT('',(54.1372259115018,81.1863353707052,78.9481949887049));
#7161=CARTESIAN_POINT('',(53.7284112695177,80.6592143809763,79.0590745197218));
#7162=CARTESIAN_POINT('',(53.4032687063867,80.2872464554816,79.1383365686986));
#7163=CARTESIAN_POINT('',(52.9192634236807,79.8038878666724,79.2438622940129));
#7164=CARTESIAN_POINT('',(52.6781864606006,79.580856897126,79.2932837962573));
#7165=CARTESIAN_POINT('',(52.3987195150586,79.3532886678236,79.3452731220089));
#7166=CARTESIAN_POINT('',(52.2793486464342,79.2627525485159,79.3663587887286));
#7167=CARTESIAN_POINT('',(52.19985899471,79.2039491627155,79.380152391525));
#7168=CARTESIAN_POINT('',(52.189461699446,79.1959028717014,79.3820148848641));
#7169=CARTESIAN_POINT('',(51.0172262092223,78.3726599506599,79.5781426024934));
#7170=CARTESIAN_POINT('',(49.9118865178947,78.1886908302021,79.6677378118752));
#7171=CARTESIAN_POINT('',(48.820163940854,78.5955694561492,79.6677378118752));
#7172=CARTESIAN_POINT('',(56.6347865106394,48.4922254385055,78.077834880924));
#7173=CARTESIAN_POINT('',(55.5225850664273,53.3319920634655,78.549936384544));
#7174=CARTESIAN_POINT('',(52.679983632702,57.5215225070621,79.6677378118752));
#7175=CARTESIAN_POINT('',(48.8201639408538,60.6721698921841,79.6677378118752));
#7176=CARTESIAN_POINT('',(48.8201639408539,-3.60157493965246E-15,59.6677378118752));
#7177=CARTESIAN_POINT('',(56.6347865106394,48.4922254385055,78.077834880924));
#7178=CARTESIAN_POINT('',(52.5881180412149,47.5593505125872,79.7955437357442));
#7179=CARTESIAN_POINT('',(52.5182387952789,47.9170927755116,75.3163203205666));
#7180=CARTESIAN_POINT('',(56.0973587996553,50.8308527651174,78.3059594097699));
#7181=CARTESIAN_POINT('',(52.2661833698484,49.3986082497514,79.7969184650258));
#7182=CARTESIAN_POINT('',(52.1210544183202,49.9504524076641,75.5102043026322));
#7183=CARTESIAN_POINT('',(55.1630210962449,53.0193513385554,78.6842357351591));
#7184=CARTESIAN_POINT('',(51.6923404906509,51.2693249144041,79.8261120464793));
#7185=CARTESIAN_POINT('',(51.4304121847115,51.853723992826,75.8317610479204));
#7186=CARTESIAN_POINT('',(52.5235023456401,57.1406051995388,79.3691163123658));
#7187=CARTESIAN_POINT('',(49.7471457687023,55.0400795199737,79.8689710506054));
#7188=CARTESIAN_POINT('',(49.4794635428161,55.4374230026174,76.4139095360383));
#7189=CARTESIAN_POINT('',(50.799767626888,59.0562827064885,79.6677378118752));
#7190=CARTESIAN_POINT('',(48.4169801762756,56.9000446449235,79.8806739396219));
#7191=CARTESIAN_POINT('',(48.2048683520374,57.1037388807945,76.6677378085902));
#7192=CARTESIAN_POINT('',(48.8201639408539,60.6721698921841,79.6677378118752));
#7193=CARTESIAN_POINT('',(46.7422134176114,58.5083488221886,79.6677378118752));
#7194=CARTESIAN_POINT('',(46.7422134176114,58.5083488221886,76.6677378118752));
#7195=CARTESIAN_POINT('',(48.820163940854,-78.5955694561492,79.6677378118752));
#7196=CARTESIAN_POINT('',(49.3680474297435,-78.3913764893848,79.6677378118752));
#7197=CARTESIAN_POINT('',(49.919800248763,-78.3363177620452,79.6452123165577));
#7198=CARTESIAN_POINT('',(50.7503426739355,-78.4774310301729,79.5763184231867));
#7199=CARTESIAN_POINT('',(51.1663385897633,-78.6039130040211,79.5330985150294));
#7200=CARTESIAN_POINT('',(51.6522660737867,-78.8493446514664,79.4670732909378));
#7201=CARTESIAN_POINT('',(51.8605750602841,-78.9755016456478,79.4354094339633));
#7202=CARTESIAN_POINT('',(51.9994515174099,-79.0642667534175,79.4135493079727));
#7203=CARTESIAN_POINT('',(52.0988712932584,-79.1321537336768,79.397200022431));
#7204=CARTESIAN_POINT('',(52.4539953141576,-79.3829728885268,79.3374539984424));
#7205=CARTESIAN_POINT('',(52.7730649415747,-79.6559809614933,79.2759808907809));
#7206=CARTESIAN_POINT('',(53.2560099615075,-80.1405796405929,79.1703126629503));
#7207=CARTESIAN_POINT('',(53.4985660626561,-80.4016506225552,79.1141141597678));
#7208=CARTESIAN_POINT('',(53.742589770874,-80.6908790681361,79.0527012859734));
#7209=CARTESIAN_POINT('',(53.905579836982,-80.8899552459942,79.0105822280302));
#7210=CARTESIAN_POINT('',(54.0177484050726,-81.0320975604384,78.9806334825502));
#7211=CARTESIAN_POINT('',(54.8893993317321,-82.1595321989802,78.7435650477147));
#7212=CARTESIAN_POINT('',(55.7497593130937,-83.5695438466559,78.4535066379427));
#7213=CARTESIAN_POINT('',(56.6347865106394,-85.3284521880855,78.0778348809239));
#7214=CARTESIAN_POINT('',(48.8201639408539,-60.6721698921842,79.6677378118752));
#7215=CARTESIAN_POINT('',(52.6917112295691,-57.5119496447648,79.6677378118752));
#7216=CARTESIAN_POINT('',(55.5199825894925,-53.3433167934201,78.5510410704625));
#7217=CARTESIAN_POINT('',(56.6347865106394,-48.4922254385055,78.077834880924));
#7218=CARTESIAN_POINT('',(48.8201639408539,-3.60157493965246E-15,59.6677378118752));
#7219=CARTESIAN_POINT('',(48.8201639408538,-60.6721698921842,79.6677378118752));
#7220=CARTESIAN_POINT('',(46.7422134176113,-58.5083488221887,79.6677378118752));
#7221=CARTESIAN_POINT('',(46.7422134176113,-58.5083488221887,76.6677378118752));
#7222=CARTESIAN_POINT('',(50.8445013071387,-59.0197680329638,79.6677378118752));
#7223=CARTESIAN_POINT('',(48.456019822958,-56.8625542732129,79.8856375864564));
#7224=CARTESIAN_POINT('',(48.2388430588335,-57.0711124493659,76.6677378081662));
#7225=CARTESIAN_POINT('',(52.5105008804251,-57.1590481913493,79.3721332206512));
#7226=CARTESIAN_POINT('',(49.7378954427852,-55.0562675733029,79.869097320219));
#7227=CARTESIAN_POINT('',(49.46985376378,-55.4534603865547,76.4164739082688));
#7228=CARTESIAN_POINT('',(55.166297666389,-53.0160856736938,78.6837408590611));
#7229=CARTESIAN_POINT('',(51.6954803086713,-51.2651405008093,79.8261274576519));
#7230=CARTESIAN_POINT('',(51.4328339978257,-51.8508842844964,75.8313404030492));
#7231=CARTESIAN_POINT('',(56.1024681316064,-50.808619407214,78.303790627029));
#7232=CARTESIAN_POINT('',(52.269224305064,-49.3812349629685,79.7969054795406));
#7233=CARTESIAN_POINT('',(52.1248067124391,-49.9312427815258,75.5083726349477));
#7234=CARTESIAN_POINT('',(56.6347865106394,-48.4922254385055,78.077834880924));
#7235=CARTESIAN_POINT('',(52.5881180412149,-47.5593505125872,79.7955437357442));
#7236=CARTESIAN_POINT('',(52.5182387952789,-47.9170927755116,75.3163203205666));
#7237=CARTESIAN_POINT('',(56.6347865106394,-85.3284521880853,78.077834880924));
#7238=CARTESIAN_POINT('',(56.4120304640328,-85.4078195593978,78.1723892128669));
#7239=CARTESIAN_POINT('',(56.1892744174263,-85.4871869307104,78.2669435448098));
#7240=CARTESIAN_POINT('',(55.6546597689936,-85.6740604376786,78.4657175450018));
#7241=CARTESIAN_POINT('',(55.1026726391312,-85.8563081069714,78.5874673201174));
#7242=CARTESIAN_POINT('',(54.5334780424384,-86.0339684702131,78.6328822975491));
#7243=CARTESIAN_POINT('',(54.2895215209889,-86.1087136255488,78.6414224786083));
#7244=CARTESIAN_POINT('',(54.045173286867,-86.1835648725789,78.6498677174954));
#7245=CARTESIAN_POINT('',(49.2655130164362,-79.3125368191548,79.6230895955025));
#7246=CARTESIAN_POINT('',(49.2252645355517,-79.2477408000612,79.6311824186044));
#7247=CARTESIAN_POINT('',(49.1851242757483,-79.1831190060584,79.6392362414317));
#7248=CARTESIAN_POINT('',(49.090765575953,-79.0312109593642,79.6558129061242));
#7249=CARTESIAN_POINT('',(48.9959088940757,-78.8785012114432,79.6653508590418));
#7250=CARTESIAN_POINT('',(48.9005510959018,-78.7249847165244,79.6677378118751));
#7251=CARTESIAN_POINT('',(48.8603575183778,-78.6602770863369,79.6677378118751));
#7252=CARTESIAN_POINT('',(48.8201639408538,-78.5955694561493,79.6677378118751));
#7253=CARTESIAN_POINT('',(48.820163940854,-78.5955694561492,79.6677378118751));
#7254=CARTESIAN_POINT('',(49.0940152963315,-78.4935066602056,79.6677378118751));
#7255=CARTESIAN_POINT('',(49.7007808778451,-78.3417993448429,79.6563537505431));
#7256=CARTESIAN_POINT('',(50.6804971036459,-78.4240376429845,79.5881163343349));
#7257=CARTESIAN_POINT('',(51.4914000472545,-78.7414777265216,79.4930046331424));
#7258=CARTESIAN_POINT('',(52.1557348729679,-79.153117452556,79.3908112150639));
#7259=CARTESIAN_POINT('',(52.7778489782155,-79.656528766622,79.275598707803));
#7260=CARTESIAN_POINT('',(53.4296257412996,-80.308078881517,79.1335680690354));
#7261=CARTESIAN_POINT('',(54.1290961248466,-81.1516434415564,78.9550569851389));
#7262=CARTESIAN_POINT('',(54.9027103287067,-82.2453341963462,78.7266903973395));
#7263=CARTESIAN_POINT('',(55.7620563021951,-83.6546911022192,78.4327196271943));
#7264=CARTESIAN_POINT('',(56.3328878330619,-84.7284569520857,78.2059832666026));
#7265=CARTESIAN_POINT('',(56.6347865106394,-85.3284521880856,78.0778348809239));
#7266=CARTESIAN_POINT('',(48.8620054744794,-78.6629301304434,79.6677378118751));
#7267=CARTESIAN_POINT('',(49.1251973575173,-78.5598684071941,79.6671648987244));
#7268=CARTESIAN_POINT('',(49.7094549586361,-78.4055364576546,79.6554094439076));
#7269=CARTESIAN_POINT('',(50.6551207410504,-78.4898970550657,79.5899696107511));
#7270=CARTESIAN_POINT('',(51.4344824490192,-78.8111649123865,79.5003122493917));
#7271=CARTESIAN_POINT('',(52.0728096495287,-79.2249644066382,79.4045846906176));
#7272=CARTESIAN_POINT('',(52.6708177772974,-79.7302470734061,79.2969360655872));
#7273=CARTESIAN_POINT('',(53.2977689025147,-80.3836533057474,79.1644576319788));
#7274=CARTESIAN_POINT('',(53.9711446823988,-81.2293530164368,78.998157522545));
#7275=CARTESIAN_POINT('',(54.7165717951162,-82.3256521106699,78.785602054561));
#7276=CARTESIAN_POINT('',(55.5455265373124,-83.7383241321338,78.512169742125));
#7277=CARTESIAN_POINT('',(56.0969480288334,-84.8146477693662,78.3013732356596));
#7278=CARTESIAN_POINT('',(56.3888047429725,-85.4160948204089,78.1822479465453));
#7279=CARTESIAN_POINT('',(48.9032904713484,-78.7293948363556,79.6676283922541));
#7280=CARTESIAN_POINT('',(49.1560993978215,-78.6255667915593,79.6665459322725));
#7281=CARTESIAN_POINT('',(49.718240147293,-78.4695672051415,79.6544799833972));
#7282=CARTESIAN_POINT('',(50.6297206272621,-78.5553210334139,79.591814470997));
#7283=CARTESIAN_POINT('',(51.3785596158006,-78.8795640226202,79.5073091247277));
#7284=CARTESIAN_POINT('',(51.9913105521835,-79.2955322018536,79.4176836612981));
#7285=CARTESIAN_POINT('',(52.565366213379,-79.8027886628585,79.3172105140116));
#7286=CARTESIAN_POINT('',(53.1674264707825,-80.4582277143284,79.1938267803354));
#7287=CARTESIAN_POINT('',(53.8144766054423,-81.3062258430091,79.0391851289474));
#7288=CARTESIAN_POINT('',(54.5313150091479,-82.4052922780808,78.841754177603));
#7289=CARTESIAN_POINT('',(55.3292684342894,-83.8214222979522,78.5880039068471));
#7290=CARTESIAN_POINT('',(55.8607412849504,-84.9003857791367,78.3925137014271));
#7291=CARTESIAN_POINT('',(56.1422324633043,-85.5033265178691,78.2820631673459));
#7292=CARTESIAN_POINT('',(48.9959058283134,-78.8784962758729,79.665241023135));
#7293=CARTESIAN_POINT('',(49.2272726263987,-78.7759748816824,79.6632123465324));
#7294=CARTESIAN_POINT('',(49.7399688869459,-78.6237899083265,79.6505917694662));
#7295=CARTESIAN_POINT('',(50.5686994238613,-78.7075931394877,79.5944902169611));
#7296=CARTESIAN_POINT('',(51.2557150376863,-79.0282059120525,79.5202921031312));
#7297=CARTESIAN_POINT('',(51.819412529139,-79.4436126840823,79.4420367740485));
#7298=CARTESIAN_POINT('',(52.3480924915506,-79.9514801339839,79.3546895171812));
#7299=CARTESIAN_POINT('',(52.9029818531553,-80.6087081611468,79.2477791542255));
#7300=CARTESIAN_POINT('',(53.4998691960127,-81.459596312611,79.1141676116986));
#7301=CARTESIAN_POINT('',(54.1618908213371,-82.5628451238535,78.9439570696931));
#7302=CARTESIAN_POINT('',(54.8999923159953,-83.9847240598094,78.7255871737708));
#7303=CARTESIAN_POINT('',(55.3926745940783,-85.0683071671849,78.5575929585293));
#7304=CARTESIAN_POINT('',(55.653943178518,-85.6738931106961,78.4627236456365));
#7305=CARTESIAN_POINT('',(49.089855516567,-79.0297458549907,79.655959215238));
#7306=CARTESIAN_POINT('',(49.2987485197242,-78.9275376114362,79.653824876944));
#7307=CARTESIAN_POINT('',(49.761073713518,-78.7765338027609,79.641944314313));
#7308=CARTESIAN_POINT('',(50.5076150254994,-78.8603429379477,79.5916213768519));
#7309=CARTESIAN_POINT('',(51.1288817972098,-79.1807989175025,79.5254562152216));
#7310=CARTESIAN_POINT('',(51.6393000039648,-79.5972022580879,79.4557317374219));
#7311=CARTESIAN_POINT('',(52.1182972042924,-80.1066448946922,79.377975024495));
#7312=CARTESIAN_POINT('',(52.6212699314414,-80.7661919889407,79.2828686095891));
#7313=CARTESIAN_POINT('',(53.1625854900902,-81.6202368771729,79.1640853934759));
#7314=CARTESIAN_POINT('',(53.7633259094157,-82.727703903421,79.0128369098747));
#7315=CARTESIAN_POINT('',(54.433609554863,-84.1551389954094,78.8188643671144));
#7316=CARTESIAN_POINT('',(54.8814557802362,-85.243056202368,78.6696712088986));
#7317=CARTESIAN_POINT('',(55.1190698809809,-85.8510955715682,78.5854213453038));
#7318=CARTESIAN_POINT('',(49.1851242757484,-79.1831190060583,79.6392362414317));
#7319=CARTESIAN_POINT('',(49.3705162436278,-79.0802436962111,79.6381316871919));
#7320=CARTESIAN_POINT('',(49.781563065391,-78.9278080304299,79.6287419568878));
#7321=CARTESIAN_POINT('',(50.446467530536,-79.0135672219072,79.5831347175609));
#7322=CARTESIAN_POINT('',(50.9979669980289,-79.3372959144802,79.5217661115114));
#7323=CARTESIAN_POINT('',(51.4507331982095,-79.7562011144132,79.4566120911412));
#7324=CARTESIAN_POINT('',(51.8755379274259,-80.2681206723774,79.3836193785614));
#7325=CARTESIAN_POINT('',(52.3215528443448,-80.9304361970584,79.2940351915491));
#7326=CARTESIAN_POINT('',(52.8014515789627,-81.7877972077613,79.1818285048494));
#7327=CARTESIAN_POINT('',(53.3338011027618,-82.8993723170114,79.0386395174463));
#7328=CARTESIAN_POINT('',(53.9273438142134,-84.3319692927317,78.854664481893));
#7329=CARTESIAN_POINT('',(54.3234604666534,-85.4237666812524,78.7129506901731));
#7330=CARTESIAN_POINT('',(54.5334780424384,-86.0339684702134,78.632882297549));
#7331=CARTESIAN_POINT('',(49.2252645355518,-79.2477408000611,79.6311824186044));
#7332=CARTESIAN_POINT('',(49.4008785995864,-79.1448061989038,79.6306282242005));
#7333=CARTESIAN_POINT('',(49.7902930785884,-78.9923169829956,79.622449050278));
#7334=CARTESIAN_POINT('',(50.42040097922,-79.0783262731465,79.5787789607326));
#7335=CARTESIAN_POINT('',(50.9430975359557,-79.40260864592,79.5190131192777));
#7336=CARTESIAN_POINT('',(51.3721701330914,-79.8221726793731,79.455186115039));
#7337=CARTESIAN_POINT('',(51.7746816209971,-80.3348615593976,79.3834540608943));
#7338=CARTESIAN_POINT('',(52.1971902254654,-80.9981413129152,79.2952171769795));
#7339=CARTESIAN_POINT('',(52.6516347801463,-81.8567196416253,79.1844978554128));
#7340=CARTESIAN_POINT('',(53.1555032342418,-82.9698445795472,79.0430142169933));
#7341=CARTESIAN_POINT('',(53.7169007107362,-84.4044096136303,78.8610269041791));
#7342=CARTESIAN_POINT('',(54.0911919435387,-85.4976883527554,78.7207201714615));
#7343=CARTESIAN_POINT('',(54.289521520989,-86.108713625549,78.6414224786082));
#7344=CARTESIAN_POINT('',(49.2655130164364,-79.3125368191547,79.6230895955025));
#7345=CARTESIAN_POINT('',(49.4313227116419,-79.2095429820214,79.6230895986869));
#7346=CARTESIAN_POINT('',(49.7990377988067,-79.0569922859667,79.6161295686321));
#7347=CARTESIAN_POINT('',(50.3942807943231,-79.143198294581,79.5744071514042));
#7348=CARTESIAN_POINT('',(50.8881472972345,-79.4680150004522,79.5162452042384));
#7349=CARTESIAN_POINT('',(51.2934977437272,-79.8882336491504,79.4537431209823));
#7350=CARTESIAN_POINT('',(51.6736863171226,-80.401691711674,79.3832676897611));
#7351=CARTESIAN_POINT('',(52.0726533278107,-81.0659377165289,79.296371810842));
#7352=CARTESIAN_POINT('',(52.5016022107744,-81.925736401574,79.1871305624035));
#7353=CARTESIAN_POINT('',(52.9769398467357,-83.0404149051104,79.0473388985174));
#7354=CARTESIAN_POINT('',(53.5061324536515,-84.4769521426954,78.8673202102635));
#7355=CARTESIAN_POINT('',(53.8585553210755,-85.5717148217049,78.7284043034585));
#7356=CARTESIAN_POINT('',(54.045173286867,-86.1835648725792,78.6498677174954));
#7357=CARTESIAN_POINT('',(49.2655130164364,79.3125368191547,79.6230895955025));
#7358=CARTESIAN_POINT('',(49.2252645355519,79.2477408000611,79.6311824186044));
#7359=CARTESIAN_POINT('',(49.1851242757484,79.1831190060583,79.6392362414317));
#7360=CARTESIAN_POINT('',(49.0898555165671,79.0297458549908,79.655959215238));
#7361=CARTESIAN_POINT('',(48.9959058283135,78.8784962758729,79.665241023135));
#7362=CARTESIAN_POINT('',(48.9032904713483,78.7293948363555,79.6676283922541));
#7363=CARTESIAN_POINT('',(48.8620054744794,78.6629301304433,79.6677378118751));
#7364=CARTESIAN_POINT('',(48.820163940854,78.5955694561492,79.6677378118751));
#7365=CARTESIAN_POINT('',(48.820163940854,78.5955694561492,79.6677378118751));
#7366=CARTESIAN_POINT('',(41.855852644816,82.9214980239829,79.6677378118751));
#7367=CARTESIAN_POINT('',(26.7711627356786,89.7106968845354,79.6677378118751));
#7368=CARTESIAN_POINT('',(2.26292853944886,93.5926887512931,79.6677378118751));
#7369=CARTESIAN_POINT('',(-22.4041317836172,90.8997435684922,79.6677378118751));
#7370=CARTESIAN_POINT('',(-45.4973495798395,81.8211527793131,79.6677378118751));
#7371=CARTESIAN_POINT('',(-65.3943870058465,66.9946533253393,79.6677378118751));
#7372=CARTESIAN_POINT('',(-80.6974984638992,47.4618088053193,79.6677378118752));
#7373=CARTESIAN_POINT('',(-90.331643172368,24.5947913218914,79.6677378118751));
#7374=CARTESIAN_POINT('',(-93.6200273935788,2.24506975560633E-13,79.6677378118751));
#7375=CARTESIAN_POINT('',(-90.3316431723678,-24.594791321892,79.6677378118751));
#7376=CARTESIAN_POINT('',(-80.6974984638995,-47.4618088053187,79.6677378118752));
#7377=CARTESIAN_POINT('',(-65.3943870058464,-66.9946533253399,79.6677378118751));
#7378=CARTESIAN_POINT('',(-45.4973495798392,-81.8211527793121,79.6677378118752));
#7379=CARTESIAN_POINT('',(-22.40413178362,-90.899743568495,79.6677378118751));
#7380=CARTESIAN_POINT('',(2.26292853945957,-93.592688751283,79.6677378118752));
#7381=CARTESIAN_POINT('',(26.7711627356395,-89.7106968845732,79.6677378118751));
#7382=CARTESIAN_POINT('',(41.8558526449003,-82.9214980239013,79.6677378118751));
#7383=CARTESIAN_POINT('',(48.8201639408538,-78.5955694561493,79.6677378118751));
#7384=CARTESIAN_POINT('',(48.860357518378,78.6602770863367,79.6677378118751));
#7385=CARTESIAN_POINT('',(41.8903125137905,82.989767185364,79.6677378118751));
#7386=CARTESIAN_POINT('',(26.7932033992174,89.78455558477,79.6677378118751));
#7387=CARTESIAN_POINT('',(2.26479160556065,93.6697434902839,79.6677378118751));
#7388=CARTESIAN_POINT('',(-22.4225770761937,90.9745812092414,79.6677378118751));
#7389=CARTESIAN_POINT('',(-45.5348074886196,81.888516028057,79.6677378118751));
#7390=CARTESIAN_POINT('',(-65.4482261196792,67.0498099363538,79.6677378118751));
#7391=CARTESIAN_POINT('',(-80.7639366095072,47.5008840508255,79.6677378118752));
#7392=CARTESIAN_POINT('',(-90.4060130967934,24.6150401816225,79.6677378118751));
#7393=CARTESIAN_POINT('',(-93.6971046404599,2.11956896181467E-13,79.6677378118751));
#7394=CARTESIAN_POINT('',(-90.4060130967933,-24.615040181623,79.6677378118751));
#7395=CARTESIAN_POINT('',(-80.7639366095074,-47.5008840508251,79.6677378118752));
#7396=CARTESIAN_POINT('',(-65.4482261196793,-67.0498099363537,79.6677378118751));
#7397=CARTESIAN_POINT('',(-45.5348074886182,-81.8885160280586,79.6677378118752));
#7398=CARTESIAN_POINT('',(-22.4225770762003,-90.9745812092346,79.6677378118751));
#7399=CARTESIAN_POINT('',(2.26479160558549,-93.6697434903091,79.6677378118752));
#7400=CARTESIAN_POINT('',(26.7932033991255,-89.7845555846758,79.6677378118751));
#7401=CARTESIAN_POINT('',(41.8903125139884,-82.9897671855668,79.6677378118751));
#7402=CARTESIAN_POINT('',(48.8603575183778,-78.6602770863369,79.6677378118751));
#7403=CARTESIAN_POINT('',(48.900551095902,78.7249847165243,79.6677378118751));
#7404=CARTESIAN_POINT('',(41.9247723828503,83.0580363469157,79.6677378118751));
#7405=CARTESIAN_POINT('',(26.8152440627166,89.8584142849254,79.6677378118751));
#7406=CARTESIAN_POINT('',(2.26665467168305,93.7467982292959,79.6677378118751));
#7407=CARTESIAN_POINT('',(-22.4410223687731,91.0494188499847,79.6677378118751));
#7408=CARTESIAN_POINT('',(-45.5722653973988,81.9558792768024,79.6677378118751));
#7409=CARTESIAN_POINT('',(-65.5020652335122,67.1049665473679,79.6677378118751));
#7410=CARTESIAN_POINT('',(-80.8303747551151,47.5399592963318,79.6677378118752));
#7411=CARTESIAN_POINT('',(-90.4803830212189,24.6352890413535,79.6677378118751));
#7412=CARTESIAN_POINT('',(-93.774181887341,2.13351349445819E-13,79.6677378118751));
#7413=CARTESIAN_POINT('',(-90.4803830212188,-24.635289041354,79.6677378118751));
#7414=CARTESIAN_POINT('',(-80.8303747551153,-47.5399592963314,79.6677378118752));
#7415=CARTESIAN_POINT('',(-65.5020652335125,-67.1049665473676,79.6677378118751));
#7416=CARTESIAN_POINT('',(-45.5722653973965,-81.9558792768045,79.6677378118752));
#7417=CARTESIAN_POINT('',(-22.4410223687835,-91.0494188499761,79.6677378118751));
#7418=CARTESIAN_POINT('',(2.26665467172203,-93.7467982293282,79.6677378118752));
#7419=CARTESIAN_POINT('',(26.815244062572,-89.8584142848048,79.6677378118751));
#7420=CARTESIAN_POINT('',(41.924772383162,-83.0580363471755,79.6677378118751));
#7421=CARTESIAN_POINT('',(48.9005510959018,-78.7249847165244,79.6677378118751));
#7422=CARTESIAN_POINT('',(48.9959088940759,78.8785012114431,79.6653508590419));
#7423=CARTESIAN_POINT('',(42.0065271667113,83.2200024454182,79.6653508590419));
#7424=CARTESIAN_POINT('',(26.867534733742,90.0336413598239,79.6653508590418));
#7425=CARTESIAN_POINT('',(2.27107472818828,93.9296077900425,79.6653508590419));
#7426=CARTESIAN_POINT('',(-22.4847831533445,91.2269684258417,79.6653508590418));
#7427=CARTESIAN_POINT('',(-45.6611329211523,82.1156961299908,79.6653508590419));
#7428=CARTESIAN_POINT('',(-65.6297965693874,67.2358235973001,79.6653508590418));
#7429=CARTESIAN_POINT('',(-80.9879968348153,47.6326638925416,79.6653508590419));
#7430=CARTESIAN_POINT('',(-90.6568229571598,24.6833287232735,79.6653508590418));
#7431=CARTESIAN_POINT('',(-93.9570448471633,2.35662601675447E-13,79.6653508590419));
#7432=CARTESIAN_POINT('',(-90.6568229571597,-24.6833287232741,79.6653508590418));
#7433=CARTESIAN_POINT('',(-80.9879968348154,-47.6326638925409,79.665350859042));
#7434=CARTESIAN_POINT('',(-65.6297965693877,-67.2358235973006,79.6653508590414));
#7435=CARTESIAN_POINT('',(-45.66113292115,-82.1156961299898,79.6653508590434));
#7436=CARTESIAN_POINT('',(-22.4847831533548,-91.2269684258444,79.6653508590362));
#7437=CARTESIAN_POINT('',(2.27107472822721,-93.9296077900325,79.6653508590631));
#7438=CARTESIAN_POINT('',(26.8675347335975,-90.0336413598617,79.6653508589626));
#7439=CARTESIAN_POINT('',(42.0065271670227,-83.2200024453368,79.6653508592125));
#7440=CARTESIAN_POINT('',(48.9959088940757,-78.8785012114432,79.6653508590418));
#7441=CARTESIAN_POINT('',(49.0907655759532,79.0312109593641,79.6558129061242));
#7442=CARTESIAN_POINT('',(42.0878523201331,83.3811173933639,79.6558129061242));
#7443=CARTESIAN_POINT('',(26.9195506110188,90.207947596066,79.6558129061242));
#7444=CARTESIAN_POINT('',(2.2754715568381,94.1114566653416,79.6558129061242));
#7445=CARTESIAN_POINT('',(-22.5283139699287,91.4035849580683,79.6558129061241));
#7446=CARTESIAN_POINT('',(-45.7495334357506,82.2746731270681,79.6558129061241));
#7447=CARTESIAN_POINT('',(-65.7568566622692,67.3659929782475,79.6558129061241));
#7448=CARTESIAN_POINT('',(-81.1447905921927,47.724881315339,79.6558129061242));
#7449=CARTESIAN_POINT('',(-90.8323356807599,24.7311159510895,79.6558129061242));
#7450=CARTESIAN_POINT('',(-94.1389468409087,2.3008478861804E-13,79.6558129061242));
#7451=CARTESIAN_POINT('',(-90.8323356807596,-24.7311159510901,79.6558129061242));
#7452=CARTESIAN_POINT('',(-81.1447905921931,-47.7248813153384,79.6558129061241));
#7453=CARTESIAN_POINT('',(-65.7568566622683,-67.3659929782482,79.6558129061245));
#7454=CARTESIAN_POINT('',(-45.7495334357529,-82.2746731270666,79.6558129061227));
#7455=CARTESIAN_POINT('',(-22.528313969922,-91.4035849580729,79.6558129061298));
#7456=CARTESIAN_POINT('',(2.27547155681334,-94.1114566653245,79.655812906103));
#7457=CARTESIAN_POINT('',(26.9195506111121,-90.20794759613,79.6558129062033));
#7458=CARTESIAN_POINT('',(42.0878523199322,-83.3811173932258,79.6558129059535));
#7459=CARTESIAN_POINT('',(49.090765575953,-79.0312109593642,79.6558129061242));
#7460=CARTESIAN_POINT('',(49.1851242757484,79.1831190060583,79.6392362414317));
#7461=CARTESIAN_POINT('',(42.1687505295042,83.5413865148224,79.6392362414317));
#7462=CARTESIAN_POINT('',(26.9712934135692,90.3813387527367,79.6392362414317));
#7463=CARTESIAN_POINT('',(2.27984530282078,94.2923508638389,79.6392362414317));
#7464=CARTESIAN_POINT('',(-22.5716162568285,91.5792742823342,79.6392362414317));
#7465=CARTESIAN_POINT('',(-45.8374698620928,82.4328155208904,79.6392362414317));
#7466=CARTESIAN_POINT('',(-65.8832497104221,67.4954789912105,79.6392362414317));
#7467=CARTESIAN_POINT('',(-81.300761207961,47.8166146117338,79.6392362414317));
#7468=CARTESIAN_POINT('',(-91.0069269912364,24.7786523037669,79.6392362414317));
#7469=CARTESIAN_POINT('',(-94.3198938789061,2.66340573491186E-13,79.6392362414317));
#7470=CARTESIAN_POINT('',(-91.006926991236,-24.7786523037677,79.6392362414317));
#7471=CARTESIAN_POINT('',(-81.3007612079618,-47.8166146117326,79.6392362414317));
#7472=CARTESIAN_POINT('',(-65.8832497104207,-67.4954789912133,79.6392362414316));
#7473=CARTESIAN_POINT('',(-45.8374698620965,-82.4328155208812,79.6392362414317));
#7474=CARTESIAN_POINT('',(-22.5716162568162,-91.5792742823675,79.6392362414316));
#7475=CARTESIAN_POINT('',(2.27984530277477,-94.2923508637155,79.6392362414317));
#7476=CARTESIAN_POINT('',(26.9712934137418,-90.3813387531967,79.6392362414316));
#7477=CARTESIAN_POINT('',(42.1687505291323,-83.5413865138312,79.6392362414317));
#7478=CARTESIAN_POINT('',(49.1851242757483,-79.1831190060584,79.6392362414317));
#7479=CARTESIAN_POINT('',(49.2252645355519,79.2477408000611,79.6311824186044));
#7480=CARTESIAN_POINT('',(42.2031646865764,83.6095651150896,79.6311824186044));
#7481=CARTESIAN_POINT('',(26.9933048396896,90.4550994778985,79.6311824186044));
#7482=CARTESIAN_POINT('',(2.28170589752183,94.3693033878573,79.6311824186044));
#7483=CARTESIAN_POINT('',(-22.5900370812904,91.6540126492184,79.6311824186044));
#7484=CARTESIAN_POINT('',(-45.8748780820815,82.5000894107052,79.6311824186044));
#7485=CARTESIAN_POINT('',(-65.9370174054109,67.5505624356916,79.6311824186044));
#7486=CARTESIAN_POINT('',(-81.3671112218152,47.8556380230127,79.6311824186044));
#7487=CARTESIAN_POINT('',(-91.0811982622178,24.7988743029121,79.6311824186044));
#7488=CARTESIAN_POINT('',(-94.3968688810167,2.49607134318965E-13,79.6311824186044));
#7489=CARTESIAN_POINT('',(-91.0811982622175,-24.7988743029128,79.6311824186043));
#7490=CARTESIAN_POINT('',(-81.3671112218158,-47.8556380230117,79.6311824186044));
#7491=CARTESIAN_POINT('',(-65.9370174054098,-67.5505624356933,79.6311824186043));
#7492=CARTESIAN_POINT('',(-45.8748780820842,-82.5000894107001,79.6311824186044));
#7493=CARTESIAN_POINT('',(-22.5900370812818,-91.6540126492365,79.6311824186043));
#7494=CARTESIAN_POINT('',(2.28170589748995,-94.3693033877906,79.6311824186044));
#7495=CARTESIAN_POINT('',(26.9933048398095,-90.4550994781472,79.6311824186044));
#7496=CARTESIAN_POINT('',(42.2031646863182,-83.6095651145535,79.6311824186044));
#7497=CARTESIAN_POINT('',(49.2252645355517,-79.2477408000612,79.6311824186044));
#7498=CARTESIAN_POINT('',(49.2655130164364,79.3125368191547,79.6230895955025));
#7499=CARTESIAN_POINT('',(42.2376716266198,83.6779275298527,79.6230895954971));
#7500=CARTESIAN_POINT('',(27.0153756102819,90.5290590673813,79.623089595505));
#7501=CARTESIAN_POINT('',(2.28357150850789,94.4464633815173,79.6230895955018));
#7502=CARTESIAN_POINT('',(-22.6085075696406,91.7289525162153,79.6230895955026));
#7503=CARTESIAN_POINT('',(-45.9123871573729,82.5675446758553,79.6230895955024));
#7504=CARTESIAN_POINT('',(-65.9909300620441,67.6057943891744,79.6230895955025));
#7505=CARTESIAN_POINT('',(-81.4336401201675,47.8947666442672,79.6230895955025));
#7506=CARTESIAN_POINT('',(-91.1556697739868,24.8191508220483,79.6230895955025));
#7507=CARTESIAN_POINT('',(-94.474051413372,2.31479241882392E-13,79.6230895955025));
#7508=CARTESIAN_POINT('',(-91.1556697739866,-24.819150822049,79.6230895955025));
#7509=CARTESIAN_POINT('',(-81.4336401201679,-47.8947666442665,79.6230895955025));
#7510=CARTESIAN_POINT('',(-65.9909300620436,-67.605794389175,79.6230895955024));
#7511=CARTESIAN_POINT('',(-45.9123871573736,-82.5675446758543,79.6230895955025));
#7512=CARTESIAN_POINT('',(-22.6085075696396,-91.728952516218,79.6230895955023));
#7513=CARTESIAN_POINT('',(2.28357150850435,-94.4464633815073,79.6230895955029));
#7514=CARTESIAN_POINT('',(27.015375610296,-90.5290590674184,79.6230895955008));
#7515=CARTESIAN_POINT('',(42.2376716265895,-83.6779275297726,79.623089595506));
#7516=CARTESIAN_POINT('',(49.2655130164362,-79.3125368191548,79.6230895955025));
#7517=CARTESIAN_POINT('',(56.6347865106394,85.3284521880854,78.077834880924));
#7518=CARTESIAN_POINT('',(56.3888047429725,85.4160948204088,78.1822479465453));
#7519=CARTESIAN_POINT('',(56.1422324633043,85.5033265178689,78.2820631673459));
#7520=CARTESIAN_POINT('',(55.653943178518,85.673893110696,78.4627236456366));
#7521=CARTESIAN_POINT('',(55.1190698809809,85.851095571568,78.5854213453038));
#7522=CARTESIAN_POINT('',(54.5334780424383,86.0339684702132,78.6328822975491));
#7523=CARTESIAN_POINT('',(54.2895215209889,86.1087136255489,78.6414224786083));
#7524=CARTESIAN_POINT('',(54.045173286867,86.183564872579,78.6498677174954));
#7525=CARTESIAN_POINT('',(54.0451732868671,86.1835648725792,78.6498677174954));
#7526=CARTESIAN_POINT('',(54.8297143666012,88.755779697362,78.3197002679611));
#7527=CARTESIAN_POINT('',(56.5351170095616,93.835104443177,77.6011208069621));
#7528=CARTESIAN_POINT('',(59.3894655931399,100.820791350277,76.3954267517255));
#7529=CARTESIAN_POINT('',(62.3218495629656,106.793627189783,75.1537915633638));
#7530=CARTESIAN_POINT('',(64.9738094972318,111.420795024533,74.028461377537));
#7531=CARTESIAN_POINT('',(67.4218421797827,115.18264515958,72.9876521153915));
#7532=CARTESIAN_POINT('',(69.7855757907318,118.426231397411,71.9808328124752));
#7533=CARTESIAN_POINT('',(72.3142477878078,121.511287582437,70.9015298089602));
#7534=CARTESIAN_POINT('',(75.0219184219069,124.428451390134,69.7430802830853));
#7535=CARTESIAN_POINT('',(77.9244237623991,127.165692773677,68.4978526622882));
#7536=CARTESIAN_POINT('',(81.037291720152,129.70034452717,67.1579866084925));
#7537=CARTESIAN_POINT('',(84.2777221093629,131.946039549653,65.7578307834916));
#7538=CARTESIAN_POINT('',(87.6690221128813,133.911867273754,64.2858749114491));
#7539=CARTESIAN_POINT('',(91.206964254778,135.581261826735,62.7420734068939));
#7540=CARTESIAN_POINT('',(95.3391743915111,137.101509165193,60.9274041713167));
#7541=CARTESIAN_POINT('',(100.453564948832,138.382526537933,58.6611499226056));
#7542=CARTESIAN_POINT('',(106.891897946413,139.092222577547,55.7678425587863));
#7543=CARTESIAN_POINT('',(113.952377244684,138.715736028908,52.5222739029121));
#7544=CARTESIAN_POINT('',(120.320886654995,137.3830097253,49.5076583904422));
#7545=CARTESIAN_POINT('',(125.752661780707,135.572209685348,46.8652245652232));
#7546=CARTESIAN_POINT('',(130.951922985479,133.255063308819,44.2719454595633));
#7547=CARTESIAN_POINT('',(136.238366766318,130.226800004863,41.5685532925657));
#7548=CARTESIAN_POINT('',(141.212024573193,126.668107862662,38.9770346051646));
#7549=CARTESIAN_POINT('',(145.60973659667,122.943610940661,36.6657369349309));
#7550=CARTESIAN_POINT('',(149.742334414523,118.952693250751,34.486089460207));
#7551=CARTESIAN_POINT('',(154.189312289632,114.058904996002,32.1368962431123));
#7552=CARTESIAN_POINT('',(158.839860183933,108.15367666959,29.6737340056539));
#7553=CARTESIAN_POINT('',(163.350902432823,101.539700012107,27.264015336789));
#7554=CARTESIAN_POINT('',(167.48455934415,94.566126691993,25.016629355932));
#7555=CARTESIAN_POINT('',(171.616026121181,86.5265245511391,22.7049711919707));
#7556=CARTESIAN_POINT('',(175.892467211073,76.6261481935644,20.1947719749197));
#7557=CARTESIAN_POINT('',(179.934254375962,64.6747560455062,17.6102792682888));
#7558=CARTESIAN_POINT('',(182.963977996404,52.3616393746275,15.4289180420931));
#7559=CARTESIAN_POINT('',(185.015899584417,40.6169712046782,13.789077436038));
#7560=CARTESIAN_POINT('',(186.442417177394,28.9057787503166,12.5568159792482));
#7561=CARTESIAN_POINT('',(187.43209970298,15.4049845396043,11.6489011515714));
#7562=CARTESIAN_POINT('',(187.785747074392,1.01568668631968,11.3130909511199));
#7563=CARTESIAN_POINT('',(187.51655685837,-12.5097096730624,11.5681776698259));
#7564=CARTESIAN_POINT('',(186.875000950927,-23.3870794925818,12.1619532970636));
#7565=CARTESIAN_POINT('',(186.01854013808,-32.4853291511039,12.9254206747734));
#7566=CARTESIAN_POINT('',(184.861624483991,-41.4898645118409,13.9121542377788));
#7567=CARTESIAN_POINT('',(183.151842859727,-51.2972567364331,15.2790723416248));
#7568=CARTESIAN_POINT('',(180.65781940708,-61.8406571387175,17.095325176361));
#7569=CARTESIAN_POINT('',(177.735284574648,-71.3333881006979,19.0293349788468));
#7570=CARTESIAN_POINT('',(174.53184335235,-79.817916483869,20.9965972858462));
#7571=CARTESIAN_POINT('',(170.851811184273,-88.1268054018535,23.1409864356885));
#7572=CARTESIAN_POINT('',(166.263272284007,-96.8515450338567,25.6930847595123));
#7573=CARTESIAN_POINT('',(160.547762818984,-105.876625672437,28.7683064129211));
#7574=CARTESIAN_POINT('',(154.608345287668,-113.647275968936,31.9158888520322));
#7575=CARTESIAN_POINT('',(148.578376702131,-120.209799244147,35.1008956882444));
#7576=CARTESIAN_POINT('',(142.733160468865,-125.524944052123,38.1813010379653));
#7577=CARTESIAN_POINT('',(136.39252794262,-130.189293034915,41.4930171204406));
#7578=CARTESIAN_POINT('',(129.847775986689,-133.862476349016,44.8348827651049));
#7579=CARTESIAN_POINT('',(123.806381075366,-136.309254543197,47.8217421642753));
#7580=CARTESIAN_POINT('',(118.793504889402,-137.722081977787,50.2323752331272));
#7581=CARTESIAN_POINT('',(114.467064423327,-138.515948746,52.2705824488313));
#7582=CARTESIAN_POINT('',(110.569239773318,-138.89885968967,54.0775964398506));
#7583=CARTESIAN_POINT('',(106.670252309568,-138.947097928211,55.859879735889));
#7584=CARTESIAN_POINT('',(102.774299135547,-138.652722752231,57.6190558814781));
#7585=CARTESIAN_POINT('',(98.8600639215641,-137.994766278712,59.3676206009674));
#7586=CARTESIAN_POINT('',(95.0692557280246,-136.992540368174,61.0456260837078));
#7587=CARTESIAN_POINT('',(91.3904503349193,-135.657117821037,62.6617427050304));
#7588=CARTESIAN_POINT('',(87.8252132708507,-133.995585730633,64.217949695242));
#7589=CARTESIAN_POINT('',(84.3594307852748,-132.000035894319,65.722485439496));
#7590=CARTESIAN_POINT('',(81.0982728007178,-129.745346524922,67.1316777239431));
#7591=CARTESIAN_POINT('',(78.0173189463344,-127.245929962505,68.4579234573127));
#7592=CARTESIAN_POINT('',(75.1064080112322,-124.514830579952,69.7068954454333));
#7593=CARTESIAN_POINT('',(72.3618935204348,-121.566857578336,70.8811769500338));
#7594=CARTESIAN_POINT('',(69.5503356811941,-118.14262265849,72.0812596493664));
#7595=CARTESIAN_POINT('',(66.4584251264026,-113.824511172733,73.3978047920586));
#7596=CARTESIAN_POINT('',(63.0068109592616,-108.13717505356,74.8636399603079));
#7597=CARTESIAN_POINT('',(59.5888272733886,-101.307205586938,76.3112108961341));
#7598=CARTESIAN_POINT('',(56.5422825718958,-93.8566640133637,77.5981023991993));
#7599=CARTESIAN_POINT('',(54.8309830507393,-88.7599392351253,78.319166353004));
#7600=CARTESIAN_POINT('',(54.045173286867,-86.1835648725789,78.6498677174954));
#7601=CARTESIAN_POINT('',(54.289521520989,86.108713625549,78.6414224786083));
#7602=CARTESIAN_POINT('',(55.0720046345737,88.6765476351109,78.3116196380024));
#7603=CARTESIAN_POINT('',(56.7729651576679,93.7466222996527,77.5939772834098));
#7604=CARTESIAN_POINT('',(59.6198192034815,100.717584958875,76.390419337991));
#7605=CARTESIAN_POINT('',(62.5443016914028,106.675834412751,75.151604802976));
#7606=CARTESIAN_POINT('',(65.1888837545327,111.290115415473,74.029367317205));
#7607=CARTESIAN_POINT('',(67.6298883229003,115.040242880756,72.9918738612716));
#7608=CARTESIAN_POINT('',(69.9866278889984,118.272625175974,71.9886845332399));
#7609=CARTESIAN_POINT('',(72.5075663492639,121.345791752165,70.9137828277477));
#7610=CARTESIAN_POINT('',(75.2066539459829,124.250302728415,69.760683203146));
#7611=CARTESIAN_POINT('',(78.099599948943,126.974042374332,68.5219797479068));
#7612=CARTESIAN_POINT('',(81.2017868541037,129.494261047228,67.1901149245708));
#7613=CARTESIAN_POINT('',(84.4306177621773,131.724967055475,65.7995069850411));
#7614=CARTESIAN_POINT('',(87.8092493267172,133.675141490341,64.3390227968688));
#7615=CARTESIAN_POINT('',(91.3333987807352,135.328253490736,62.8090012622184));
#7616=CARTESIAN_POINT('',(95.448805496089,136.829581451276,61.012949313468));
#7617=CARTESIAN_POINT('',(100.541403710451,138.087446229776,58.7741018702999));
#7618=CARTESIAN_POINT('',(106.950911302774,138.768844031686,55.9238430226551));
#7619=CARTESIAN_POINT('',(113.978797876307,138.363869152624,52.740442747733));
#7620=CARTESIAN_POINT('',(120.319283351897,137.010466409286,49.798969276031));
#7621=CARTESIAN_POINT('',(125.730523918059,135.187998926319,47.2318525335189));
#7622=CARTESIAN_POINT('',(130.915109475469,132.866705892088,44.7211756015558));
#7623=CARTESIAN_POINT('',(136.194652737448,129.844008259946,42.1109292310415));
#7624=CARTESIAN_POINT('',(141.171769850108,126.300959936642,39.6111691825102));
#7625=CARTESIAN_POINT('',(145.580424479489,122.597339041027,37.3806249443927));
#7626=CARTESIAN_POINT('',(149.729430641364,118.630760210237,35.2751413456809));
#7627=CARTESIAN_POINT('',(154.200876573672,113.767512880687,33.0031229656262));
#7628=CARTESIAN_POINT('',(158.885513379979,107.898340847323,30.6181854460452));
#7629=CARTESIAN_POINT('',(163.439962251893,101.323011708545,28.2841339761505));
#7630=CARTESIAN_POINT('',(167.626042708863,94.388505527701,26.1082784187409));
#7631=CARTESIAN_POINT('',(171.827610256087,86.3923230460716,23.8719856163073));
#7632=CARTESIAN_POINT('',(176.206617118989,76.5431306544973,21.4448727330782));
#7633=CARTESIAN_POINT('',(180.399410078768,64.6478885644824,18.9410614721905));
#7634=CARTESIAN_POINT('',(183.608397351761,52.3789126128698,16.8128636163784));
#7635=CARTESIAN_POINT('',(185.832713967688,40.6577596052863,15.2000869200247));
#7636=CARTESIAN_POINT('',(187.413771674408,28.9522340192271,13.9801584509529));
#7637=CARTESIAN_POINT('',(188.536040870281,15.4377627146128,13.0759236784087));
#7638=CARTESIAN_POINT('',(188.944058645077,1.01787581922996,12.7398311857408));
#7639=CARTESIAN_POINT('',(188.633766305599,-12.53640745344,12.9950960815539));
#7640=CARTESIAN_POINT('',(187.903176362834,-23.4287854435109,13.5871197160944));
#7641=CARTESIAN_POINT('',(186.943018418019,-32.5304151490527,14.3452789503368));
#7642=CARTESIAN_POINT('',(185.66557158883,-41.528849656726,15.3211122161248));
#7643=CARTESIAN_POINT('',(183.811930152315,-51.3167142167568,16.665508574012));
#7644=CARTESIAN_POINT('',(181.163992798531,-61.8245065710658,18.4391794771373));
#7645=CARTESIAN_POINT('',(178.11495569105,-71.2755994671382,20.3163270376874));
#7646=CARTESIAN_POINT('',(174.812558259876,-79.7184395454763,22.2201078457335));
#7647=CARTESIAN_POINT('',(171.048279128053,-87.9841277689885,24.2936977246908));
#7648=CARTESIAN_POINT('',(166.385771638567,-96.6614511867413,26.7627802192819));
#7649=CARTESIAN_POINT('',(160.607071840815,-105.635051399382,29.7411724507709));
#7650=CARTESIAN_POINT('',(154.62169240495,-113.358520375844,32.7895421620086));
#7651=CARTESIAN_POINT('',(148.559309300536,-119.879970613317,35.8696623395311));
#7652=CARTESIAN_POINT('',(142.694755114115,-125.163371882113,38.8436856096546));
#7653=CARTESIAN_POINT('',(136.347879219597,-129.805906766288,42.0378584414905));
#7654=CARTESIAN_POINT('',(129.812812302334,-133.473380322158,45.2647636650225));
#7655=CARTESIAN_POINT('',(123.791026951457,-135.928314998492,48.1596819284443));
#7656=CARTESIAN_POINT('',(118.798617113624,-137.354417591567,50.5057966749724));
#7657=CARTESIAN_POINT('',(114.491337348752,-138.162866537986,52.496245541232));
#7658=CARTESIAN_POINT('',(110.611296271286,-138.560652091799,54.2659366025099));
#7659=CARTESIAN_POINT('',(106.730149930956,-138.62495372554,56.0159581393473));
#7660=CARTESIAN_POINT('',(102.851766555907,-138.347419605042,57.7473549446712));
#7661=CARTESIAN_POINT('',(98.954711860821,-137.706895602047,59.4719534721796));
#7662=CARTESIAN_POINT('',(95.1799683516277,-136.721852199428,61.1300228534805));
#7663=CARTESIAN_POINT('',(91.5161525057651,-135.403266909742,62.7294434693077));
#7664=CARTESIAN_POINT('',(87.9648470989965,-133.75813968105,64.27165532195));
#7665=CARTESIAN_POINT('',(84.5120305358129,-131.778585656954,65.7644113829743));
#7666=CARTESIAN_POINT('',(81.2625531481866,-129.538980742926,67.1639766043746));
#7667=CARTESIAN_POINT('',(78.1921816251054,-127.053848378708,68.4822766719247));
#7668=CARTESIAN_POINT('',(75.2908717325625,-124.336287924388,69.7246738320986));
#7669=CARTESIAN_POINT('',(72.5550645262544,-121.401138298559,70.8935167158703));
#7670=CARTESIAN_POINT('',(69.752109519988,-117.990121702913,72.0886972110996));
#7671=CARTESIAN_POINT('',(66.6692981801176,-113.686684371288,73.4005957519578));
#7672=CARTESIAN_POINT('',(63.2274086451352,-108.015998240728,74.8621382567866));
#7673=CARTESIAN_POINT('',(59.8186573344291,-101.20297151917,76.3063535036526));
#7674=CARTESIAN_POINT('',(56.7801120888526,-93.7681429034494,77.5909626447083));
#7675=CARTESIAN_POINT('',(55.0732699906902,-88.6807000885854,78.3110863124466));
#7676=CARTESIAN_POINT('',(54.2895215209889,-86.1087136255488,78.6414224786083));
#7677=CARTESIAN_POINT('',(54.5334780424385,86.0339684702134,78.6328822975491));
#7678=CARTESIAN_POINT('',(55.3138998731378,88.5974296369435,78.3034426223649));
#7679=CARTESIAN_POINT('',(57.0104114178963,93.6582717280489,77.5867338728749));
#7680=CARTESIAN_POINT('',(59.8497602198191,100.614540863076,76.3853043782161));
#7681=CARTESIAN_POINT('',(62.7663297559394,106.55823821395,75.149299941487));
#7682=CARTESIAN_POINT('',(65.4035220032757,111.159666867173,74.0301425822045));
#7683=CARTESIAN_POINT('',(67.8374852533798,114.898107512097,72.9959500589117));
#7684=CARTESIAN_POINT('',(70.1872154693548,118.119325077572,71.996372708859));
#7685=CARTESIAN_POINT('',(72.7004003932523,121.180650724898,70.9258477645122));
#7686=CARTESIAN_POINT('',(75.3908786189086,124.07257084463,69.7780639084895));
#7687=CARTESIAN_POINT('',(78.2742307201468,126.78288938147,68.5458362365104));
#7688=CARTESIAN_POINT('',(81.3656916606277,129.288781948014,67.2219024632197));
#7689=CARTESIAN_POINT('',(84.5828677594859,131.504637546735,65.8407424009005));
#7690=CARTESIAN_POINT('',(87.948764437232,133.439338331133,64.3915858139277));
#7691=CARTESIAN_POINT('',(91.4590441284693,135.076396926584,62.8751366518724));
#7692=CARTESIAN_POINT('',(95.5575501478308,136.559125826608,61.0973663192114));
#7693=CARTESIAN_POINT('',(100.628226734084,137.794306301459,58.8853250024745));
#7694=CARTESIAN_POINT('',(107.008723276206,138.44805867346,56.076942418842));
#7695=CARTESIAN_POINT('',(114.003689953077,138.015144554751,52.9536164554896));
#7696=CARTESIAN_POINT('',(120.315419436079,136.640827104819,50.0825620308265));
#7697=CARTESIAN_POINT('',(125.704835819703,134.805502608973,47.588104174534));
#7698=CARTESIAN_POINT('',(130.872696257908,132.477879596352,45.1575920908666));
#7699=CARTESIAN_POINT('',(136.142245595054,129.457495640405,42.6386875922194));
#7700=CARTESIAN_POINT('',(141.119125359035,125.926637031788,40.2300167240005));
#7701=CARTESIAN_POINT('',(145.535125552489,122.240996170717,38.0803852035955));
#7702=CARTESIAN_POINT('',(149.696980968039,118.29627806964,36.0497566423772));
#7703=CARTESIAN_POINT('',(154.188812196509,113.461147333995,33.8562725032787));
#7704=CARTESIAN_POINT('',(158.902621513095,107.625517936523,31.5519413480064));
#7705=CARTESIAN_POINT('',(163.494376224063,101.085992235838,29.2975844454197));
#7706=CARTESIAN_POINT('',(167.725365794414,94.1872408713083,27.1999209899625));
#7707=CARTESIAN_POINT('',(171.987032214899,86.2303070784027,25.0511695745117));
#7708=CARTESIAN_POINT('',(176.455166863445,76.4271689133507,22.7313973185335));
#7709=CARTESIAN_POINT('',(180.785413036495,64.58407035404,20.3568612565633));
#7710=CARTESIAN_POINT('',(184.172442847853,52.361088717202,18.3509364413164));
#7711=CARTESIAN_POINT('',(186.581238070516,40.670037596959,16.8316460184222));
#7712=CARTESIAN_POINT('',(188.335158080828,28.9787366237374,15.6793851812369));
#7713=CARTESIAN_POINT('',(189.609870837341,15.4604969968308,14.8209440189672));
#7714=CARTESIAN_POINT('',(190.081286691611,1.01941030690009,14.5003186326689));
#7715=CARTESIAN_POINT('',(189.723083767257,-12.5549703195167,14.7437814919453));
#7716=CARTESIAN_POINT('',(188.889770623143,-23.4546283996904,15.30648837561));
#7717=CARTESIAN_POINT('',(187.811806527181,-32.5528976497223,16.024346728494));
#7718=CARTESIAN_POINT('',(186.40034723574,-41.538838585666,16.9456422836913));
#7719=CARTESIAN_POINT('',(184.392723730185,-51.3016689943813,18.2121313328794));
#7720=CARTESIAN_POINT('',(181.590225883507,-61.7716354867226,19.8837663636487));
#7721=CARTESIAN_POINT('',(178.422739203618,-71.1829112785583,21.660187759824));
#7722=CARTESIAN_POINT('',(175.032044437285,-79.5876783596491,23.4720210431633));
#7723=CARTESIAN_POINT('',(171.194653362744,-87.8144643908978,25.4554903781856));
#7724=CARTESIAN_POINT('',(166.468877389012,-96.4488935071452,27.8295382375171));
#7725=CARTESIAN_POINT('',(160.635932277909,-105.375060055767,30.7043411792143));
#7726=CARTESIAN_POINT('',(154.611068532282,-113.054563797863,33.6501883884084));
#7727=CARTESIAN_POINT('',(148.521744796989,-119.538226749167,36.6236633138533));
#7728=CARTESIAN_POINT('',(142.642778569398,-124.793557302176,39.4906608486756));
#7729=CARTESIAN_POINT('',(136.294502021987,-129.418728002724,42.5679510603889));
#7730=CARTESIAN_POINT('',(129.77286302582,-133.084480747979,45.682259752772));
#7731=CARTESIAN_POINT('',(123.772690662754,-135.549665755863,48.4882209079493));
#7732=CARTESIAN_POINT('',(118.801649758673,-136.989726319162,50.7721748481129));
#7733=CARTESIAN_POINT('',(114.513983696639,-137.812841254406,52.7166143848956));
#7734=CARTESIAN_POINT('',(110.65197837155,-138.225320407217,54.4502895970751));
#7735=CARTESIAN_POINT('',(106.788840529346,-138.305364171767,56.1690910639582));
#7736=CARTESIAN_POINT('',(102.928151971791,-138.044292219889,57.8735116000782));
#7737=CARTESIAN_POINT('',(99.0483844716278,-137.420817909102,59.57474800608));
#7738=CARTESIAN_POINT('',(95.2898007400706,-136.452616393039,61.2133106013059));
#7739=CARTESIAN_POINT('',(91.6410613064298,-135.150580945108,62.7963389736965));
#7740=CARTESIAN_POINT('',(88.1037656160603,-133.52162522002,64.3247685870212));
#7741=CARTESIAN_POINT('',(84.6639831761152,-131.557882107771,65.8058938049786));
#7742=CARTESIAN_POINT('',(81.4262421885713,-129.333221741085,67.1959330380451));
#7743=CARTESIAN_POINT('',(78.3664976443015,-126.862267123903,68.5063574447279));
#7744=CARTESIAN_POINT('',(75.4748237126895,-124.158164123158,69.7422288241454));
#7745=CARTESIAN_POINT('',(72.7477506095247,-121.235774793111,70.9056678946177));
#7746=CARTESIAN_POINT('',(69.9534207351106,-117.837922279608,72.0959735589413));
#7747=CARTESIAN_POINT('',(66.8797279170442,-113.54910912719,73.4032480057995));
#7748=CARTESIAN_POINT('',(63.4475795834346,-107.89502610238,74.8605158916215));
#7749=CARTESIAN_POINT('',(60.0480740494847,-101.098901903144,76.3013880220668));
#7750=CARTESIAN_POINT('',(57.0175396904226,-93.6797534362658,77.5837229905556));
#7751=CARTESIAN_POINT('',(55.3151618958451,-88.6015750189865,78.3029098840483));
#7752=CARTESIAN_POINT('',(54.5334780424384,-86.0339684702131,78.6328822975491));
#7753=CARTESIAN_POINT('',(55.1026726391313,85.8563081069716,78.5874673201173));
#7754=CARTESIAN_POINT('',(55.8781815167541,88.4093990099528,78.2590420797824));
#7755=CARTESIAN_POINT('',(57.5640827812398,93.4483528036802,77.544835280294));
#7756=CARTESIAN_POINT('',(60.38550585645,100.369812403662,76.3487809904551));
#7757=CARTESIAN_POINT('',(63.2831388068954,106.279065205475,75.1196247300049));
#7758=CARTESIAN_POINT('',(65.9026067581225,110.850103111118,74.0078139637583));
#7759=CARTESIAN_POINT('',(68.3196422481075,114.56094114105,72.9813850040399));
#7760=CARTESIAN_POINT('',(70.6524816390402,117.755824914506,71.9902150973463));
#7761=CARTESIAN_POINT('',(73.1469307162799,120.789273804495,70.9297826943295));
#7762=CARTESIAN_POINT('',(75.8165387641757,123.651628537334,69.7941493863983));
#7763=CARTESIAN_POINT('',(78.6765512642389,126.330545708501,68.5765985956037));
#7764=CARTESIAN_POINT('',(81.7418165745384,128.803090051257,67.2704849222671));
#7765=CARTESIAN_POINT('',(84.9304147319806,130.984616293325,65.9103644617105));
#7766=CARTESIAN_POINT('',(88.2649659900051,132.883874974756,64.4861968976884));
#7767=CARTESIAN_POINT('',(91.7409907330903,134.484604955946,62.9993830993929));
#7768=CARTESIAN_POINT('',(95.7976417384092,135.925903044479,61.2610743368442));
#7769=CARTESIAN_POINT('',(100.813915515855,137.11174568474,59.106039932429));
#7770=CARTESIAN_POINT('',(107.122375431316,137.707769148048,56.38483787281));
#7771=CARTESIAN_POINT('',(114.035780310766,137.220666851812,53.3827886564792));
#7772=CARTESIAN_POINT('',(120.276260865942,135.810230161032,50.6491019364989));
#7773=CARTESIAN_POINT('',(125.610809550657,133.956063306596,48.2929185082613));
#7774=CARTESIAN_POINT('',(130.734620521525,131.622652716017,46.0126919878885));
#7775=CARTESIAN_POINT('',(135.972702773847,128.611861880511,43.6642369032261));
#7776=CARTESIAN_POINT('',(140.936486314216,125.106560354755,41.4268927098575));
#7777=CARTESIAN_POINT('',(145.354285134948,121.455640841964,39.4313024641486));
#7778=CARTESIAN_POINT('',(149.528494720819,117.55253083662,37.5444835254717));
#7779=CARTESIAN_POINT('',(154.045768539142,112.771547930102,35.5024376718273));
#7780=CARTESIAN_POINT('',(158.801571183898,107.002864337116,33.3517368929618));
#7781=CARTESIAN_POINT('',(163.452674209865,100.538345916981,31.2438144017713));
#7782=CARTESIAN_POINT('',(167.760664399358,93.7179847187884,29.2820996246695));
#7783=CARTESIAN_POINT('',(172.131506483755,85.8501871615505,27.2763735745615));
#7784=CARTESIAN_POINT('',(176.769424728597,76.1541481405787,25.122201406921));
#7785=CARTESIAN_POINT('',(181.373985228617,64.433110065933,22.9369517541273));
#7786=CARTESIAN_POINT('',(185.121281230794,52.3143235850728,21.1299519849947));
#7787=CARTESIAN_POINT('',(187.919641374593,40.6943029213844,19.7258263913106));
#7788=CARTESIAN_POINT('',(190.001773369215,29.0251835979939,18.7700824161799));
#7789=CARTESIAN_POINT('',(191.581546698769,15.5028956913123,18.0208128741016));
#7790=CARTESIAN_POINT('',(192.177482669723,1.02207800135679,17.7460952974278));
#7791=CARTESIAN_POINT('',(191.724228297486,-12.5890380831858,17.9572366920844));
#7792=CARTESIAN_POINT('',(190.68836443388,-23.501885464807,18.4407805750083));
#7793=CARTESIAN_POINT('',(189.378392496737,-32.5931053134258,19.0560819725047));
#7794=CARTESIAN_POINT('',(187.709995518782,-41.557849111555,19.830359678695));
#7795=CARTESIAN_POINT('',(185.376568953808,-51.2613043055829,21.0028355290103));
#7796=CARTESIAN_POINT('',(182.260416096913,-61.6456832945818,22.5091149017224));
#7797=CARTESIAN_POINT('',(178.854343065829,-70.9642870458365,24.1363625132042));
#7798=CARTESIAN_POINT('',(175.290871836898,-79.280207329411,25.8094163578401));
#7799=CARTESIAN_POINT('',(171.314828783125,-87.4167855772985,27.6530781900617));
#7800=CARTESIAN_POINT('',(166.475194013834,-95.9541522199576,29.8703940196471));
#7801=CARTESIAN_POINT('',(160.552364399935,-104.778357766944,32.559869901404));
#7802=CARTESIAN_POINT('',(154.469473283559,-112.369437684422,35.310942506752));
#7803=CARTESIAN_POINT('',(148.347041386113,-118.780590114869,38.0785666109558));
#7804=CARTESIAN_POINT('',(142.457449703903,-123.982565940525,40.7405934295391));
#7805=CARTESIAN_POINT('',(136.122826724337,-128.572182528141,43.5977364786662));
#7806=CARTESIAN_POINT('',(129.6420275354,-132.22787125582,46.5021375132431));
#7807=CARTESIAN_POINT('',(123.697327703141,-134.705267328564,49.1406894837966));
#7808=CARTESIAN_POINT('',(118.779566014327,-136.167556172832,51.3052097270462));
#7809=CARTESIAN_POINT('',(114.540513817835,-137.016617776591,53.1594823872847));
#7810=CARTESIAN_POINT('',(110.723183228482,-137.456797890842,54.8212815263692));
#7811=CARTESIAN_POINT('',(106.904694433179,-137.568007705949,56.4766640770124));
#7812=CARTESIAN_POINT('',(103.087921842341,-137.340826571007,58.1253530972516));
#7813=CARTESIAN_POINT('',(99.2510740688755,-136.753595210648,59.777550741107));
#7814=CARTESIAN_POINT('',(95.5325841702251,-135.822129322565,61.3745683333591));
#7815=CARTESIAN_POINT('',(91.9211857848409,-134.556926967803,62.9222354241469));
#7816=CARTESIAN_POINT('',(88.4184966345752,-132.964539532274,64.4205890102353));
#7817=CARTESIAN_POINT('',(85.0108002359669,-131.036998063017,65.8760646325055));
#7818=CARTESIAN_POINT('',(81.8018388393185,-128.846880930658,67.2448929014952));
#7819=CARTESIAN_POINT('',(78.7680507044121,-126.408924251967,68.5376255452446));
#7820=CARTESIAN_POINT('',(75.8998219328515,-123.736302653475,69.7587113797713));
#7821=CARTESIAN_POINT('',(73.1939230128631,-120.843874519282,70.9098010647074));
#7822=CARTESIAN_POINT('',(70.4204359752068,-117.477012923175,72.0888670597959));
#7823=CARTESIAN_POINT('',(67.368706415527,-113.222703382872,73.3853595840087));
#7824=CARTESIAN_POINT('',(63.959942956786,-107.6078634198,74.8324958823279));
#7825=CARTESIAN_POINT('',(60.5825673451477,-100.851744040551,76.2652417744081));
#7826=CARTESIAN_POINT('',(57.5711665759955,-93.46974227612,77.5418345609793));
#7827=CARTESIAN_POINT('',(55.8794355950677,-88.4135276224277,78.2585109818566));
#7828=CARTESIAN_POINT('',(55.1026726391312,-85.8563081069714,78.5874673201174));
#7829=CARTESIAN_POINT('',(55.6546597689937,85.6740604376788,78.4657175450018));
#7830=CARTESIAN_POINT('',(56.4252519705273,88.2165324226905,78.1387721576622));
#7831=CARTESIAN_POINT('',(58.1005073041629,93.2330736614296,77.4279512759265));
#7832=CARTESIAN_POINT('',(60.9038388916723,100.118879615858,76.2383206940077));
#7833=CARTESIAN_POINT('',(63.7822489387846,105.992823362291,75.0166704487311));
#7834=CARTESIAN_POINT('',(66.383632454638,110.53266739915,73.9124651468857));
#7835=CARTESIAN_POINT('',(68.783319699428,114.215126800926,72.8937655281659));
#7836=CARTESIAN_POINT('',(71.09877828787,117.382883928215,71.9107226003569));
#7837=CARTESIAN_POINT('',(73.5738621813418,120.387541450678,70.8597895956472));
#7838=CARTESIAN_POINT('',(76.2217908137155,123.219252557939,69.7353175504986));
#7839=CARTESIAN_POINT('',(79.0574189668788,125.865468573934,68.5309515881481));
#7840=CARTESIAN_POINT('',(82.0951267353557,128.303059372603,67.2405186387027));
#7841=CARTESIAN_POINT('',(85.2534125150285,130.448295043557,65.898570126309));
#7842=CARTESIAN_POINT('',(88.5543843040129,132.309667744259,64.4956329748863));
#7843=CARTESIAN_POINT('',(91.9932623902987,133.870996385348,63.0336343898075));
#7844=CARTESIAN_POINT('',(96.0038239728842,135.266491532383,61.3279537677026));
#7845=CARTESIAN_POINT('',(100.958824272871,136.396146895762,59.2194827719702));
#7846=CARTESIAN_POINT('',(107.183008422796,136.922838092951,56.5686887285909));
#7847=CARTESIAN_POINT('',(113.994136598014,136.363357860054,53.6638266201032));
#7848=CARTESIAN_POINT('',(120.134636465115,134.89400337671,51.0400104077765));
#7849=CARTESIAN_POINT('',(125.380436195826,132.996654001727,48.79441405498));
#7850=CARTESIAN_POINT('',(130.418203290725,130.630118698061,46.6342291320942));
#7851=CARTESIAN_POINT('',(135.570236113667,127.597486880525,44.4213505793527));
#7852=CARTESIAN_POINT('',(140.457651856792,124.086249565082,42.3196383736847));
#7853=CARTESIAN_POINT('',(144.812931622554,120.442241401897,40.4458854261938));
#7854=CARTESIAN_POINT('',(148.932840923423,116.555493623189,38.6731543440602));
#7855=CARTESIAN_POINT('',(153.396957320209,111.803273120091,36.7522642176917));
#7856=CARTESIAN_POINT('',(158.103539857069,106.077745450207,34.7267017764747));
#7857=CARTESIAN_POINT('',(162.713484812497,99.6680080557578,32.7413562687224));
#7858=CARTESIAN_POINT('',(166.99034215896,92.9097903260622,30.8967896585321));
#7859=CARTESIAN_POINT('',(171.337632852028,85.1168017519313,29.0175725815349));
#7860=CARTESIAN_POINT('',(175.962352643132,75.5154065530108,27.0103979539229));
#7861=CARTESIAN_POINT('',(180.567979260382,63.9078833937444,25.0015838779481));
#7862=CARTESIAN_POINT('',(184.34137799566,51.9055355395096,23.3281395305602));
#7863=CARTESIAN_POINT('',(187.147727597724,40.3825793204324,22.1087586536592));
#7864=CARTESIAN_POINT('',(189.314411096475,28.8299871762885,21.0626477535514));
#7865=CARTESIAN_POINT('',(190.936524415672,15.4043800461831,20.298412538207));
#7866=CARTESIAN_POINT('',(191.554190141011,1.01600152213357,19.9991227419789));
#7867=CARTESIAN_POINT('',(191.086355980568,-12.5102281532551,20.2235938540036));
#7868=CARTESIAN_POINT('',(190.016277623831,-23.345474516182,20.7357479553981));
#7869=CARTESIAN_POINT('',(188.665566894851,-32.3628150295895,21.3763674733186));
#7870=CARTESIAN_POINT('',(186.936936450323,-41.2386112650688,22.2010012157824));
#7871=CARTESIAN_POINT('',(184.598100341998,-50.8616284316944,23.2156334551171));
#7872=CARTESIAN_POINT('',(181.459373834086,-61.1471499538979,24.6077658606974));
#7873=CARTESIAN_POINT('',(178.047751829186,-70.376183577133,26.1003396688263));
#7874=CARTESIAN_POINT('',(174.487543561653,-78.6108430680731,27.6509092848895));
#7875=CARTESIAN_POINT('',(170.524572820957,-86.6683513053168,29.3695254108643));
#7876=CARTESIAN_POINT('',(165.712436604052,-95.1248167083758,31.4487871689106));
#7877=CARTESIAN_POINT('',(159.837114906702,-103.870847584449,33.9805781566823));
#7878=CARTESIAN_POINT('',(153.81525755405,-111.403063618228,36.5722912864883));
#7879=CARTESIAN_POINT('',(147.765489239098,-117.776404187958,39.1754559284824));
#7880=CARTESIAN_POINT('',(141.955676323011,-122.961606056296,41.6752946583818));
#7881=CARTESIAN_POINT('',(135.7174923459,-127.556101149759,44.3582705044253));
#7882=CARTESIAN_POINT('',(129.343796757249,-131.240466554516,47.0956174578841));
#7883=CARTESIAN_POINT('',(123.499097135283,-133.760267193277,49.6003233049236));
#7884=CARTESIAN_POINT('',(118.662092927011,-135.265353915809,51.6693212322676));
#7885=CARTESIAN_POINT('',(114.490063803078,-136.155127615616,53.451458848743));
#7886=CARTESIAN_POINT('',(110.73058797946,-136.634175070767,55.0556984629039));
#7887=CARTESIAN_POINT('',(106.967193968834,-136.785839348084,56.6601746738347));
#7888=CARTESIAN_POINT('',(103.202577730575,-136.600201738931,58.2639449336824));
#7889=CARTESIAN_POINT('',(99.4151533880737,-136.055494517419,59.8763720966037));
#7890=CARTESIAN_POINT('',(95.7417100231359,-135.165717007573,61.4394127304598));
#7891=CARTESIAN_POINT('',(92.1714662755616,-133.941279403244,62.9578584752232));
#7892=CARTESIAN_POINT('',(88.7063328131731,-132.388589253753,64.4310464963693));
#7893=CARTESIAN_POINT('',(85.3330219589026,-130.499762326617,65.8647420741825));
#7894=CARTESIAN_POINT('',(82.154590521554,-128.34616667599,67.2152548160858));
#7895=CARTESIAN_POINT('',(79.1481134155089,-125.942802821497,68.4924271690272));
#7896=CARTESIAN_POINT('',(76.3043849503146,-123.302972429129,69.7002410486182));
#7897=CARTESIAN_POINT('',(73.6204839087634,-120.441601038554,70.8399928906426));
#7898=CARTESIAN_POINT('',(70.8685411991066,-117.106748445984,72.0084835117448));
#7899=CARTESIAN_POINT('',(67.8393952055463,-112.887966596141,73.2945034911551));
#7900=CARTESIAN_POINT('',(64.4545357514885,-107.313430349612,74.731332914743));
#7901=CARTESIAN_POINT('',(61.0996362869965,-100.598322838238,76.1552312677012));
#7902=CARTESIAN_POINT('',(58.1075465086634,-93.2543687167393,77.4249645442971));
#7903=CARTESIAN_POINT('',(56.4264980980393,-88.2206438627968,78.1382434528486));
#7904=CARTESIAN_POINT('',(55.6546597689936,-85.6740604376786,78.4657175450018));
#7905=CARTESIAN_POINT('',(56.1892744174265,85.4871869307106,78.2669435448097));
#7906=CARTESIAN_POINT('',(56.9549434104781,88.0187886838592,77.9419363394522));
#7907=CARTESIAN_POINT('',(58.6195108542028,93.0123872959624,77.2353693800819));
#7908=CARTESIAN_POINT('',(61.4045732778511,99.8616852664242,76.0531805195274));
#7909=CARTESIAN_POINT('',(64.2634593289946,105.699443810087,74.839655388432));
#7910=CARTESIAN_POINT('',(66.846381716798,110.207278775859,73.7432698825825));
#7911=CARTESIAN_POINT('',(69.2282813134735,113.860570508593,72.7322134890544));
#7912=CARTESIAN_POINT('',(71.525846712177,117.000393338823,71.7569548387102));
#7913=CARTESIAN_POINT('',(73.9809060159818,119.975325679198,70.7148439919439));
#7914=CARTESIAN_POINT('',(76.6063046972268,122.775289157056,69.6004283692454));
#7915=CARTESIAN_POINT('',(79.416445841913,125.387468584236,68.4075942233318));
#7916=CARTESIAN_POINT('',(82.4251509101546,127.788449532923,67.130474692461));
#7917=CARTESIAN_POINT('',(85.5512720086867,129.895361074321,65.8035150137126));
#7918=CARTESIAN_POINT('',(88.8162607803508,131.71629918031,64.4176095049341));
#7919=CARTESIAN_POINT('',(92.2148550464772,133.235000712771,62.974991828449));
#7920=CARTESIAN_POINT('',(96.174689873454,134.580067159549,61.2941416680477));
#7921=CARTESIAN_POINT('',(101.060801943197,135.646212943911,59.2201101452638));
#7922=CARTESIAN_POINT('',(107.186920163212,136.090975436647,56.6197272397449));
#7923=CARTESIAN_POINT('',(113.871886982178,135.438897802743,53.7821271778971));
#7924=CARTESIAN_POINT('',(119.87846357503,133.884548473032,51.2324866825968));
#7925=CARTESIAN_POINT('',(124.99491155325,131.915571758796,49.0606833673961));
#7926=CARTESIAN_POINT('',(129.89607092687,129.483539572446,46.9802646430648));
#7927=CARTESIAN_POINT('',(134.896678931532,126.391667986297,44.8576324793496));
#7928=CARTESIAN_POINT('',(139.633025398336,122.837297238459,42.8471726833482));
#7929=CARTESIAN_POINT('',(143.850946301719,119.167768775546,41.0567714830977));
#7930=CARTESIAN_POINT('',(147.839816274597,115.268290738301,39.3635966344764));
#7931=CARTESIAN_POINT('',(152.160981755725,110.515897958217,37.5293707110634));
#7932=CARTESIAN_POINT('',(156.714362591009,104.806546345255,35.5965752178736));
#7933=CARTESIAN_POINT('',(161.168148843466,98.4285510412431,33.7060551169253));
#7934=CARTESIAN_POINT('',(165.289990234307,91.7139981495338,31.9564372501029));
#7935=CARTESIAN_POINT('',(169.46407379305,83.9804540911279,30.1846438986617));
#7936=CARTESIAN_POINT('',(173.877597820118,74.4633287309456,28.3112140984356));
#7937=CARTESIAN_POINT('',(178.227200855576,62.9745325331212,26.4649171493745));
#7938=CARTESIAN_POINT('',(181.731564395944,51.113540738086,24.9774030796455));
#7939=CARTESIAN_POINT('',(184.307927284456,39.7483665865718,23.8838019160547));
#7940=CARTESIAN_POINT('',(186.238555960409,28.3555199361466,23.064298663661));
#7941=CARTESIAN_POINT('',(187.677927226511,15.1447362121215,22.4533218100246));
#7942=CARTESIAN_POINT('',(188.2192864273,0.99866678252117,22.2235284627664));
#7943=CARTESIAN_POINT('',(187.808268767822,-12.2987688704092,22.3979951082323));
#7944=CARTESIAN_POINT('',(186.86337008471,-22.9587349711028,22.7990808030832));
#7945=CARTESIAN_POINT('',(185.661038193895,-31.8390139166011,23.3094404114597));
#7946=CARTESIAN_POINT('',(184.114599174625,-40.5928589541401,23.9658648299434));
#7947=CARTESIAN_POINT('',(181.966998928944,-50.0837363951111,24.8774670495207));
#7948=CARTESIAN_POINT('',(179.056839839804,-60.2458937560825,26.1127562940241));
#7949=CARTESIAN_POINT('',(175.849373161874,-69.3756964981162,27.4742451226369));
#7950=CARTESIAN_POINT('',(172.470914200211,-77.5313840411324,28.9083158694603));
#7951=CARTESIAN_POINT('',(168.685310891341,-85.5193686090451,30.5152091382357));
#7952=CARTESIAN_POINT('',(164.061442668636,-93.9127541761889,32.4779247522455));
#7953=CARTESIAN_POINT('',(158.391153119223,-102.607800849438,34.8848198665882));
#7954=CARTESIAN_POINT('',(152.566042792974,-110.114652286182,37.3574325017233));
#7955=CARTESIAN_POINT('',(146.709780895863,-116.489737137364,39.8432681941746));
#7956=CARTESIAN_POINT('',(141.084291685401,-121.70053809332,42.2311466928748));
#7957=CARTESIAN_POINT('',(135.040100908103,-126.347606831883,44.7967534622041));
#7958=CARTESIAN_POINT('',(128.853012644632,-130.106778803411,47.4230166157136));
#7959=CARTESIAN_POINT('',(123.161925277719,-132.704612368478,49.8387398798166));
#7960=CARTESIAN_POINT('',(118.438442403038,-134.276336600998,51.8437394049163));
#7961=CARTESIAN_POINT('',(114.355124690075,-135.223652572534,53.5770049406518));
#7962=CARTESIAN_POINT('',(110.668839463802,-135.754105389123,55.1417401845701));
#7963=CARTESIAN_POINT('',(106.972538840392,-135.956505941578,56.7107267123474));
#7964=CARTESIAN_POINT('',(103.269423837482,-135.820772022639,58.2826057726107));
#7965=CARTESIAN_POINT('',(99.5387074310181,-135.325368915167,59.8662009335747));
#7966=CARTESIAN_POINT('',(95.9157939822024,-134.482569514579,61.4040364539042));
#7967=CARTESIAN_POINT('',(92.3908835178309,-133.303058221896,62.9002721754234));
#7968=CARTESIAN_POINT('',(88.9665067342692,-131.79335145964,64.3538338812584));
#7969=CARTESIAN_POINT('',(85.6300560248512,-129.94586019698,65.7700731829308));
#7970=CARTESIAN_POINT('',(82.4840240306151,-127.830837389484,67.1054845354739));
#7971=CARTESIAN_POINT('',(79.506295595558,-125.463712093205,68.3694552656668));
#7972=CARTESIAN_POINT('',(76.6881812730716,-122.858018819727,69.5656738247619));
#7973=CARTESIAN_POINT('',(74.027143908765,-120.02882597701,70.6952171709028));
#7974=CARTESIAN_POINT('',(71.297480556598,-116.727021885871,71.8538905206282));
#7975=CARTESIAN_POINT('',(68.2915665579931,-112.544810500273,73.1298253127267));
#7976=CARTESIAN_POINT('',(64.9311536097332,-107.011655264612,74.556235981338));
#7977=CARTESIAN_POINT('',(61.5990939861646,-100.338580343673,75.9706113775993));
#7978=CARTESIAN_POINT('',(58.6265053316304,-93.0335857290307,77.2324004006032));
#7979=CARTESIAN_POINT('',(56.9561815768094,-88.0228825460817,77.9414107689348));
#7980=CARTESIAN_POINT('',(56.1892744174263,-85.4871869307104,78.2669435448098));
#7981=CARTESIAN_POINT('',(56.412030464033,85.4078195593981,78.1723892128668));
#7982=CARTESIAN_POINT('',(57.1756191608087,87.9348090545225,77.8482650409077));
#7983=CARTESIAN_POINT('',(58.835666922889,92.9186738861662,77.1436165725449));
#7984=CARTESIAN_POINT('',(61.6129900700776,99.7524845220091,75.9647128399539));
#7985=CARTESIAN_POINT('',(64.4635900994973,105.574893052458,74.7547049164048));
#7986=CARTESIAN_POINT('',(67.0386641801198,110.069148898281,73.6616508193037));
#7987=CARTESIAN_POINT('',(69.4129901224463,113.71006582088,72.6538092513134));
#7988=CARTESIAN_POINT('',(71.7029259136799,116.838035838326,71.6817891771976));
#7989=CARTESIAN_POINT('',(74.1494331693959,119.800353730338,70.6433084594721));
#7990=CARTESIAN_POINT('',(76.7651927371902,122.586842249018,69.5329843976841));
#7991=CARTESIAN_POINT('',(79.564408160615,125.184572422985,68.3447879452948));
#7992=CARTESIAN_POINT('',(82.5606528387677,127.5700083191,67.0729575362169));
#7993=CARTESIAN_POINT('',(85.6729216280167,129.660642914951,65.7518778139055));
#7994=CARTESIAN_POINT('',(88.9223733963522,131.464402790178,64.3725673717594));
#7995=CARTESIAN_POINT('',(92.3035249907068,132.964987863343,62.9373536701688));
#7996=CARTESIAN_POINT('',(96.2413286038404,134.288610508252,61.2658552052145));
#7997=CARTESIAN_POINT('',(101.097406869481,135.327723158924,59.2045722759071));
#7998=CARTESIAN_POINT('',(107.180540169731,135.737533832236,56.6224353863051));
#7999=CARTESIAN_POINT('',(113.809763372743,135.04572523717,53.8084970855942));
#8000=CARTESIAN_POINT('',(119.756517218581,133.454441472802,51.2842498398379));
#8001=CARTESIAN_POINT('',(124.814493873745,131.453742561208,49.137266128745));
#8002=CARTESIAN_POINT('',(129.653091990851,128.991930520528,47.0834030822742));
#8003=CARTESIAN_POINT('',(134.583149421829,125.871885188961,44.990717860357));
#8004=CARTESIAN_POINT('',(139.24764342209,122.295372542062,43.0107576268855));
#8005=CARTESIAN_POINT('',(143.399065010298,118.611116322953,41.2485837112223));
#8006=CARTESIAN_POINT('',(147.323596686518,114.702381681014,39.5827188492503));
#8007=CARTESIAN_POINT('',(151.573617191044,109.945788810385,37.7786921767042));
#8008=CARTESIAN_POINT('',(156.049702469597,104.239278482556,35.8787067007521));
#8009=CARTESIAN_POINT('',(160.423672474914,97.8712896100914,34.0220665866387));
#8010=CARTESIAN_POINT('',(164.465196249682,91.1724712294962,32.3065415251375));
#8011=CARTESIAN_POINT('',(168.548005768107,83.4616284340413,30.5734917051852));
#8012=CARTESIAN_POINT('',(172.847536050001,73.9778464662358,28.7484493789903));
#8013=CARTESIAN_POINT('',(177.052469013135,62.5371552219621,26.96356123229));
#8014=CARTESIAN_POINT('',(180.399765742467,50.7364549371811,25.5427180683081));
#8015=CARTESIAN_POINT('',(182.829915386644,39.4402643634393,24.5111807447343));
#8016=CARTESIAN_POINT('',(184.631274099266,28.1265395065154,23.746549336267));
#8017=CARTESIAN_POINT('',(185.960721627996,15.0183342842013,23.1822323408482));
#8018=CARTESIAN_POINT('',(186.457149665471,0.990319458940972,22.9715111408799));
#8019=CARTESIAN_POINT('',(186.080117737885,-12.1960850974479,23.1315516990473));
#8020=CARTESIAN_POINT('',(185.208935218074,-22.7712196602443,23.5013467390295));
#8021=CARTESIAN_POINT('',(184.092931398175,-31.5856396218398,23.97506225537));
#8022=CARTESIAN_POINT('',(182.647504817003,-40.2796619725847,24.5886094377572));
#8023=CARTESIAN_POINT('',(180.621903580934,-49.7128700565784,25.4484261501517));
#8024=CARTESIAN_POINT('',(177.846011751566,-59.8220530690127,26.6267223242404));
#8025=CARTESIAN_POINT('',(174.755674592516,-68.9111190151939,27.9384926218541));
#8026=CARTESIAN_POINT('',(171.477639830882,-77.0350362510509,29.3299358248272));
#8027=CARTESIAN_POINT('',(167.787526170169,-84.9956381349874,30.8962961427509));
#8028=CARTESIAN_POINT('',(163.262494843327,-93.3650770834086,32.8170579835549));
#8029=CARTESIAN_POINT('',(157.697711567999,-102.04256403835,35.1791683415962));
#8030=CARTESIAN_POINT('',(151.972152588446,-109.543692876798,37.6095239371388));
#8031=CARTESIAN_POINT('',(146.212104181088,-115.925149373524,40.0545194262106));
#8032=CARTESIAN_POINT('',(140.67655672395,-121.152226282841,42.4042199156992));
#8033=CARTESIAN_POINT('',(134.724893964299,-125.82667173897,44.9305508717433));
#8034=CARTESIAN_POINT('',(128.624578074148,-129.621231220564,47.5199813380358));
#8035=CARTESIAN_POINT('',(123.003461891343,-132.254139633202,49.9060035966247));
#8036=CARTESIAN_POINT('',(118.331031601362,-133.855117290283,51.8893325852166));
#8037=CARTESIAN_POINT('',(114.287282851927,-134.827390393755,53.6058020924309));
#8038=CARTESIAN_POINT('',(110.633447017634,-135.379978368404,55.1567633866527));
#8039=CARTESIAN_POINT('',(106.966741318616,-135.604120131659,56.7131876143377));
#8040=CARTESIAN_POINT('',(103.290634172728,-135.489700977647,58.2736025194555));
#8041=CARTESIAN_POINT('',(99.5847210530993,-135.015311061408,59.8466693097986));
#8042=CARTESIAN_POINT('',(95.9838285986864,-134.192505902873,61.3751574725763));
#8043=CARTESIAN_POINT('',(92.4786100114262,-133.032099293072,62.8630344881778));
#8044=CARTESIAN_POINT('',(89.0718834390128,-131.540660844709,64.3091041238796));
#8045=CARTESIAN_POINT('',(85.7513499212392,-129.710730813658,65.7185869785542));
#8046=CARTESIAN_POINT('',(82.6192718172941,-127.612090642997,67.0480752560806));
#8047=CARTESIAN_POINT('',(79.6538953450351,-125.260352831115,68.3068028891348));
#8048=CARTESIAN_POINT('',(76.8467620901657,-122.669151597381,69.4983602615715));
#8049=CARTESIAN_POINT('',(74.1955070360935,-119.853616669407,70.6237512633735));
#8050=CARTESIAN_POINT('',(71.4753589102631,-116.565837370261,71.7783856391485));
#8051=CARTESIAN_POINT('',(68.4793483009119,-112.399142869042,73.0501166919137));
#8052=CARTESIAN_POINT('',(65.1293347144788,-106.883543084616,74.4721130933248));
#8053=CARTESIAN_POINT('',(61.8069699152538,-100.2282986313,75.882373280805));
#8054=CARTESIAN_POINT('',(58.8426424923345,-92.9398313259947,77.1406556190359));
#8055=CARTESIAN_POINT('',(57.1768539628735,-87.9388954581728,77.8477408984205));
#8056=CARTESIAN_POINT('',(56.4120304640328,-85.4078195593978,78.1723892128669));
#8057=CARTESIAN_POINT('',(56.6347865106395,85.3284521880855,78.077834880924));
#8058=CARTESIAN_POINT('',(57.3962949111859,87.8508294251859,77.75459374256));
#8059=CARTESIAN_POINT('',(59.0518229915535,92.8249604763698,77.0518637649161));
#8060=CARTESIAN_POINT('',(61.8214068623088,99.643283777594,75.8762451604001));
#8061=CARTESIAN_POINT('',(64.6637208699996,105.450342294829,74.6697544443756));
#8062=CARTESIAN_POINT('',(67.2309466434416,109.931019020703,73.5800317560252));
#8063=CARTESIAN_POINT('',(69.5976989314191,113.559561133166,72.5754050135723));
#8064=CARTESIAN_POINT('',(71.8800051151829,116.675678337828,71.6066235156851));
#8065=CARTESIAN_POINT('',(74.3179603228101,119.625381781479,70.5717729270003));
#8066=CARTESIAN_POINT('',(76.9240807771537,122.398395340979,69.4655404261227));
#8067=CARTESIAN_POINT('',(79.7123704793171,124.981676261734,68.2819816672577));
#8068=CARTESIAN_POINT('',(82.6961547673808,127.351567105277,67.0154403799729));
#8069=CARTESIAN_POINT('',(85.7945712473466,129.425924755581,65.7002406140985));
#8070=CARTESIAN_POINT('',(89.0284860123535,131.212506400046,64.3275252385847));
#8071=CARTESIAN_POINT('',(92.3921949349365,132.694975013916,62.8997155118886));
#8072=CARTESIAN_POINT('',(96.3079673342268,133.997153856955,61.2375687423813));
#8073=CARTESIAN_POINT('',(101.134011795765,135.009233373937,59.1890344065505));
#8074=CARTESIAN_POINT('',(107.17416017625,135.384092227826,56.6251435328654));
#8075=CARTESIAN_POINT('',(113.747639763308,134.652552671597,53.8348669932913));
#8076=CARTESIAN_POINT('',(119.634570862132,133.024334472572,51.336012997079));
#8077=CARTESIAN_POINT('',(124.63407619424,130.991913363619,49.2138488900938));
#8078=CARTESIAN_POINT('',(129.410113054832,128.50032146861,47.1865415214835));
#8079=CARTESIAN_POINT('',(134.269619912126,125.352102391625,45.1238032413645));
#8080=CARTESIAN_POINT('',(138.862261445845,121.753447845666,43.1743425704228));
#8081=CARTESIAN_POINT('',(142.947183718877,118.05446387036,41.4403959393469));
#8082=CARTESIAN_POINT('',(146.807377098438,114.136472623728,39.8018410640241));
#8083=CARTESIAN_POINT('',(150.986252626364,109.375679662554,38.028013642345));
#8084=CARTESIAN_POINT('',(155.385042348184,103.672010619856,36.1608381836306));
#8085=CARTESIAN_POINT('',(159.679196106362,97.3140281789397,34.3380780563521));
#8086=CARTESIAN_POINT('',(163.640402265056,90.6309443094585,32.6566458001721));
#8087=CARTESIAN_POINT('',(167.631937743163,82.9428027769546,30.9623395117087));
#8088=CARTESIAN_POINT('',(171.817474279885,73.492364201526,29.185684659545));
#8089=CARTESIAN_POINT('',(175.877737170695,62.0997779108029,27.4622053152055));
#8090=CARTESIAN_POINT('',(179.067967088991,50.3593691362762,26.1080330569706));
#8091=CARTESIAN_POINT('',(181.351903488831,39.1321621403068,25.138559573414));
#8092=CARTESIAN_POINT('',(183.023992238122,27.8975590768842,24.4288000088729));
#8093=CARTESIAN_POINT('',(184.243516029482,14.891932356281,23.9111428716718));
#8094=CARTESIAN_POINT('',(184.695012903642,0.981972135360779,23.7194938189935));
#8095=CARTESIAN_POINT('',(184.351966707948,-12.0934013244866,23.8651082898622));
#8096=CARTESIAN_POINT('',(183.554500351437,-22.5837043493858,24.2036126749758));
#8097=CARTESIAN_POINT('',(182.524824602455,-31.3322653270785,24.6406840992803));
#8098=CARTESIAN_POINT('',(181.180410459381,-39.9664649910292,25.2113540455709));
#8099=CARTESIAN_POINT('',(179.276808232924,-49.3420037180457,26.0193852507827));
#8100=CARTESIAN_POINT('',(176.635183663328,-59.3982123819428,27.1406883544567));
#8101=CARTESIAN_POINT('',(173.661976023157,-68.4465415322716,28.4027401210713));
#8102=CARTESIAN_POINT('',(170.484365461552,-76.5386884609695,29.7515557801942));
#8103=CARTESIAN_POINT('',(166.889741448997,-84.4719076609297,31.277383147266));
#8104=CARTESIAN_POINT('',(162.463547018017,-92.8173999906281,33.1561912148642));
#8105=CARTESIAN_POINT('',(157.004270016775,-101.477327227262,35.4735168166041));
#8106=CARTESIAN_POINT('',(151.378262383919,-108.972733467414,37.8616153725543));
#8107=CARTESIAN_POINT('',(145.714427466313,-115.360561609684,40.2657706582466));
#8108=CARTESIAN_POINT('',(140.268821762498,-120.603914472362,42.5772931385234));
#8109=CARTESIAN_POINT('',(134.409687020495,-125.305736646057,45.0643482812825));
#8110=CARTESIAN_POINT('',(128.396143503664,-129.135683637717,47.616946060358));
#8111=CARTESIAN_POINT('',(122.844998504966,-131.803666897926,49.9732673134329));
#8112=CARTESIAN_POINT('',(118.223620799686,-133.433897979569,51.9349257655168));
#8113=CARTESIAN_POINT('',(114.219441013779,-134.431128214975,53.6345992442101));
#8114=CARTESIAN_POINT('',(110.598054571465,-135.005851347685,55.1717865887352));
#8115=CARTESIAN_POINT('',(106.960943796841,-135.25173432174,56.715648516328));
#8116=CARTESIAN_POINT('',(103.311844507974,-135.158629932656,58.2645992663004));
#8117=CARTESIAN_POINT('',(99.6307346751804,-134.705253207649,59.8271376860226));
#8118=CARTESIAN_POINT('',(96.0518632151704,-133.902442291168,61.3462784912483));
#8119=CARTESIAN_POINT('',(92.5663365050214,-132.761140364248,62.8257968009323));
#8120=CARTESIAN_POINT('',(89.1772601437563,-131.287970229779,64.2643743665008));
#8121=CARTESIAN_POINT('',(85.8726438176271,-129.475601430336,65.6671007741776));
#8122=CARTESIAN_POINT('',(82.754519603973,-127.393343896511,66.9906659766872));
#8123=CARTESIAN_POINT('',(79.8014950945123,-125.056993569025,68.2441505126029));
#8124=CARTESIAN_POINT('',(77.0053429072598,-122.480284375036,69.4310466983812));
#8125=CARTESIAN_POINT('',(74.363870163422,-119.678407361804,70.5522853558443));
#8126=CARTESIAN_POINT('',(71.6532372639282,-116.404652854651,71.7028807576687));
#8127=CARTESIAN_POINT('',(68.667130043831,-112.253475237812,72.9704080711015));
#8128=CARTESIAN_POINT('',(65.3275158192209,-106.75543090462,74.387990205304));
#8129=CARTESIAN_POINT('',(62.0148458443594,-100.118016918926,75.7941351840465));
#8130=CARTESIAN_POINT('',(59.0587796529781,-92.8460769229586,77.0489108373363));
#8131=CARTESIAN_POINT('',(57.3975263490679,-87.8549083702639,77.7540710281913));
#8132=CARTESIAN_POINT('',(56.6347865106394,-85.3284521880853,78.077834880924));
#8133=CARTESIAN_POINT('',(56.6347865106394,85.3284521880854,78.077834880924));
#8134=CARTESIAN_POINT('',(56.3321978419382,84.7270856594224,78.206276150458));
#8135=CARTESIAN_POINT('',(55.7597493429131,83.6502029939815,78.4336680552738));
#8136=CARTESIAN_POINT('',(54.8948296476227,82.2328775357653,78.7292832802179));
#8137=CARTESIAN_POINT('',(54.0748873041481,81.0760803275263,78.9708479926094));
#8138=CARTESIAN_POINT('',(53.2678651596173,80.1201774901776,79.1734744445027));
#8139=CARTESIAN_POINT('',(52.4167601867652,79.3304433258463,79.3481666599158));
#8140=CARTESIAN_POINT('',(51.5624690094415,78.767341854886,79.4849786198792));
#8141=CARTESIAN_POINT('',(50.6680443714681,78.4216030292189,79.5891959038032));
#8142=CARTESIAN_POINT('',(49.6932290052886,78.3431119753458,79.6565830471135));
#8143=CARTESIAN_POINT('',(49.0917279652781,78.4943591308907,79.6677378118751));
#8144=CARTESIAN_POINT('',(48.820163940854,78.5955694561492,79.6677378118751));
#8145=CARTESIAN_POINT('',(56.3888047429725,85.4160948204088,78.1822479465453));
#8146=CARTESIAN_POINT('',(56.0962809886823,84.8132731585798,78.3016454972376));
#8147=CARTESIAN_POINT('',(55.5432969939013,83.7338225513051,78.5130516761043));
#8148=CARTESIAN_POINT('',(54.7089726652239,82.3131700259667,78.7880137470096));
#8149=CARTESIAN_POINT('',(53.9189146276553,81.1535992466499,79.0128573129064));
#8150=CARTESIAN_POINT('',(53.1420764030929,80.1953031800941,79.20163918829));
#8151=CARTESIAN_POINT('',(52.3235988275027,79.4030586843216,79.3646837211607));
#8152=CARTESIAN_POINT('',(51.5027975862073,78.8373731599016,79.4927384370398));
#8153=CARTESIAN_POINT('',(50.6431196717387,78.4874060673857,79.5909977092139));
#8154=CARTESIAN_POINT('',(49.7021664837951,78.4068770848663,79.6556375491331));
#8155=CARTESIAN_POINT('',(49.1229990591932,78.5607292213846,79.6671696845423));
#8156=CARTESIAN_POINT('',(48.8620054744794,78.6629301304433,79.6677378118751));
#8157=CARTESIAN_POINT('',(56.1422324633043,85.5033265178689,78.2820631673459));
#8158=CARTESIAN_POINT('',(55.8600979352596,84.8990077545447,78.3927661368144));
#8159=CARTESIAN_POINT('',(55.3271182012159,83.8169087333454,78.58882184923));
#8160=CARTESIAN_POINT('',(54.5240031661458,82.3927809131428,78.8439924906478));
#8161=CARTESIAN_POINT('',(53.7642511307068,81.2302764722634,79.0528408281573));
#8162=CARTESIAN_POINT('',(53.0178537934786,80.2693677622708,79.2284096017805));
#8163=CARTESIAN_POINT('',(52.2319955074879,79.4744574232458,79.3803724443463));
#8164=CARTESIAN_POINT('',(51.444211255531,78.9060335212039,79.5001628514069));
#8165=CARTESIAN_POINT('',(50.6181643769825,78.5527932058832,79.5927926378348));
#8166=CARTESIAN_POINT('',(49.7112166519309,78.4709245069503,79.654706267343));
#8167=CARTESIAN_POINT('',(49.1539878226451,78.6264340064145,79.6665549740063));
#8168=CARTESIAN_POINT('',(48.9032904713483,78.7293948363555,79.6676283922541));
#8169=CARTESIAN_POINT('',(55.653943178518,85.673893110696,78.4627236456366));
#8170=CARTESIAN_POINT('',(55.3920774633199,85.0669230969266,78.5578097828996));
#8171=CARTESIAN_POINT('',(54.8979988517398,83.980194784092,78.7262894683777));
#8172=CARTESIAN_POINT('',(54.1551295870111,82.5502784834306,78.9458846319543));
#8173=CARTESIAN_POINT('',(53.4534928806999,81.3833734777269,79.1259413871476));
#8174=CARTESIAN_POINT('',(52.7650277742169,80.4191777202124,79.2776802329716));
#8175=CARTESIAN_POINT('',(52.0409838932047,79.6225384736107,79.4094964403808));
#8176=CARTESIAN_POINT('',(51.3159159777665,79.054333114609,79.5140120686861));
#8177=CARTESIAN_POINT('',(50.5581607423254,78.705128398949,79.595355661302));
#8178=CARTESIAN_POINT('',(49.7335869441433,78.6251044767306,79.6508114648139));
#8179=CARTESIAN_POINT('',(49.2253401456866,78.7768311827839,79.6632292914171));
#8180=CARTESIAN_POINT('',(48.9959058283135,78.8784962758729,79.665241023135));
#8181=CARTESIAN_POINT('',(55.1190698809809,85.851095571568,78.5854213453038));
#8182=CARTESIAN_POINT('',(54.8809127119443,85.2416665247733,78.6698637624944));
#8183=CARTESIAN_POINT('',(54.4317974225508,84.1505927744667,78.8194878906253));
#8184=CARTESIAN_POINT('',(53.7571868107778,82.7150867410083,79.0145494269971));
#8185=CARTESIAN_POINT('',(53.120505770711,81.5437276156623,79.1745474703017));
#8186=CARTESIAN_POINT('',(52.4961712206864,80.5759488199601,79.3094561129108));
#8187=CARTESIAN_POINT('',(51.8399959544515,79.7766263935099,79.4267443084204));
#8188=CARTESIAN_POINT('',(51.1833089236328,79.2069002961695,79.5198552601126));
#8189=CARTESIAN_POINT('',(50.498109439927,78.8578879072235,79.5923945259425));
#8190=CARTESIAN_POINT('',(49.755326977348,78.7778336869328,79.6421466994501));
#8191=CARTESIAN_POINT('',(49.2970037503815,78.928391296898,79.6538427043186));
#8192=CARTESIAN_POINT('',(49.0898555165671,79.0297458549908,79.655959215238));
#8193=CARTESIAN_POINT('',(54.5334780424383,86.0339684702132,78.6328822975491));
#8194=CARTESIAN_POINT('',(54.3229804702835,85.4223720614785,78.7131336869616));
#8195=CARTESIAN_POINT('',(53.9257412049067,84.3274056038017,78.855257072666));
#8196=CARTESIAN_POINT('',(53.3283637830787,82.8867111286706,79.0402628801327));
#8197=CARTESIAN_POINT('',(52.764159934972,81.7109985865884,79.1917317089551));
#8198=CARTESIAN_POINT('',(52.2106399795622,80.7394617015717,79.3191350350669));
#8199=CARTESIAN_POINT('',(51.628727070022,79.936598981653,79.4294852623189));
#8200=CARTESIAN_POINT('',(51.0462898985206,79.3636843167316,79.5165773733953));
#8201=CARTESIAN_POINT('',(50.4380110263596,79.0110688822473,79.5838440237326));
#8202=CARTESIAN_POINT('',(49.776444921892,78.9291211005903,79.6289123115754));
#8203=CARTESIAN_POINT('',(49.3689677655603,79.0811029532733,79.6381409133188));
#8204=CARTESIAN_POINT('',(49.1851242757484,79.1831190060583,79.6392362414317));
#8205=CARTESIAN_POINT('',(54.2895215209889,86.1087136255489,78.6414224786083));
#8206=CARTESIAN_POINT('',(54.0907386601733,85.4962918508692,78.7209014068112));
#8207=CARTESIAN_POINT('',(53.7153867204776,84.3998397664628,78.8616137261226));
#8208=CARTESIAN_POINT('',(53.1503592842064,82.9571659119171,79.0446196205641));
#8209=CARTESIAN_POINT('',(52.6163364147952,81.7798138442152,79.1942819910039));
#8210=CARTESIAN_POINT('',(52.0921497831088,80.8068941704268,79.3199757206405));
#8211=CARTESIAN_POINT('',(51.5408449606347,80.0028504166342,79.4285820838792));
#8212=CARTESIAN_POINT('',(50.9888970480997,79.4290428541111,79.5139647227753));
#8213=CARTESIAN_POINT('',(50.4123862597603,79.0758229537151,79.5794637081143));
#8214=CARTESIAN_POINT('',(49.7854439561996,78.9936302619558,79.6226043787455));
#8215=CARTESIAN_POINT('',(49.3994117910325,79.1456659512114,79.6306328534689));
#8216=CARTESIAN_POINT('',(49.2252645355519,79.2477408000611,79.6311824186044));
#8217=CARTESIAN_POINT('',(54.045173286867,86.183564872579,78.6498677174954));
#8218=CARTESIAN_POINT('',(53.8581288046799,85.5703164347775,78.7285837992875));
#8219=CARTESIAN_POINT('',(53.5047072398424,84.4723761396778,78.8679013323282));
#8220=CARTESIAN_POINT('',(52.9720898292363,83.0277187022164,79.0489265069645));
#8221=CARTESIAN_POINT('',(52.4683005169046,81.8487232121922,79.1967965449089));
#8222=CARTESIAN_POINT('',(51.9734949697535,80.8744170866589,79.3207910670888));
#8223=CARTESIAN_POINT('',(51.4528418077503,80.0691907281628,79.4276607522231));
#8224=CARTESIAN_POINT('',(50.9314210625977,79.4944931237336,79.511337294398));
#8225=CARTESIAN_POINT('',(50.3867084262677,79.1406906188057,79.5750672484218));
#8226=CARTESIAN_POINT('',(49.7944585653041,79.0583060242602,79.616269756849));
#8227=CARTESIAN_POINT('',(49.4299377936479,79.210403229116,79.6230895990461));
#8228=CARTESIAN_POINT('',(49.2655130164364,79.3125368191547,79.6230895955025));
#8229=CARTESIAN_POINT('',(-6.93889390390723E-15,8.50000000000218,65.));
#8230=CARTESIAN_POINT('',(-6.93889390390723E-15,-8.5000000000022,65.));
#8231=CARTESIAN_POINT('',(35.3892099293282,-45.3194640367462,65.));
#8232=CARTESIAN_POINT('',(47.6985003395293,-61.0827558756145,65.));
#8233=CARTESIAN_POINT('',(-6.93889390390723E-15,0.,65.));
#8234=CARTESIAN_POINT('',(47.698500339529,61.0827558756147,65.));
#8235=CARTESIAN_POINT('',(35.389209929328,45.3194640367464,65.));
#8236=CARTESIAN_POINT('',(-6.93889390390723E-15,0.,65.));
#8237=CARTESIAN_POINT('',(52.8892099293279,-53.1764183924743,50.));
#8238=CARTESIAN_POINT('',(52.889209929328,44.0828750222191,50.));
#8239=CARTESIAN_POINT('',(52.8892099293279,-44.0828750222192,50.));
#8240=CARTESIAN_POINT('',(32.8892099293279,-44.0828750222192,50.));
#8241=CARTESIAN_POINT('',(44.8489226309017,-60.1130113939352,50.));
#8242=CARTESIAN_POINT('',(0.,0.,50.));
#8243=CARTESIAN_POINT('',(44.8489226309018,60.1130113939352,50.));
#8244=CARTESIAN_POINT('',(32.8892099293279,44.0828750222191,50.));
#8245=CARTESIAN_POINT('',(57.3892099293281,-8.50000000000219,50.));
#8246=CARTESIAN_POINT('',(55.3892099293281,8.50000000000218,50.));
#8247=CARTESIAN_POINT('',(35.389209929328,45.3194640367464,50.));
#8248=CARTESIAN_POINT('',(47.698500339529,61.0827558756147,50.));
#8249=CARTESIAN_POINT('',(-6.93889390390723E-15,0.,50.));
#8250=CARTESIAN_POINT('',(47.6985003395293,-61.0827558756145,50.));
#8251=CARTESIAN_POINT('',(35.3892099293282,-45.3194640367462,50.));
#8252=CARTESIAN_POINT('',(-6.93889390390723E-15,0.,50.));
#8253=CARTESIAN_POINT('',(47.6985003395293,-61.0827558756145,65.));
#8254=CARTESIAN_POINT('',(47.698500339529,61.0827558756147,65.));
#8255=CARTESIAN_POINT('',(-6.93889390390723E-15,0.,65.));
#8256=CARTESIAN_POINT('',(0.,0.,45.));
#8257=CARTESIAN_POINT('',(44.8489226309017,-60.1130113939352,45.));
#8258=CARTESIAN_POINT('',(44.8489226309018,60.1130113939352,45.));
#8259=CARTESIAN_POINT('',(32.8892099293279,-44.0828750222192,45.));
#8260=CARTESIAN_POINT('',(52.8892099293279,-44.0828750222192,45.));
#8261=CARTESIAN_POINT('',(52.8892099293279,-53.1764183924743,45.));
#8262=CARTESIAN_POINT('',(52.889209929328,44.0828750222191,45.));
#8263=CARTESIAN_POINT('',(32.8892099293279,44.0828750222191,45.));
#8264=CARTESIAN_POINT('',(0.,0.,45.));
#8265=CARTESIAN_POINT('',(52.889209929328,44.0828750222191,45.));
#8266=CARTESIAN_POINT('',(52.8892099293279,-44.0828750222192,79.6677378118752));
#8267=CARTESIAN_POINT('',(52.8892099293279,-53.1764183924743,45.));
#8268=CARTESIAN_POINT('',(44.8489226309017,-60.1130113939352,45.));
#8269=CARTESIAN_POINT('',(44.8489226309018,60.1130113939352,45.));
#8270=CARTESIAN_POINT('',(0.,0.,45.));
#8271=CARTESIAN_POINT('',(32.8892099293279,44.0828750222191,45.));
#8272=CARTESIAN_POINT('',(32.8892099293279,-44.0828750222192,45.));
#8273=CARTESIAN_POINT('',(-105.198863636364,32.1434144050966,0.));
#8274=CARTESIAN_POINT('',(-105.198863636364,32.1434144050966,-1.));
#8275=CARTESIAN_POINT('',(-110.,0.,-1.));
#8276=CARTESIAN_POINT('',(-105.198863636364,-32.1434144050966,-1.));
#8277=CARTESIAN_POINT('',(-105.198863636364,-32.1434144050966,0.));
#8278=CARTESIAN_POINT('',(-110.,0.,-1.));
#8279=CARTESIAN_POINT('',(0.,0.,-1.));
#8280=CARTESIAN_POINT('',(0.,0.,-1.));
#8281=CARTESIAN_POINT('',(-110.,0.,-1.));
#8282=CARTESIAN_POINT('',(0.,0.,-1.));
#8283=CARTESIAN_POINT('',(24.7624183789979,107.176595560894,-1.));
#8284=CARTESIAN_POINT('',(36.3686092152975,103.813892440968,-1.));
#8285=CARTESIAN_POINT('',(55.0000000000003,95.2627944162881,-1.));
#8286=CARTESIAN_POINT('',(80.4364452573663,75.0331811557974,-1.));
#8287=CARTESIAN_POINT('',(0.,0.,-1.));
#8288=CARTESIAN_POINT('',(71.7211635119758,83.4030857012403,-1.));
#8289=CARTESIAN_POINT('',(55.0000000000003,95.2627944162881,-1.));
#8290=CARTESIAN_POINT('',(55.0000000000003,95.2627944162881,-1.));
#8291=CARTESIAN_POINT('',(80.4364452573663,75.0331811557974,0.));
#8292=CARTESIAN_POINT('',(24.7624183789979,107.176595560894,0.));
#8293=CARTESIAN_POINT('',(55.0000000000003,95.2627944162881,-1.));
#8294=CARTESIAN_POINT('',(0.,0.,-1.));
#8295=CARTESIAN_POINT('',(80.436445257366,-75.0331811557978,-1.));
#8296=CARTESIAN_POINT('',(71.7211635119754,-83.4030857012406,-1.));
#8297=CARTESIAN_POINT('',(54.9999999999999,-95.2627944162883,-1.));
#8298=CARTESIAN_POINT('',(24.7624183789974,-107.176595560894,-1.));
#8299=CARTESIAN_POINT('',(0.,0.,-1.));
#8300=CARTESIAN_POINT('',(36.3686092152971,-103.813892440969,-1.));
#8301=CARTESIAN_POINT('',(54.9999999999999,-95.2627944162883,-1.));
#8302=CARTESIAN_POINT('',(54.9999999999999,-95.2627944162883,-1.));
#8303=CARTESIAN_POINT('',(24.7624183789974,-107.176595560894,0.));
#8304=CARTESIAN_POINT('',(80.436445257366,-75.0331811557978,0.));
#8305=CARTESIAN_POINT('',(54.9999999999999,-95.2627944162883,-1.));
#8306=CARTESIAN_POINT('',(55.0000000000003,95.2627944162881,2.8));
#8307=CARTESIAN_POINT('',(80.4364452573663,75.0331811557974,2.8));
#8308=CARTESIAN_POINT('',(24.7624183789979,107.176595560894,2.8));
#8309=CARTESIAN_POINT('',(80.4364452573663,75.0331811557974,0.));
#8310=CARTESIAN_POINT('',(24.7624183789979,107.176595560894,0.));
#8311=CARTESIAN_POINT('',(55.0000000000003,95.2627944162881,-1.));
#8312=CARTESIAN_POINT('',(0.,0.,2.8));
#8313=CARTESIAN_POINT('',(36.3686092152975,103.813892440968,2.8));
#8314=CARTESIAN_POINT('',(55.0000000000003,95.2627944162881,2.8));
#8315=CARTESIAN_POINT('',(71.7211635119758,83.4030857012403,2.8));
#8316=CARTESIAN_POINT('',(0.,0.,2.8));
#8317=CARTESIAN_POINT('',(55.0000000000003,95.2627944162881,2.8));
#8318=CARTESIAN_POINT('',(54.9999999999999,-95.2627944162883,2.8));
#8319=CARTESIAN_POINT('',(80.436445257366,-75.0331811557978,2.8));
#8320=CARTESIAN_POINT('',(24.7624183789974,-107.176595560894,2.8));
#8321=CARTESIAN_POINT('',(24.7624183789974,-107.176595560894,0.));
#8322=CARTESIAN_POINT('',(80.436445257366,-75.0331811557978,0.));
#8323=CARTESIAN_POINT('',(54.9999999999999,-95.2627944162883,-1.));
#8324=CARTESIAN_POINT('',(0.,0.,2.8));
#8325=CARTESIAN_POINT('',(71.7211635119754,-83.4030857012406,2.8));
#8326=CARTESIAN_POINT('',(54.9999999999999,-95.2627944162883,2.8));
#8327=CARTESIAN_POINT('',(36.3686092152971,-103.813892440969,2.8));
#8328=CARTESIAN_POINT('',(0.,0.,2.8));
#8329=CARTESIAN_POINT('',(54.9999999999999,-95.2627944162883,2.8));
#8330=CARTESIAN_POINT('',(36.368609215297,-103.813892440969,0.));
#8331=CARTESIAN_POINT('',(71.7211635119754,-83.4030857012407,0.));
#8332=CARTESIAN_POINT('',(54.9999999999999,-95.2627944162883,-1.));
#8333=CARTESIAN_POINT('',(71.7211635119758,83.4030857012403,0.));
#8334=CARTESIAN_POINT('',(36.3686092152975,103.813892440968,0.));
#8335=CARTESIAN_POINT('',(55.0000000000003,95.2627944162881,-1.));
#8336=CARTESIAN_POINT('',(64.,-13.5000000000022,60.));
#8337=CARTESIAN_POINT('',(55.3892099293281,-13.5000000000022,55.));
#8338=CARTESIAN_POINT('',(64.,-13.5000000000022,64.9999999999999));
#8339=CARTESIAN_POINT('',(64.,13.5000000000022,60.));
#8340=CARTESIAN_POINT('',(57.3892099293281,13.5000000000022,55.));
#8341=CARTESIAN_POINT('',(64.,13.5000000000022,50.));
#8342=CARTESIAN_POINT('',(0.,0.,10.));
#8343=CARTESIAN_POINT('',(0.,0.,10.));
#8344=CARTESIAN_POINT('',(0.,0.,10.));
#8345=CARTESIAN_POINT('',(136.289352139141,0.,77.9436494750739));
#8346=CARTESIAN_POINT('',(72.4231341299264,-3.,67.0306374173526));
#8347=CARTESIAN_POINT('',(72.4231341299264,-3.,67.0306374173526));
#8348=CARTESIAN_POINT('',(72.4231341299264,2.99999999999999,67.0306374173526));
#8349=CARTESIAN_POINT('',(77.502638800287,-3.,78.9972005122343));
#8350=CARTESIAN_POINT('',(77.502638800287,3.,78.9972005122343));
#8351=CARTESIAN_POINT('',(77.502638800287,-3.,78.9972005122343));
#8352=CARTESIAN_POINT('',(69.2013671428429,2.99999999999998,68.3981963670651));
#8353=CARTESIAN_POINT('',(71.0423768497478,2.99999999999998,67.6167341100865));
#8354=CARTESIAN_POINT('',(72.9001145330248,2.99999999999998,80.9508561546807));
#8355=CARTESIAN_POINT('',(67.8206098626642,2.99999999999998,68.984293059799));
#8356=CARTESIAN_POINT('',(69.2013671428429,2.99999999999998,68.3981963670651));
#8357=CARTESIAN_POINT('',(69.2013671428429,2.99999999999998,68.3981963670651));
#8358=CARTESIAN_POINT('',(68.3026855473176,2.99999999999999,66.2810352041244));
#8359=CARTESIAN_POINT('',(68.3026855473176,2.99999999999998,66.2810352041244));
#8360=CARTESIAN_POINT('',(68.3026855473176,2.99999999999998,66.2810352041244));
#8361=CARTESIAN_POINT('',(65.3892822884754,2.99999999999998,63.2564442420537));
#8362=CARTESIAN_POINT('',(68.3026855473176,2.99999999999998,66.2810352041244));
#8363=CARTESIAN_POINT('',(70.1436952542224,2.99999999999998,65.4995729471459));
#8364=CARTESIAN_POINT('',(70.1436952542224,2.99999999999998,65.4995729471459));
#8365=CARTESIAN_POINT('',(74.2808718132034,2.99999999999998,80.3647594619468));
#8366=CARTESIAN_POINT('',(67.8206098626642,3.,68.984293059799));
#8367=CARTESIAN_POINT('',(67.8206098626642,-3.,68.984293059799));
#8368=CARTESIAN_POINT('',(72.9001145330248,-3.,80.9508561546807));
#8369=CARTESIAN_POINT('',(72.9001145330248,3.,80.9508561546807));
#8370=CARTESIAN_POINT('',(67.8206098626642,-3.,68.984293059799));
#8371=CARTESIAN_POINT('',(69.2013671428429,-3.,68.3981963670651));
#8372=CARTESIAN_POINT('',(67.8206098626642,-3.,68.984293059799));
#8373=CARTESIAN_POINT('',(71.0423768497478,-3.,67.6167341100865));
#8374=CARTESIAN_POINT('',(70.1436952542224,-3.,65.4995729471459));
#8375=CARTESIAN_POINT('',(70.1436952542224,-3.,65.4995729471459));
#8376=CARTESIAN_POINT('',(66.9219282671389,-3.,66.8671318968584));
#8377=CARTESIAN_POINT('',(69.9918065557376,-3.,61.3027885996073));
#8378=CARTESIAN_POINT('',(66.9219282671389,-3.,66.8671318968584));
#8379=CARTESIAN_POINT('',(68.3026855473175,-3.,66.2810352041244));
#8380=CARTESIAN_POINT('',(68.3026855473175,-3.,66.2810352041244));
#8381=CARTESIAN_POINT('',(72.9001145330248,-3.,80.9508561546807));
#8382=CARTESIAN_POINT('',(63.5482725815705,-5.,64.0379064990323));
#8383=CARTESIAN_POINT('',(63.5482725815705,-5.,64.0379064990323));
#8384=CARTESIAN_POINT('',(71.8328162626425,-5.,60.5213263426288));
#8385=CARTESIAN_POINT('',(75.2409716580545,-5.,68.5504372940051));
#8386=CARTESIAN_POINT('',(66.9564279769825,-5.,72.0670174504086));
#8387=CARTESIAN_POINT('',(66.9564279769825,-5.,72.0670174504086));
#8388=CARTESIAN_POINT('',(71.8328162626425,-5.,60.5213263426288));
#8389=CARTESIAN_POINT('',(71.8328162626425,5.00000000000001,60.5213263426288));
#8390=CARTESIAN_POINT('',(75.2409716580545,5.00000000000001,68.5504372940051));
#8391=CARTESIAN_POINT('',(75.2409716580545,-5.,68.5504372940051));
#8392=CARTESIAN_POINT('',(71.8328162626425,4.99999999999999,60.5213263426288));
#8393=CARTESIAN_POINT('',(63.5482725815705,4.99999999999999,64.0379064990323));
#8394=CARTESIAN_POINT('',(66.9564279769825,4.99999999999999,72.0670174504086));
#8395=CARTESIAN_POINT('',(75.2409716580545,4.99999999999999,68.5504372940051));
#8396=CARTESIAN_POINT('',(63.5482725815705,5.00000000000001,64.0379064990323));
#8397=CARTESIAN_POINT('',(66.9564279769825,5.00000000000001,72.0670174504086));
#8398=CARTESIAN_POINT('',(32.7344739898458,0.,77.1175879929744));
#8399=CARTESIAN_POINT('',(70.1436952542224,2.99999999999999,65.4995729471459));
#8400=CARTESIAN_POINT('',(34.2671199685093,0.,80.728275647779));
#8401=CARTESIAN_POINT('',(71.0423768497477,2.99999999999999,67.6167341100865));
#8402=CARTESIAN_POINT('',(35.1658015640346,0.,82.8454368107196));
#8403=CARTESIAN_POINT('',(70.1436952542224,2.99999999999999,65.4995729471459));
#8404=CARTESIAN_POINT('',(68.3026855473176,-3.,66.2810352041244));
#8405=CARTESIAN_POINT('',(34.2671199685093,0.,80.728275647779));
#8406=CARTESIAN_POINT('',(69.2013671428429,-3.,68.398196367065));
#8407=CARTESIAN_POINT('',(35.1658015640346,0.,82.8454368107196));
#8408=CARTESIAN_POINT('',(68.3026855473176,-3.,66.2810352041244));
#8409=CARTESIAN_POINT('',(35.3892099293282,-45.3194640367462,65.));
#8410=CARTESIAN_POINT('',(35.389209929328,45.3194640367464,65.));
#8411=CARTESIAN_POINT('',(64.,8.50000000000218,60.));
#8412=CARTESIAN_POINT('',(-6.93889390390723E-15,-8.5000000000022,60.));
#8413=CARTESIAN_POINT('',(64.,-8.50000000000219,55.));
#8414=CARTESIAN_POINT('',(-6.93889390390723E-15,8.50000000000218,55.));
#8415=MECHANICAL_DESIGN_GEOMETRIC_PRESENTATION_REPRESENTATION('',(#32),
#8416);
#8416=(
GEOMETRIC_REPRESENTATION_CONTEXT(3)
GLOBAL_UNCERTAINTY_ASSIGNED_CONTEXT((#8417))
GLOBAL_UNIT_ASSIGNED_CONTEXT((#8423,#8419,#8418))
REPRESENTATION_CONTEXT('Ecolux_Hoofstation_V2',
'TOP_LEVEL_ASSEMBLY_PART')
);
#8417=UNCERTAINTY_MEASURE_WITH_UNIT(LENGTH_MEASURE(0.0508),#8423,
'DISTANCE_ACCURACY_VALUE','Maximum Tolerance applied to model');
#8418=(
NAMED_UNIT(*)
SI_UNIT($,.STERADIAN.)
SOLID_ANGLE_UNIT()
);
#8419=(
CONVERSION_BASED_UNIT('DEGREE',#8421)
NAMED_UNIT(#8420)
PLANE_ANGLE_UNIT()
);
#8420=DIMENSIONAL_EXPONENTS(0.,0.,0.,0.,0.,0.,0.);
#8421=PLANE_ANGLE_MEASURE_WITH_UNIT(PLANE_ANGLE_MEASURE(0.0174532925),#8422);
#8422=(
NAMED_UNIT(*)
PLANE_ANGLE_UNIT()
SI_UNIT($,.RADIAN.)
);
#8423=(
LENGTH_UNIT()
NAMED_UNIT(*)
SI_UNIT(.MILLI.,.METRE.)
);
ENDSEC;
END-ISO-10303-21;
